{"type":"FeatureCollection","features":[{"type":"Feature","properties":{"diocese_id":"diocese-of-alabama","name":"Episcopal Diocese of Alabama","state":"AL","province":"4","counties":["Autauga County, AL","Bibb County, AL","Blount County, AL","Bullock County, AL","Calhoun County, AL","Chambers County, AL","Cherokee County, AL","Chilton County, AL","Choctaw County, AL","Clay County, AL","Cleburne County, AL","Colbert County, AL","Coosa County, AL","Cullman County, AL","Dallas County, AL","DeKalb County, AL","Elmore County, AL","Etowah County, AL","Fayette County, AL","Franklin County, AL","Greene County, AL","Hale County, AL","Jackson County, AL","Jefferson County, AL","Lamar County, AL","Lauderdale County, AL","Lawrence County, AL","Lee County, AL","Limestone County, AL","Lowndes County, AL","Macon County, AL","Madison County, AL","Marengo County, AL","Marion County, AL","Marshall County, AL","Montgomery County, AL","Morgan County, AL","Perry County, AL","Pickens County, AL","Randolph County, AL","Russell County, AL","Shelby County, AL","St. Clair County, AL","Sumter County, AL","Talladega County, AL","Tallapoosa County, AL","Tuscaloosa County, AL","Walker County, AL","Wilcox County, AL","Winston County, AL"],"source":"Census 2024 county shapes, dissolved, simplified to ~0.08 degree for size","as_of":"2026-10-08","boundary_verified":false},"geometry":{"type":"Polygon","coordinates":[[[-88.09789,34.8922],[-88.46443,31.69795],[-88.08829,31.6993],[-88.18082,31.81834],[-88.07349,31.99018],[-87.66777,31.99135],[-87.62011,31.82712],[-86.9069,31.83063],[-86.90894,31.96167],[-86.40501,31.96377],[-86.40628,32.05073],[-86.00342,31.96729],[-85.91175,32.05475],[-85.65767,31.88028],[-85.41024,32.14665],[-85.05603,32.06305],[-84.88908,32.26091],[-85.1844,32.86132],[-85.60516,34.98468],[-88.20296,35.00803],[-88.09789,34.8922]]]}},{"type":"Feature","properties":{"diocese_id":"diocese-of-alaska","name":"Episcopal Diocese of Alaska","state":"AK","province":"8","counties":["Aleutians East Borough, AK","Aleutians West Census Area, AK","Anchorage Municipality, AK","Bethel Census Area, AK","Bristol Bay Borough, AK","Chugach Census Area, AK","Copper River Census Area, AK","Denali Borough, AK","Dillingham Census Area, AK","Fairbanks North Star Borough, AK","Haines Borough, AK","Hoonah-Angoon Census Area, AK","Juneau City and Borough, AK","Kenai Peninsula Borough, AK","Ketchikan Gateway Borough, AK","Kodiak Island Borough, AK","Kusilvak Census Area, AK","Lake and Peninsula Borough, AK","Matanuska-Susitna Borough, AK","Nome Census Area, AK","North Slope Borough, AK","Northwest Arctic Borough, AK","Petersburg Borough, AK","Prince of Wales-Hyder Census Area, AK","Sitka City and Borough, AK","Skagway Municipality, AK","Southeast Fairbanks Census Area, AK","Wrangell City and Borough, AK","Yakutat City and Borough, AK","Yukon-Koyukuk Census Area, AK"],"source":"Census 2024 county shapes, dissolved, simplified to ~0.08 degree for size","as_of":"2026-10-08"},"geometry":{"type":"MultiPolygon","coordinates":[[[[-179.0575,51.25267],[-179.14671,51.27708],[-179.12912,51.21566],[-179.0575,51.25267]]],[[[-178.90852,51.34218],[-178.99158,51.38064],[-178.9887,51.31102],[-178.90852,51.34218]]],[[[-178.28827,51.472],[-178.28185,51.48376],[-178.31049,51.4808],[-178.28827,51.472]]],[[[-178.74129,51.5562],[-178.86155,51.57585],[-178.73368,51.54319],[-178.74129,51.5562]]],[[[-179.05895,51.57249],[-179.041,51.58511],[-179.05883,51.58659],[-179.05895,51.57249]]],[[[-178.61365,51.61306],[-178.68733,51.60051],[-178.56588,51.60184],[-178.61365,51.61306]]],[[[-178.17038,51.91322],[-177.95219,51.76063],[-178.12047,51.6767],[-177.93484,51.5966],[-177.61451,51.85303],[-178.17038,51.91322]]],[[[-178.80998,51.83754],[-178.81319,51.74639],[-178.73368,51.78192],[-178.80998,51.83754]]],[[[-176.9821,51.65882],[-176.83225,51.72078],[-176.72362,51.62453],[-176.26669,51.818],[-176.65185,51.85075],[-176.56474,51.99806],[-176.77116,51.96513],[-176.9821,51.65882]]],[[[-177.04758,51.90028],[-177.67185,51.65879],[-177.14646,51.70583],[-177.04758,51.90028]]],[[[-176.17482,51.88165],[-176.15819,51.7689],[-175.99609,51.80397],[-176.17482,51.88165]]],[[[-176.08153,51.89404],[-175.96353,51.8462],[-175.95057,51.88473],[-175.99751,51.91267],[-176.08153,51.89404]]],[[[-177.45253,51.88973],[-177.44206,51.92113],[-177.46946,51.90046],[-177.45253,51.88973]]],[[[-176.11136,51.92919],[-176.09389,51.9415],[-176.11374,51.93594],[-176.11136,51.92919]]],[[[-175.79489,51.95835],[-175.87642,51.94282],[-175.76162,51.9171],[-175.79489,51.95835]]],[[[-176.02592,51.93344],[-176.05028,51.94773],[-176.05444,51.9303],[-176.02592,51.93344]]],[[[-176.15284,51.94561],[-176.16437,51.95681],[-176.16864,51.94803],[-176.15284,51.94561]]],[[[-175.69091,51.96802],[-175.74534,51.94678],[-175.72276,51.93176],[-175.70386,51.95352],[-175.5975,51.95381],[-175.57836,51.96384],[-175.69091,51.96802]]],[[[-176.00286,51.94517],[-176.00583,51.96406],[-176.01962,51.95945],[-176.00286,51.94517]]],[[[-176.08783,51.95176],[-176.11814,51.95718],[-176.13572,51.95769],[-176.08783,51.95176]]],[[[-175.81866,51.99422],[-175.96115,51.98339],[-175.80701,51.98756],[-175.81866,51.99422]]],[[[-175.43207,51.97768],[-175.45168,51.99027],[-175.49827,51.97512],[-175.43207,51.97768]]],[[[-174.47636,52.01566],[-174.49383,52.03109],[-174.49585,52.01185],[-174.47636,52.01566]]],[[[-176.1917,52.08114],[-176.07927,51.96912],[-175.97208,52.03803],[-176.05598,52.10947],[-176.1917,52.08114]]],[[[-172.96567,52.06916],[-172.96092,52.0734],[-172.96567,52.07165],[-172.96567,52.06916]]],[[[-172.9526,52.09618],[-174.05424,52.1283],[-173.93113,52.05324],[-173.49546,52.02136],[-173.47763,52.04534],[-173.39397,52.02867],[-173.33384,52.05484],[-173.16128,52.05879],[-172.9526,52.09618]]],[[[-175.51372,52.16089],[-175.51063,52.18516],[-175.52964,52.17853],[-175.51372,52.16089]]],[[[-174.63561,52.16753],[-174.62563,52.18035],[-174.6551,52.1684],[-174.63561,52.16753]]],[[[-175.29707,52.02165],[-174.71345,52.00885],[-174.09952,52.0991],[-174.20707,52.21823],[-173.989,52.31888],[-174.28242,52.40387],[-174.45985,52.31823],[-174.23643,52.27462],[-174.28301,52.20724],[-175.29707,52.02165]]],[[[-175.14151,52.22668],[-175.12404,52.21845],[-175.12547,52.22384],[-175.14151,52.22668]]],[[[-172.61105,52.30522],[-172.53511,52.24691],[-172.29494,52.32789],[-172.43553,52.39147],[-172.61105,52.30522]]],[[[-171.25069,52.5302],[-171.30584,52.45003],[-171.19555,52.49433],[-171.25069,52.5302]]],[[[-171.11712,52.55752],[-171.15158,52.58454],[-171.17677,52.55868],[-171.11712,52.55752]]],[[[-170.6698,52.69977],[-170.78959,52.54336],[-170.56,52.66793],[-170.6698,52.69977]]],[[[-170.16949,52.78567],[-170.08559,52.71921],[-170.05207,52.76914],[-170.16949,52.78567]]],[[[-169.15305,52.80127],[-169.25347,52.76784],[-169.26048,52.76144],[-169.15305,52.80127]]],[[[-169.96437,52.85914],[-169.71932,52.7718],[-169.66846,52.86387],[-169.77898,52.89242],[-169.96437,52.85914]]],[[[-169.99598,52.91292],[-170.09771,52.87334],[-170.0005,52.87592],[-169.99598,52.91292]]],[[[-168.44441,52.9789],[-168.46996,52.99207],[-168.48648,52.98041],[-168.44441,52.9789]]],[[[-169.6946,53.03522],[-169.72372,52.94608],[-169.66121,53.00105],[-169.6946,53.03522]]],[[[-168.40281,52.99922],[-168.40091,52.99393],[-168.39758,52.99579],[-168.40281,52.99922]]],[[[-168.44964,53.04433],[-168.43989,53.04933],[-168.45071,53.04947],[-168.44964,53.04433]]],[[[-169.75343,53.07743],[-169.79871,53.05594],[-169.7438,53.04915],[-169.75343,53.07743]]],[[[-168.61435,53.27313],[-169.11062,52.82946],[-169.11526,52.82041],[-169.05156,52.83118],[-168.81852,52.92399],[-168.75743,52.90665],[-168.45891,53.0544],[-167.7852,53.51047],[-168.34446,53.47944],[-168.43621,53.33211],[-168.34613,53.26066],[-168.61435,53.27313]]],[[[-167.83024,53.31607],[-167.65745,53.22645],[-166.74916,53.44094],[-166.79955,53.55758],[-166.66371,53.48375],[-166.66383,53.59283],[-166.5766,53.53015],[-166.54475,53.65028],[-166.27499,53.68653],[-166.34106,53.7867],[-166.54903,53.68281],[-166.60596,53.73872],[-166.20475,53.932],[-166.376,54.00945],[-166.60786,53.82698],[-166.62568,54.00616],[-167.00954,53.96004],[-167.15203,53.82916],[-166.69081,53.71538],[-166.83246,53.70799],[-166.79159,53.62561],[-167.03532,53.70828],[-166.99634,53.62237],[-167.16379,53.61617],[-167.06991,53.50711],[-167.83024,53.31607]]],[[[-166.82036,53.66672],[-166.82402,53.66956],[-166.82527,53.6669],[-166.82036,53.66672]]],[[[-166.84661,53.69167],[-166.83853,53.69709],[-166.84875,53.69639],[-166.84661,53.69167]]],[[[-166.08472,53.84175],[-166.29091,53.73834],[-166.20749,53.70754],[-166.08472,53.84175]]],[[[-166.04848,53.85682],[-166.0423,53.86789],[-166.05953,53.86187],[-166.04848,53.85682]]],[[[-166.57066,53.89665],[-166.5772,53.90519],[-166.57327,53.89721],[-166.57066,53.89665]]],[[[-168.03435,53.93635],[-168.03815,53.92837],[-168.02627,53.92683],[-168.03435,53.93635]]],[[[-166.16328,53.99939],[-166.19346,53.95969],[-166.07482,53.97099],[-166.16328,53.99939]]],[[[-165.48066,54.04421],[-165.56147,54.04295],[-165.57502,54.04156],[-165.48066,54.04421]]],[[[-165.2696,54.09372],[-165.48137,54.07393],[-165.23324,54.0636],[-165.2696,54.09372]]],[[[-164.93162,54.13636],[-165.15647,54.06751],[-164.91807,54.11198],[-164.93162,54.13636]]],[[[-166.09126,54.15264],[-166.04848,54.04449],[-165.65702,54.11992],[-165.93606,54.22677],[-166.09126,54.15264]]],[[[-164.90952,54.14791],[-164.91689,54.13914],[-164.90286,54.13803],[-164.90952,54.14791]]],[[[-165.66201,54.27204],[-165.60758,54.11407],[-165.38369,54.19549],[-165.54317,54.21718],[-165.47638,54.29451],[-165.66201,54.27204]]],[[[-169.74099,56.61045],[-169.57628,56.53176],[-169.46552,56.59534],[-169.50343,56.60712],[-169.74099,56.61045]]],[[[-170.38843,57.20717],[-170.28944,57.10753],[-170.09775,57.2486],[-170.38843,57.20717]]],[[[-165.85937,59.8626],[-165.85611,59.86626],[-165.86145,59.86536],[-165.85937,59.8626]]],[[[-167.42634,60.20197],[-167.33329,60.06663],[-166.19041,59.75021],[-165.54736,59.97634],[-165.7097,60.06126],[-165.67631,60.29202],[-166.0926,60.3211],[-166.14715,60.44168],[-166.85127,60.20327],[-167.42634,60.20197]]],[[[-173.04883,60.52493],[-172.59842,60.3168],[-172.21813,60.31292],[-172.77644,60.45188],[-172.91287,60.60506],[-173.04883,60.52493]]],[[[-173.06285,60.69186],[-173.12132,60.66136],[-173.04431,60.62559],[-173.06285,60.69186]]],[[[-164.88857,60.8398],[-165.00503,60.87626],[-165.02785,60.83528],[-164.88857,60.8398]]],[[[-166.11416,61.73618],[-166.12795,61.77195],[-166.14506,61.76306],[-166.11416,61.73618]]],[[[-164.97028,62.55094],[-164.88223,62.56617],[-164.98151,62.5606],[-164.97028,62.55094]]],[[[-165.04717,62.59732],[-165.07509,62.58225],[-165.02269,62.58576],[-165.04717,62.59732]]],[[[-164.95524,62.60387],[-165.01382,62.58963],[-164.95008,62.59625],[-164.95524,62.60387]]],[[[-164.84412,62.65717],[-164.93099,62.61429],[-164.81631,62.60352],[-164.84412,62.65717]]],[[[-164.90102,62.71003],[-164.9025,62.7051],[-164.89815,62.70587],[-164.90102,62.71003]]],[[[-171.84003,63.50413],[-171.54768,63.31817],[-171.07327,63.42407],[-170.57129,63.36137],[-169.64316,62.93766],[-169.37886,63.14927],[-168.86024,63.1469],[-168.68768,63.29511],[-170.00704,63.47623],[-170.28941,63.68751],[-170.94802,63.5716],[-171.61281,63.68193],[-171.67437,63.787],[-171.84003,63.50413]]],[[[-166.21213,64.47322],[-166.2037,64.49596],[-166.22853,64.49206],[-166.21213,64.47322]]],[[[-168.04861,64.96038],[-168.07475,64.9806],[-168.0971,64.96572],[-168.04861,64.96038]]],[[[-168.90735,65.73939],[-168.90592,65.76964],[-168.95346,65.75813],[-168.90735,65.73939]]],[[[-164.83964,54.17866],[-164.83477,54.18979],[-164.852,54.18388],[-164.83964,54.17866]]],[[[-164.79852,54.22982],[-164.88313,54.19619],[-164.7637,54.22315],[-164.79852,54.22982]]],[[[-162.51818,54.37057],[-162.45572,54.36542],[-162.49064,54.37557],[-162.51818,54.37057]]],[[[-162.36361,54.38305],[-162.48235,54.4086],[-162.43271,54.37187],[-162.36361,54.38305]]],[[[-162.7997,54.49178],[-162.77476,54.37307],[-162.5171,54.40762],[-162.7997,54.49178]]],[[[-162.37622,54.62196],[-162.36496,54.64936],[-162.37885,54.64481],[-162.37622,54.62196]]],[[[-164.92568,54.59931],[-164.84344,54.42007],[-164.64747,54.38963],[-163.37518,54.74905],[-163.0448,54.67195],[-163.37054,54.78552],[-163.54155,55.02581],[-163.4523,55.03719],[-163.77329,55.0519],[-164.49488,54.91558],[-164.92568,54.59931]]],[[[-159.51094,54.78944],[-159.59603,54.75736],[-159.51403,54.76463],[-159.51094,54.78944]]],[[[-162.72409,54.79971],[-162.72563,54.803],[-162.72777,54.80306],[-162.72409,54.79971]]],[[[-159.73935,54.84217],[-159.82396,54.81356],[-159.69372,54.83437],[-159.73935,54.84217]]],[[[-162.175,54.83806],[-162.17539,54.84231],[-162.17966,54.84164],[-162.175,54.83806]]],[[[-162.88588,54.89381],[-162.88422,54.9057],[-162.89539,54.90201],[-162.88588,54.89381]]],[[[-162.39792,54.9349],[-162.341,54.83475],[-162.23264,54.88853],[-162.26185,54.97686],[-162.39792,54.9349]]],[[[-160.04631,54.9326],[-160.05095,54.95206],[-160.05749,54.95144],[-160.04631,54.9326]]],[[[-162.42751,54.94486],[-162.42121,54.95462],[-162.43583,54.95414],[-162.42751,54.94486]]],[[[-160.18607,54.97601],[-160.19154,54.98439],[-160.20318,54.97785],[-160.18607,54.97601]]],[[[-161.87954,54.98075],[-161.90153,55.02451],[-161.91377,55.02662],[-161.87954,54.98075]]],[[[-159.81125,55.02638],[-159.85879,55.04027],[-159.81196,55.01425],[-159.81125,55.02638]]],[[[-161.94168,55.03699],[-161.95189,55.07375],[-161.96665,55.07829],[-161.94168,55.03699]]],[[[-159.76799,55.08519],[-159.82765,55.06655],[-159.75278,55.06614],[-159.76799,55.08519]]],[[[-160.08078,55.03727],[-160.19665,54.87494],[-159.82682,55.12795],[-159.86461,55.28507],[-160.06046,55.20031],[-159.96954,55.12088],[-160.18773,55.11837],[-160.08078,55.03727]]],[[[-161.55261,55.08772],[-161.61156,55.07085],[-161.54572,55.06663],[-161.55261,55.08772]]],[[[-161.88251,55.08543],[-161.90361,55.11695],[-161.92506,55.11059],[-161.88251,55.08543]]],[[[-159.72759,55.12747],[-159.75397,55.08968],[-159.70833,55.12367],[-159.72759,55.12747]]],[[[-161.82,55.18208],[-161.89023,55.12593],[-161.82345,55.09908],[-161.7626,55.14848],[-161.75654,55.05608],[-161.63332,55.10655],[-161.82,55.18208]]],[[[-159.51771,55.25244],[-159.59401,55.09185],[-159.64463,55.08124],[-159.65391,55.05988],[-159.6356,55.03591],[-159.4842,55.05647],[-159.54338,55.12652],[-159.49442,55.13726],[-159.51771,55.25244]]],[[[-159.66698,55.17664],[-159.65224,55.18369],[-159.66531,55.19075],[-159.66698,55.17664]]],[[[-161.34415,55.1585],[-161.39935,55.22418],[-161.44422,55.19698],[-161.34415,55.1585]]],[[[-161.53538,55.25916],[-161.62903,55.19423],[-161.52785,55.25083],[-161.53538,55.25916]]],[[[-162.92069,55.23239],[-162.91439,55.23822],[-162.92508,55.2332],[-162.92069,55.23239]]],[[[-160.83827,55.32917],[-160.81783,55.12428],[-160.45703,55.18817],[-160.56803,55.23292],[-160.53333,55.38416],[-160.66643,55.30199],[-160.72965,55.40724],[-160.83827,55.32917]]],[[[-160.52115,55.27867],[-160.52047,55.28221],[-160.52188,55.28152],[-160.52115,55.27867]]],[[[-162.98415,55.25478],[-162.89834,55.32002],[-162.91546,55.31732],[-162.98415,55.25478]]],[[[-162.83952,55.28474],[-162.84094,55.29246],[-162.84831,55.29225],[-162.83952,55.28474]]],[[[-160.49649,55.33296],[-160.33772,55.24268],[-160.30777,55.3032],[-160.33272,55.35945],[-160.49649,55.33296]]],[[[-160.06227,55.34303],[-160.10416,55.31353],[-160.02896,55.31353],[-160.06227,55.34303]]],[[[-160.62032,55.33931],[-160.62103,55.34377],[-160.62341,55.3408],[-160.62032,55.33931]]],[[[-161.2485,55.35318],[-161.25397,55.35136],[-161.25361,55.34879],[-161.2485,55.35318]]],[[[-160.31796,55.35762],[-160.32185,55.36056],[-160.32179,55.35863],[-160.31796,55.35762]]],[[[-162.87671,55.34395],[-162.7372,55.40283],[-162.83726,55.3653],[-162.87671,55.34395]]],[[[-163.12229,55.43042],[-163.1606,55.40283],[-163.11734,55.40252],[-163.12229,55.43042]]],[[[-160.13703,55.45071],[-160.34802,55.41879],[-160.1425,55.38349],[-160.13703,55.45071]]],[[[-160.0423,55.50577],[-160.06179,55.51263],[-160.06512,55.50092],[-160.0423,55.50577]]],[[[-161.64471,55.50975],[-161.6623,55.51621],[-161.66278,55.50867],[-161.64471,55.50975]]],[[[-160.36041,55.54298],[-160.40331,55.55018],[-160.40676,55.54661],[-160.36041,55.54298]]],[[[-163.00197,55.2476],[-163.42243,55.06605],[-163.29979,55.10998],[-163.21874,54.93367],[-163.33956,54.95269],[-163.3572,54.81082],[-163.02659,54.94756],[-163.18464,55.09771],[-162.88112,54.93374],[-162.55348,54.95715],[-162.72449,55.21724],[-162.63976,55.30466],[-162.34801,55.10665],[-162.52099,55.11542],[-162.41302,55.03159],[-162.22049,55.02655],[-162.1707,55.15502],[-161.96404,55.10413],[-162.03926,55.22705],[-161.87831,55.22374],[-161.58759,55.61985],[-161.35878,55.61063],[-161.50389,55.36088],[-161.24208,55.35616],[-160.9079,55.52475],[-160.66963,55.46086],[-160.77112,55.54325],[-160.59524,55.60872],[-160.50337,55.47636],[-160.35542,55.60788],[-160.42161,55.66107],[-160.13438,55.66217],[-159.821,55.8562],[-159.60625,55.81048],[-159.70762,55.65886],[-159.62942,55.60869],[-159.67874,55.61915],[-159.7472,55.60197],[-159.59579,55.56483],[-159.53198,55.88674],[-159.45409,55.89624],[-159.41967,55.78677],[-159.35502,55.8768],[-158.91306,55.91538],[-158.84366,56.01535],[-158.66789,55.95073],[-158.7241,56.15579],[-158.6219,56.20196],[-158.45517,56.19013],[-158.59837,56.04882],[-158.4314,55.99276],[-158.49177,56.11328],[-158.11451,56.23932],[-158.39913,56.20378],[-158.19579,56.28599],[-158.49539,56.33431],[-158.40531,56.45369],[-157.86304,56.47286],[-157.83999,56.56661],[-158.13376,56.54028],[-157.7637,56.67925],[-157.46683,56.62281],[-157.56178,56.70601],[-157.40159,56.76285],[-157.43693,56.85852],[-157.20075,56.76435],[-156.92361,56.96249],[-156.80642,56.90495],[-156.77447,57.03369],[-156.558,56.97703],[-156.61089,57.04901],[-156.31783,57.18727],[-156.40375,57.22306],[-156.32852,57.31764],[-156.53423,57.28252],[-156.53354,57.32853],[-156.19574,57.48006],[-156.02334,57.43387],[-156.03321,57.56827],[-155.73147,57.5443],[-155.77768,57.63851],[-155.58808,57.66428],[-155.59761,57.78514],[-155.30139,57.72478],[-155.33888,57.82549],[-155.08405,57.87373],[-155.02895,57.99998],[-154.56843,58.02376],[-154.61431,58.11798],[-154.46275,58.08026],[-154.48447,58.19224],[-154.31808,58.08315],[-154.10571,58.27708],[-154.3527,58.28541],[-153.25105,58.8512],[-153.71012,59.08543],[-154.16088,59.02074],[-154.2657,59.14036],[-153.94459,59.36147],[-154.09635,59.34408],[-154.1408,59.37098],[-153.72755,59.43535],[-153.7674,59.53906],[-153.55575,59.5966],[-153.70406,59.63652],[-153.47732,59.64384],[-153.45319,59.7729],[-153.33649,59.72141],[-153.42633,59.64228],[-153.22015,59.63544],[-152.99138,59.81051],[-153.19733,59.85787],[-152.6988,59.92041],[-152.57301,60.07846],[-152.88502,60.24232],[-152.408,60.29212],[-152.23645,60.39457],[-152.30912,60.5072],[-151.96299,60.71955],[-151.71044,60.71266],[-151.80025,60.85478],[-151.49352,61.01107],[-150.65594,61.29363],[-149.98587,61.23752],[-149.75739,61.44681],[-149.4011,61.51745],[-149.28273,61.47467],[-150.07458,61.15628],[-149.18743,60.94362],[-149.0049,60.83168],[-149.76714,60.9682],[-150.00826,60.8619],[-150.37717,61.03914],[-151.40927,60.72056],[-151.26392,60.54684],[-151.29625,60.39233],[-151.87143,59.77033],[-151.41509,59.59925],[-151.49138,59.63495],[-150.92731,59.79343],[-151.43363,59.46101],[-151.88783,59.42479],[-151.76032,59.32406],[-151.92016,59.3605],[-151.97707,59.25562],[-151.59228,59.16215],[-151.12346,59.21152],[-151.31301,59.31032],[-151.0272,59.32478],[-151.02113,59.22022],[-150.9648,59.19667],[-150.95217,59.30731],[-150.73794,59.42397],[-150.58118,59.44523],[-150.66438,59.54147],[-150.52117,59.60641],[-150.47874,59.4585],[-150.22348,59.74489],[-150.43383,59.3967],[-150.29538,59.41666],[-150.08337,59.57802],[-150.13411,59.69378],[-149.92115,59.69114],[-150.0779,59.76207],[-150.07945,59.84426],[-149.73992,59.63856],[-149.87219,59.85351],[-149.74872,59.82348],[-149.74135,59.94756],[-149.69215,59.95208],[-149.64093,59.73794],[-149.52506,59.70511],[-149.62619,59.81816],[-149.38649,59.98384],[-149.42428,60.12284],[-149.28845,60.01272],[-149.28619,59.86724],[-149.07074,60.0554],[-149.12481,59.96475],[-148.63478,59.91575],[-148.54606,60.03208],[-148.44457,59.94262],[-148.33428,60.17601],[-148.18312,60.07046],[-148.31612,60.0281],[-148.15044,60.03534],[-148.0428,60.19688],[-148.45494,60.17845],[-148.4074,60.27316],[-147.95926,60.41822],[-148.00394,60.53844],[-148.71591,60.45955],[-148.32386,60.52505],[-148.10341,60.73708],[-148.4301,60.61498],[-148.36213,60.76635],[-148.68704,60.64657],[-148.45242,60.7998],[-148.71841,60.78607],[-148.3397,60.80687],[-148.16485,61.07018],[-148.432,60.97149],[-148.40895,61.05109],[-148.14108,61.12624],[-148.06743,61.00407],[-147.73061,61.27383],[-147.62057,61.2289],[-147.94904,61.07167],[-148.14435,60.79709],[-147.91952,60.81102],[-147.94894,60.89594],[-147.73252,60.81567],[-147.81333,60.86818],[-147.73335,60.93978],[-147.60037,60.85013],[-147.67322,60.95882],[-147.54832,61.14972],[-147.552,60.90091],[-147.49282,60.90756],[-147.47761,60.98443],[-147.44956,61.0065],[-147.40845,61.01139],[-147.38313,60.87136],[-147.2221,61.00823],[-147.13856,60.94111],[-147.08686,61.15528],[-146.97836,60.92997],[-146.60675,61.14204],[-146.29023,61.12795],[-146.65702,61.06779],[-146.56124,61.0198],[-146.72012,60.96667],[-146.59927,60.92258],[-146.76338,60.94844],[-146.63503,60.81787],[-146.24132,60.88102],[-146.09194,60.83652],[-146.6651,60.69351],[-146.05011,60.78935],[-146.25838,60.62629],[-145.9296,60.70119],[-146.01006,60.61754],[-145.62763,60.66595],[-145.7568,60.53838],[-145.96347,60.46693],[-145.59542,60.447],[-145.21941,60.30149],[-145.12506,60.29666],[-145.05316,60.40037],[-144.80716,60.46192],[-144.96664,60.30629],[-144.73182,60.26399],[-144.92933,60.22825],[-144.23388,60.18101],[-144.31231,60.16351],[-144.04159,60.04351],[-144.25527,60.0238],[-142.69842,60.09333],[-141.59538,59.96191],[-141.36814,60.02401],[-141.54928,60.17025],[-141.34383,60.0838],[-141.16852,60.17522],[-141.32848,60.05822],[-141.28831,59.93283],[-141.48368,59.91341],[-140.31477,59.69273],[-139.78023,59.8265],[-139.5359,60.04321],[-139.48943,59.99211],[-139.63572,59.87374],[-139.48194,59.69546],[-139.63786,59.56893],[-139.857,59.53466],[-138.20711,59.02564],[-137.66702,58.61452],[-136.84421,58.36819],[-136.67982,58.2096],[-136.59601,58.35369],[-136.03803,58.38204],[-136.31332,58.67095],[-136.3584,58.59696],[-136.53436,58.60002],[-136.35074,58.6878],[-136.58543,58.7627],[-136.48832,58.79431],[-136.56033,58.83127],[-137.13396,58.83789],[-136.91724,58.93537],[-137.04262,59.06535],[-136.67041,58.89322],[-136.71119,59.00193],[-136.5586,58.95992],[-136.23488,58.75082],[-136.15146,58.75402],[-136.16192,58.97395],[-136.11176,58.97615],[-135.84438,58.59914],[-135.99578,58.59233],[-135.92152,58.38206],[-135.61882,58.42559],[-135.47526,58.37577],[-135.4976,58.50328],[-135.31435,58.2458],[-135.22617,58.23629],[-135.16984,58.21038],[-135.05433,58.19059],[-135.1077,58.26503],[-135.05409,58.34822],[-135.21405,58.61907],[-135.14156,58.62093],[-135.4011,58.97333],[-135.37971,59.09782],[-135.63403,59.26355],[-135.44991,59.21898],[-135.30083,59.08545],[-135.54442,59.31005],[-135.4011,59.28735],[-135.35523,59.48042],[-135.37315,59.26824],[-135.20621,59.07682],[-135.15352,58.85406],[-135.02357,58.73235],[-135.03401,58.78981],[-134.96068,58.83007],[-134.9905,58.67634],[-134.60832,58.34105],[-134.67036,58.27936],[-134.14746,58.20067],[-134.14366,58.30385],[-134.01341,58.40399],[-134.05263,58.06176],[-133.88768,57.97351],[-133.76931,58.05685],[-133.69159,57.94678],[-133.85298,57.94716],[-133.71916,57.80003],[-133.58321,57.92697],[-133.58487,57.76151],[-133.25664,57.65053],[-133.05936,57.52517],[-133.65214,57.71622],[-133.61871,57.57824],[-133.46223,57.57694],[-133.46627,57.36312],[-133.19033,57.32528],[-133.27114,57.28869],[-133.5226,57.30565],[-133.49741,57.22197],[-133.52466,57.19529],[-133.57441,57.18477],[-132.99925,57.01203],[-132.82477,57.10747],[-132.78793,56.97557],[-132.95336,56.98477],[-132.53053,56.75419],[-132.5657,56.62863],[-132.31947,56.63765],[-132.36201,56.5315],[-132.20966,56.45908],[-132.17044,56.36835],[-132.38887,56.48979],[-132.36542,56.28302],[-132.2358,56.1975],[-132.52936,56.33855],[-132.71687,56.2169],[-132.64212,56.03249],[-132.59232,56.07801],[-132.37984,56.03428],[-132.46374,55.97508],[-132.31245,55.84159],[-132.30758,55.92058],[-132.13128,55.9474],[-132.18839,56.16883],[-132.12017,56.16506],[-132.07382,56.11599],[-131.92991,56.23553],[-131.64826,56.19985],[-131.97317,56.1731],[-131.95855,55.97285],[-132.09652,55.85056],[-132.02878,55.79769],[-132.28726,55.76173],[-131.96901,55.49686],[-132.03544,55.6782],[-131.8857,55.60066],[-131.76211,55.81365],[-131.91743,55.8639],[-131.61677,55.93965],[-131.48723,55.84629],[-131.71136,55.83621],[-131.49008,55.78626],[-131.73341,55.73083],[-131.63031,55.59959],[-131.71745,55.51591],[-131.83337,55.45508],[-131.71235,55.36518],[-131.88083,55.37942],[-131.78124,55.14016],[-131.61356,55.28708],[-131.69874,55.35487],[-131.38836,55.3543],[-131.48343,55.30001],[-131.35104,55.2596],[-131.23458,55.40817],[-131.1893,55.36091],[-131.32668,55.24307],[-131.06357,55.26014],[-130.95994,55.6932],[-131.35579,55.95602],[-131.11808,56.05805],[-131.21449,55.98016],[-130.94568,55.81098],[-130.80937,55.54859],[-130.92334,55.43764],[-130.85512,55.29378],[-131.07652,55.12936],[-130.70621,55.12399],[-131.01259,55.04665],[-130.93463,54.80073],[-130.64751,54.72613],[-129.97417,55.28192],[-130.1279,55.58103],[-130.15241,55.76629],[-130.00385,55.90729],[-130.1038,56.1228],[-130.42601,56.14156],[-131.58107,56.61223],[-131.83533,56.5992],[-131.87288,56.806],[-132.12357,56.87365],[-132.04519,57.04506],[-132.36898,57.09151],[-132.24792,57.21125],[-133.4615,58.38772],[-133.3773,58.43055],[-134.25807,58.86104],[-134.70072,59.24901],[-134.9599,59.28093],[-135.10102,59.42753],[-135.0289,59.56366],[-135.23367,59.69614],[-135.47916,59.79804],[-136.35394,59.59983],[-136.2385,59.52433],[-136.47716,59.46582],[-136.58152,59.16491],[-136.82663,59.15839],[-137.52642,58.90683],[-137.60736,59.2438],[-139.19885,60.0883],[-139.07482,60.35251],[-139.69298,60.33522],[-139.98109,60.18197],[-141.00198,60.30637],[-141.00061,69.64629],[-141.37772,69.63463],[-143.26964,70.15376],[-144.96013,69.958],[-145.85446,70.16231],[-147.67984,70.19942],[-149.46197,70.51645],[-151.19989,70.37326],[-151.88906,70.43204],[-151.70212,70.55177],[-152.56187,70.5611],[-152.0688,70.56458],[-152.0562,70.58008],[-152.34879,70.59663],[-152.46442,70.63576],[-152.22804,70.82647],[-153.21584,70.92054],[-154.18186,70.76833],[-154.56343,70.82165],[-154.57721,70.99872],[-155.07218,71.15293],[-155.26456,71.06607],[-155.17484,70.98005],[-155.87682,70.8292],[-156.07585,70.9566],[-155.72768,70.98318],[-155.51199,71.08237],[-155.56748,71.16247],[-156.08503,71.16937],[-156.56865,71.35256],[-157.841,70.86102],[-159.34564,70.78125],[-158.76618,70.90413],[-159.20908,70.87007],[-160.80178,70.37639],[-162.04628,70.2807],[-163.00967,69.8127],[-163.20734,69.33797],[-163.68311,69.07555],[-164.30839,68.92553],[-166.2166,68.8815],[-166.32762,68.44428],[-166.83599,68.34084],[-166.23705,68.27311],[-164.15439,67.62151],[-163.70204,67.10938],[-161.6917,67.02474],[-161.47585,66.94879],[-161.70487,66.93954],[-161.88163,66.71805],[-161.54298,66.55174],[-160.38396,66.61908],[-160.20483,66.50821],[-160.22743,66.38718],[-160.77893,66.36287],[-161.17765,66.53348],[-161.58217,66.43999],[-162.46906,66.95043],[-162.62196,66.85649],[-161.88563,66.51784],[-161.9427,66.32272],[-161.51556,66.39705],[-160.95459,66.22073],[-161.071,66.18058],[-161.49936,66.25833],[-161.798,65.96563],[-162.13355,66.07545],[-163.63391,66.05643],[-164.0871,66.19112],[-163.83783,66.26066],[-163.87318,66.38654],[-163.73264,66.48928],[-163.92756,66.57402],[-163.63309,66.56611],[-163.88571,66.59286],[-164.40102,66.58143],[-165.84872,66.31714],[-168.11729,65.65836],[-167.46503,65.41349],[-166.36062,65.28863],[-166.63152,65.12538],[-166.54952,65.13793],[-166.54441,65.11938],[-166.70936,65.10788],[-166.92006,65.14662],[-166.84258,65.2788],[-166.95156,65.16085],[-166.42029,64.87955],[-166.47227,64.72459],[-166.19989,64.57887],[-165.00839,64.43451],[-163.64908,64.56796],[-163.14991,64.398],[-163.03032,64.51435],[-163.36068,64.58558],[-163.13572,64.64887],[-162.83697,64.4894],[-162.78769,64.3248],[-162.18109,64.67814],[-161.6693,64.78849],[-161.42631,64.75896],[-161.17487,64.9281],[-160.78163,64.7155],[-160.80035,64.6121],[-161.09002,64.53946],[-161.0123,64.50168],[-161.3845,64.53302],[-161.53341,64.41427],[-160.97075,64.23003],[-160.76796,63.83534],[-161.1398,63.50188],[-162.13849,63.42898],[-162.00609,63.48432],[-162.31378,63.54172],[-162.66258,63.22718],[-163.23099,63.03764],[-163.75662,63.21518],[-164.36686,63.23132],[-164.58529,63.12467],[-164.5343,63.03093],[-164.81132,62.91056],[-164.87252,62.73371],[-164.76628,62.60172],[-164.84265,62.47345],[-165.07242,62.53067],[-165.66793,62.15539],[-165.7598,62.00191],[-165.62335,61.84465],[-166.10323,61.81194],[-165.75384,61.67523],[-166.14589,61.70642],[-166.14934,61.51187],[-165.78148,61.5136],[-165.92332,61.38978],[-165.59745,61.2899],[-165.59823,61.10942],[-165.30014,61.1811],[-164.95238,61.06929],[-165.19241,60.96669],[-164.92624,60.94833],[-164.86848,60.83322],[-165.37795,60.51081],[-164.97128,60.53956],[-165.14063,60.44458],[-164.66895,60.30718],[-163.94664,59.80547],[-162.5561,59.97826],[-162.37257,60.16911],[-161.70115,59.49837],[-162.05636,59.27105],[-161.82177,59.05058],[-161.75891,58.79329],[-161.88916,58.65447],[-162.1752,58.6499],[-161.77008,58.55133],[-160.33024,59.07431],[-160.32891,58.94413],[-159.90988,58.76835],[-159.61611,58.93383],[-159.65105,58.83975],[-158.89204,58.39427],[-158.69688,58.49219],[-158.90478,58.747],[-158.42486,59.06685],[-158.34359,59.04645],[-158.5633,58.80462],[-158.20286,58.61439],[-157.10585,58.86772],[-157.02373,58.96331],[-156.92926,58.97379],[-157.05178,58.71192],[-157.53463,58.38932],[-157.38833,58.20533],[-157.58062,58.12328],[-157.70432,57.71541],[-157.58775,57.49378],[-157.7565,57.55389],[-158.37958,57.2465],[-158.67953,56.99075],[-158.64934,56.80279],[-158.89098,56.88121],[-160.35036,56.2835],[-160.58691,55.97969],[-160.25178,55.76781],[-160.79322,55.88596],[-160.65156,55.73932],[-160.79416,55.72634],[-161.02376,55.89702],[-160.87664,55.99976],[-161.8024,55.89462],[-162.59126,55.45274],[-162.50282,55.46031],[-162.53588,55.35854],[-162.89929,55.26995],[-162.86792,55.18021],[-163.08445,55.17627],[-163.00197,55.2476]]],[[[-159.49704,55.84199],[-159.49407,55.8522],[-159.49835,55.85553],[-159.49704,55.84199]]],[[[-160.81342,55.95136],[-160.91428,55.90701],[-160.93844,55.89609],[-160.80101,55.90226],[-160.81342,55.95136]]],[[[-161.01569,56.00317],[-160.98923,56.02215],[-161.02068,56.01007],[-161.01569,56.00317]]],[[[-160.80566,56.02264],[-160.81099,56.01943],[-160.80209,56.02074],[-160.80566,56.02264]]],[[[-161.66253,58.55821],[-161.67227,58.55995],[-161.66146,58.55722],[-161.66253,58.55821]]],[[[-159.97772,58.59166],[-159.9675,58.61122],[-159.99554,58.61741],[-159.97772,58.59166]]],[[[-160.24677,58.66837],[-160.31713,58.68283],[-160.26579,58.6382],[-160.24677,58.66837]]],[[[-161.05977,58.7005],[-160.91158,58.56553],[-160.68345,58.81732],[-161.05977,58.7005]]],[[[-160.38178,58.7116],[-160.44072,58.68888],[-160.43002,58.67826],[-160.38178,58.7116]]],[[[-160.18345,58.83132],[-160.23431,58.84934],[-160.18297,58.82093],[-160.18345,58.83132]]],[[[-163.94479,59.67588],[-163.96554,59.68872],[-164.02748,59.70979],[-163.94479,59.67588]]],[[[-164.88082,62.6713],[-164.84893,62.67617],[-164.90253,62.68045],[-164.88082,62.6713]]],[[[-164.87772,62.80867],[-164.87248,62.79632],[-164.85215,62.8011],[-164.87772,62.80867]]],[[[-164.56782,63.05593],[-164.61642,63.04511],[-164.55261,63.04823],[-164.56782,63.05593]]],[[[-164.58505,63.08645],[-164.63294,63.0921],[-164.63722,63.07224],[-164.58505,63.08645]]],[[[-162.01011,63.49063],[-162.00575,63.49366],[-162.01391,63.49148],[-162.01011,63.49063]]],[[[-162.69377,63.58205],[-162.56697,63.53353],[-162.36167,63.53828],[-162.34133,63.55256],[-162.69377,63.58205]]],[[[-161.73644,63.60489],[-161.74394,63.61233],[-161.74746,63.60704],[-161.73644,63.60489]]],[[[-161.29454,64.11456],[-161.31522,64.13743],[-161.31914,64.11826],[-161.29454,64.11456]]],[[[-161.78867,64.74403],[-161.78493,64.74978],[-161.78992,64.74437],[-161.78867,64.74403]]],[[[-161.08229,66.21248],[-161.06682,66.20703],[-161.06579,66.21229],[-161.08229,66.21248]]],[[[-161.82855,66.26933],[-161.9025,66.30962],[-161.9057,66.26528],[-161.82855,66.26933]]],[[[-161.67007,66.95794],[-161.68007,66.95578],[-161.68552,66.9505],[-161.67007,66.95794]]],[[[-161.69726,66.9804],[-161.68719,66.98959],[-161.70276,66.99131],[-161.69726,66.9804]]],[[[-162.75413,67.02326],[-162.73332,67.04239],[-162.74123,67.04407],[-162.75413,67.02326]]],[[[-159.28098,54.95001],[-159.29002,54.86283],[-159.19946,54.91082],[-159.28098,54.95001]]],[[[-159.34397,55.05852],[-159.45687,54.94155],[-159.32852,54.97744],[-159.34397,55.05852]]],[[[-159.31854,55.05348],[-159.29762,55.06042],[-159.3347,55.06097],[-159.31854,55.05348]]],[[[-159.42811,55.07104],[-159.41195,55.0611],[-159.39816,55.07185],[-159.42811,55.07104]]],[[[-159.49323,55.07859],[-159.47184,55.08206],[-159.4968,55.07968],[-159.49323,55.07859]]],[[[-159.37095,55.77246],[-159.40113,55.71433],[-159.32686,55.76551],[-159.37095,55.77246]]],[[[-159.29192,55.79846],[-159.36406,55.78616],[-159.27992,55.76331],[-159.29192,55.79846]]],[[[-159.34932,55.82824],[-159.37226,55.83158],[-159.35193,55.81996],[-159.34932,55.82824]]],[[[-155.56258,55.9077],[-155.72587,55.77545],[-155.56211,55.79122],[-155.56258,55.9077]]],[[[-159.08205,55.84446],[-159.07836,55.84045],[-159.0748,55.84145],[-159.08205,55.84446]]],[[[-158.79986,55.89323],[-158.88518,55.80917],[-158.69956,55.83174],[-158.79986,55.89323]]],[[[-159.10011,55.86287],[-159.18722,55.83972],[-159.08336,55.83465],[-159.10011,55.86287]]],[[[-159.08003,55.858],[-159.06101,55.86367],[-159.08609,55.8624],[-159.08003,55.858]]],[[[-159.12008,55.88207],[-159.12198,55.88867],[-159.12935,55.88594],[-159.12008,55.88207]]],[[[-158.85178,55.93122],[-158.85532,55.92602],[-158.84955,55.92774],[-158.85178,55.93122]]],[[[-156.683,56.09881],[-156.68181,55.99434],[-156.63404,56.048],[-156.683,56.09881]]],[[[-158.08935,56.15604],[-158.13665,56.14823],[-158.15947,56.14452],[-158.11479,56.13366],[-158.08935,56.15604]]],[[[-158.52243,56.17174],[-158.52023,56.17478],[-158.52665,56.1741],[-158.52243,56.17174]]],[[[-156.76714,56.22996],[-156.77403,56.14664],[-156.74527,56.19467],[-156.76714,56.22996]]],[[[-157.80747,56.35645],[-157.90634,56.34381],[-157.79344,56.32484],[-157.80747,56.35645]]],[[[-157.70594,56.49622],[-157.74052,56.48933],[-157.73529,56.481],[-157.70594,56.49622]]],[[[-154.51322,56.60099],[-154.76849,56.40462],[-154.38773,56.57101],[-154.51322,56.60099]]],[[[-157.09562,56.58332],[-157.32521,56.52594],[-156.97178,56.53774],[-157.09562,56.58332]]],[[[-154.31738,56.58135],[-154.23015,56.49355],[-153.86578,56.5511],[-154.09657,56.61982],[-154.31738,56.58135]]],[[[-157.40801,56.63366],[-157.41941,56.64804],[-157.42963,56.64366],[-157.40801,56.63366]]],[[[-154.05165,56.73211],[-154.15623,56.68189],[-154.0179,56.68998],[-154.05165,56.73211]]],[[[-153.93661,56.72859],[-153.9466,56.72246],[-153.92853,56.72781],[-153.93661,56.72859]]],[[[-153.89835,56.7209],[-153.87672,56.73902],[-153.90263,56.72716],[-153.89835,56.7209]]],[[[-153.85865,56.74593],[-153.84701,56.73655],[-153.83845,56.7488],[-153.85865,56.74593]]],[[[-153.5896,56.88734],[-153.58437,56.91122],[-153.61741,56.89668],[-153.5896,56.88734]]],[[[-156.7803,56.91256],[-156.78202,56.91661],[-156.78427,56.91356],[-156.7803,56.91256]]],[[[-156.75961,56.92664],[-156.75856,56.92971],[-156.76125,56.92867],[-156.75961,56.92664]]],[[[-156.75926,56.94778],[-156.76545,56.95048],[-156.77017,56.94731],[-156.75926,56.94778]]],[[[-156.72289,56.98626],[-156.72432,56.99312],[-156.73062,56.97984],[-156.72289,56.98626]]],[[[-154.02765,56.98848],[-154.0343,56.99469],[-154.03573,56.9855],[-154.02765,56.98848]]],[[[-156.47077,56.99878],[-156.46911,57.01095],[-156.48908,57.01393],[-156.47077,56.99878]]],[[[-156.48622,57.03656],[-156.51356,57.02906],[-156.47434,57.02441],[-156.48622,57.03656]]],[[[-156.34273,57.32759],[-156.33409,57.3253],[-156.33266,57.32965],[-156.34273,57.32759]]],[[[-156.30276,57.33487],[-156.32113,57.34449],[-156.33612,57.33434],[-156.30276,57.33487]]],[[[-156.2836,57.35427],[-156.2962,57.37151],[-156.30796,57.36414],[-156.2836,57.35427]]],[[[-154.23229,57.66376],[-154.7906,57.28665],[-154.58025,57.24733],[-154.52487,56.99469],[-154.31072,56.8429],[-153.80423,57.15888],[-153.74932,57.13993],[-154.14696,56.74645],[-153.9744,56.74437],[-153.54135,56.99378],[-153.70583,57.06493],[-153.36666,57.1983],[-153.27444,57.20706],[-153.40065,57.0812],[-153.30581,56.99158],[-152.86801,57.15089],[-153.17057,57.15811],[-152.94264,57.25671],[-153.20558,57.30569],[-153.15693,57.35849],[-152.81667,57.26545],[-152.60299,57.36005],[-152.91958,57.50169],[-152.33941,57.42269],[-152.14736,57.6279],[-152.46847,57.59874],[-152.3703,57.67889],[-152.52883,57.70894],[-152.32499,57.82263],[-152.47129,57.89599],[-152.83138,57.83984],[-152.86446,57.72214],[-152.91394,57.81946],[-152.80557,57.91378],[-153.28014,58.00011],[-153.08762,57.84498],[-153.50356,57.96621],[-153.26588,57.81613],[-153.47979,57.84308],[-153.52234,57.71103],[-153.6205,57.88405],[-153.84796,57.87191],[-153.92521,57.70366],[-153.64783,57.65156],[-153.86864,57.64889],[-153.87387,57.51165],[-153.99389,57.65652],[-154.23229,57.66376]]],[[[-156.26316,57.37337],[-156.26851,57.38611],[-156.28253,57.37836],[-156.26316,57.37337]]],[[[-156.24498,57.38419],[-156.23357,57.38708],[-156.25247,57.38829],[-156.24498,57.38419]]],[[[-156.19649,57.40699],[-156.1808,57.42248],[-156.20469,57.40673],[-156.19649,57.40699]]],[[[-153.55744,57.9231],[-153.54874,57.92337],[-153.55712,57.92504],[-153.55744,57.9231]]],[[[-153.56133,57.93022],[-153.55724,57.93444],[-153.563,57.93187],[-153.56133,57.93022]]],[[[-152.72492,57.98688],[-152.78078,57.92118],[-152.72064,57.9768],[-152.72492,57.98688]]],[[[-154.42316,58.05797],[-154.44503,58.05686],[-154.44531,58.05565],[-154.42316,58.05797]]],[[[-154.50112,58.04915],[-154.4997,58.07128],[-154.51538,58.06449],[-154.50112,58.04915]]],[[[-154.43976,58.0783],[-154.42861,58.07809],[-154.43908,58.08085],[-154.43976,58.0783]]],[[[-154.28034,58.29453],[-154.2769,58.28612],[-154.27087,58.29377],[-154.28034,58.29453]]],[[[-153.3745,58.08653],[-152.89082,57.96924],[-152.59372,58.18653],[-152.54642,58.08327],[-152.27285,58.12458],[-152.31112,58.24087],[-152.08366,58.15344],[-151.96363,58.33008],[-152.13762,58.21684],[-152.12597,58.39753],[-152.48653,58.35278],[-152.3135,58.63313],[-152.56758,58.6215],[-152.65599,58.50708],[-152.51672,58.46745],[-152.88369,58.40973],[-152.7741,58.31],[-153.21858,58.18804],[-153.04127,58.11077],[-153.3745,58.08653]]],[[[-154.19662,58.31334],[-154.21115,58.31109],[-154.20888,58.30886],[-154.19662,58.31334]]],[[[-152.80321,58.31595],[-152.8035,58.31992],[-152.80599,58.31772],[-152.80321,58.31595]]],[[[-153.95636,58.39184],[-153.96729,58.39078],[-153.95184,58.38991],[-153.95636,58.39184]]],[[[-154.00662,58.45688],[-153.98619,58.45699],[-153.98598,58.4582],[-154.00662,58.45688]]],[[[-153.54945,58.59752],[-153.56621,58.60365],[-153.57821,58.5974],[-153.54945,58.59752]]],[[[-152.55926,58.64315],[-152.53454,58.63993],[-152.5305,58.64574],[-152.55926,58.64315]]],[[[-153.38438,59.00058],[-153.37678,59.00792],[-153.39484,59.00321],[-153.38438,59.00058]]],[[[-154.05987,59.35808],[-154.0588,59.36547],[-154.067,59.36008],[-154.05987,59.35808]]],[[[-153.39052,59.41089],[-153.52077,59.32151],[-153.34109,59.3569],[-153.39052,59.41089]]],[[[-153.43715,59.63952],[-153.43834,59.63483],[-153.43097,59.63772],[-153.43715,59.63952]]],[[[-152.56764,60.15893],[-152.64131,60.16386],[-152.55951,60.09491],[-152.56764,60.15893]]],[[[-152.72589,60.22188],[-152.71682,60.2258],[-152.72615,60.22425],[-152.72589,60.22188]]],[[[-152.80038,70.8845],[-152.85587,70.89469],[-152.83567,70.88691],[-152.80038,70.8845]]],[[[-156.45631,71.38549],[-156.4735,71.37972],[-156.45504,71.38403],[-156.45631,71.38549]]],[[[-152.2536,57.38402],[-152.29092,57.39491],[-152.31849,57.3639],[-152.2536,57.38402]]],[[[-152.40251,57.76863],[-152.40788,57.76488],[-152.40085,57.76846],[-152.40251,57.76863]]],[[[-152.21225,57.79143],[-152.30946,57.74935],[-152.21225,57.78092],[-152.21225,57.79143]]],[[[-152.39,57.77342],[-152.39552,57.7725],[-152.39509,57.77198],[-152.39,57.77342]]],[[[-152.30993,57.78155],[-152.36151,57.78079],[-152.35248,57.76152],[-152.30993,57.78155]]],[[[-152.3802,57.78354],[-152.38052,57.7876],[-152.3871,57.78361],[-152.3802,57.78354]]],[[[-152.42024,57.97148],[-152.51782,57.91678],[-152.3256,57.91324],[-152.42024,57.97148]]],[[[-151.83933,58.26688],[-151.85644,58.16673],[-151.78918,58.251],[-151.83933,58.26688]]],[[[-152.04328,58.88385],[-152.04565,58.89103],[-152.05124,58.8855],[-152.04328,58.88385]]],[[[-152.21773,58.89011],[-152.2112,58.9022],[-152.22641,58.89244],[-152.21773,58.89011]]],[[[-151.98089,58.92558],[-152.02438,58.91386],[-151.95403,58.91712],[-151.98089,58.92558]]],[[[-152.04173,58.95023],[-152.07845,58.91399],[-152.00311,58.9414],[-152.04173,58.95023]]],[[[-152.15273,58.94471],[-152.35903,58.9157],[-152.27965,58.90552],[-152.15273,58.94471]]],[[[-152.16259,58.9699],[-152.14477,58.96647],[-152.14358,58.96757],[-152.16259,58.9699]]],[[[-151.63839,59.11741],[-151.71373,59.10112],[-151.6391,59.11039],[-151.63839,59.11741]]],[[[-151.43208,59.13497],[-151.52882,59.14759],[-151.4328,59.11155],[-151.43208,59.13497]]],[[[-151.79707,59.17485],[-151.88189,59.15601],[-151.79272,59.14021],[-151.79707,59.17485]]],[[[-150.89897,59.3075],[-150.91186,59.30424],[-150.89442,59.30524],[-150.89897,59.3075]]],[[[-150.70621,59.41714],[-150.72095,59.2886],[-150.60329,59.3846],[-150.70621,59.41714]]],[[[-150.38986,59.3731],[-150.38534,59.34196],[-150.36466,59.38248],[-150.38986,59.3731]]],[[[-151.88443,59.37192],[-151.88547,59.36789],[-151.87858,59.36885],[-151.88443,59.37192]]],[[[-150.69444,59.42295],[-150.70134,59.42047],[-150.69017,59.42156],[-150.69444,59.42295]]],[[[-151.52838,59.50397],[-151.52272,59.50941],[-151.53065,59.5056],[-151.52838,59.50397]]],[[[-151.48972,59.51182],[-151.49519,59.53279],[-151.5161,59.52279],[-151.48972,59.51182]]],[[[-151.47094,59.54252],[-151.47677,59.53855],[-151.47011,59.53957],[-151.47094,59.54252]]],[[[-149.62774,59.61159],[-149.63216,59.61686],[-149.63835,59.61295],[-149.62774,59.61159]]],[[[-149.80101,59.65321],[-149.84605,59.67608],[-149.76072,59.60827],[-149.80101,59.65321]]],[[[-149.71116,59.66048],[-149.71485,59.65609],[-149.71211,59.65549],[-149.71116,59.66048]]],[[[-149.59426,59.6295],[-149.66628,59.69198],[-149.66576,59.64084],[-149.59426,59.6295]]],[[[-149.72875,59.67962],[-149.71722,59.67788],[-149.72804,59.68268],[-149.72875,59.67962]]],[[[-149.55822,59.69689],[-149.56356,59.70283],[-149.57331,59.70247],[-149.55822,59.69689]]],[[[-149.5152,59.76518],[-149.5064,59.7811],[-149.52458,59.78373],[-149.5152,59.76518]]],[[[-149.364,59.84925],[-149.41153,59.85104],[-149.38325,59.83504],[-149.364,59.84925]]],[[[-149.36558,59.87827],[-149.37461,59.89043],[-149.38412,59.88256],[-149.36558,59.87827]]],[[[-149.71378,59.91844],[-149.72004,59.91093],[-149.71765,59.90368],[-149.71378,59.91844]]],[[[-149.30841,59.93934],[-149.36462,59.90271],[-149.33967,59.89777],[-149.30841,59.93934]]],[[[-148.07569,59.92535],[-148.08392,59.92783],[-148.08583,59.92462],[-148.07569,59.92535]]],[[[-148.1773,59.95125],[-148.25122,59.93541],[-148.10409,59.95065],[-147.99428,60.03588],[-148.1773,59.95125]]],[[[-147.86237,60.0774],[-148.05751,59.94958],[-147.81555,60.05973],[-147.86237,60.0774]]],[[[-147.97693,60.16064],[-148.1212,59.98562],[-147.89066,60.11603],[-147.97693,60.16064]]],[[[-148.00106,60.17406],[-148.0461,60.16118],[-148.0379,60.14728],[-148.00106,60.17406]]],[[[-148.19199,60.26607],[-148.18815,60.26917],[-148.19413,60.26847],[-148.19199,60.26607]]],[[[-148.05527,60.37655],[-148.0258,60.2763],[-147.98753,60.37079],[-148.05527,60.37655]]],[[[-147.92288,60.29185],[-147.76031,60.1554],[-147.60295,60.50044],[-147.79145,60.47802],[-147.90482,60.33682],[-147.74367,60.32505],[-147.92288,60.29185]]],[[[-151.95304,60.51215],[-152.08638,60.34454],[-151.9585,60.36934],[-151.83467,60.48324],[-151.95304,60.51215]]],[[[-147.94104,60.51168],[-147.93931,60.50008],[-147.93486,60.5112],[-147.94104,60.51168]]],[[[-147.58908,60.51468],[-147.58059,60.51758],[-147.59232,60.51659],[-147.58908,60.51468]]],[[[-147.61249,60.51959],[-147.60754,60.52771],[-147.61484,60.52434],[-147.61249,60.51959]]],[[[-147.55156,60.57136],[-147.62917,60.56003],[-147.58281,60.52358],[-147.55156,60.57136]]],[[[-148.14227,60.6305],[-148.15407,60.61847],[-148.13841,60.62959],[-148.14227,60.6305]]],[[[-147.73574,60.69361],[-147.75635,60.68483],[-147.77427,60.66036],[-147.73574,60.69361]]],[[[-147.96212,60.7508],[-147.93524,60.65552],[-147.84555,60.69195],[-147.96212,60.7508]]],[[[-147.81107,60.75555],[-147.80477,60.76797],[-147.81511,60.75822],[-147.81107,60.75555]]],[[[-147.85302,60.79471],[-147.83804,60.79054],[-147.83781,60.79385],[-147.85302,60.79471]]],[[[-147.72182,60.78573],[-147.7274,60.79675],[-147.74,60.78892],[-147.72182,60.78573]]],[[[-147.66429,60.81286],[-147.67286,60.80368],[-147.65815,60.81295],[-147.66429,60.81286]]],[[[-147.71776,60.81477],[-147.70752,60.81786],[-147.7254,60.81386],[-147.71776,60.81477]]],[[[-150.21386,61.1713],[-150.28586,61.12704],[-150.1589,61.17158],[-150.21386,61.1713]]],[[[-147.9723,70.31789],[-148.00296,70.31676],[-147.9623,70.31547],[-147.9723,70.31789]]],[[[-148.90254,70.48247],[-148.91603,70.47961],[-148.89995,70.48201],[-148.90254,70.48247]]],[[[-151.74047,70.51518],[-151.72182,70.51106],[-151.71959,70.51493],[-151.74047,70.51518]]],[[[-149.14748,70.51664],[-149.16179,70.51812],[-149.14667,70.5152],[-149.14748,70.51664]]],[[[-149.25102,70.52934],[-149.25787,70.52368],[-149.25002,70.52787],[-149.25102,70.52934]]],[[[-149.58185,70.55508],[-149.42682,70.54944],[-149.59101,70.56249],[-149.58185,70.55508]]],[[[-151.86826,70.5717],[-151.88941,70.57668],[-151.92709,70.57787],[-151.86826,70.5717]]],[[[-151.99459,70.58225],[-151.96975,70.58182],[-151.98817,70.58312],[-151.99459,70.58225]]],[[[-152.33072,70.60918],[-152.35116,70.6003],[-152.32965,70.60693],[-152.33072,70.60918]]],[[[-136.25255,57.72817],[-136.26395,57.68919],[-136.23044,57.70367],[-136.25255,57.72817]]],[[[-136.3811,57.79885],[-136.38796,57.80215],[-136.3869,57.79951],[-136.3811,57.79885]]],[[[-136.57175,57.90944],[-136.20323,57.76483],[-136.22747,57.59117],[-135.76447,57.37329],[-135.55329,57.4525],[-135.61354,57.56205],[-135.51122,57.59499],[-135.65573,57.62822],[-135.56613,57.67038],[-134.82956,57.4796],[-134.92974,57.75728],[-135.1181,57.77775],[-134.95541,57.81474],[-135.20557,57.93507],[-134.93706,57.84873],[-134.95172,58.0398],[-135.41639,58.1441],[-135.63315,57.98701],[-135.49554,58.17125],[-135.78384,58.28657],[-136.54453,58.09332],[-136.57175,57.90944]]],[[[-136.38284,58.15778],[-136.40506,58.17853],[-136.41302,58.17596],[-136.38284,58.15778]]],[[[-136.2406,58.20253],[-136.24249,58.19776],[-136.23774,58.19804],[-136.2406,58.20253]]],[[[-136.36917,58.1997],[-136.40471,58.20114],[-136.40661,58.19419],[-136.36917,58.1997]]],[[[-136.27997,58.26612],[-136.40673,58.26768],[-136.3618,58.22828],[-136.27997,58.26612]]],[[[-136.77971,58.27907],[-136.78135,58.27338],[-136.77593,58.27791],[-136.77971,58.27907]]],[[[-136.03856,58.3194],[-136.15693,58.27855],[-136.03713,58.27293],[-136.03856,58.3194]]],[[[-135.99851,58.50871],[-136.01919,58.51995],[-136.02715,58.50605],[-135.99851,58.50871]]],[[[-136.09629,58.56115],[-136.14427,58.60901],[-136.15193,58.59452],[-136.09629,58.56115]]],[[[-136.17867,58.62879],[-136.18699,58.63237],[-136.1763,58.62631],[-136.17867,58.62879]]],[[[-135.98681,58.65598],[-135.99306,58.65195],[-135.98841,58.64944],[-135.98681,58.65598]]],[[[-136.20268,58.63633],[-136.24689,58.65797],[-136.20648,58.63237],[-136.20268,58.63633]]],[[[-136.06189,58.66852],[-136.06222,58.6726],[-136.06741,58.67252],[-136.06189,58.66852]]],[[[-136.05496,58.71868],[-136.05163,58.72745],[-136.06066,58.72263],[-136.05496,58.71868]]],[[[-136.51242,58.77059],[-136.47314,58.75941],[-136.51349,58.77411],[-136.51242,58.77059]]],[[[-136.43769,58.76077],[-136.47938,58.78372],[-136.48192,58.7733],[-136.43769,58.76077]]],[[[-136.07374,58.79401],[-136.07183,58.78292],[-136.06875,58.78539],[-136.07374,58.79401]]],[[[-136.56621,58.88029],[-136.56241,58.89699],[-136.57785,58.89097],[-136.56621,58.88029]]],[[[-136.78796,58.90558],[-136.84857,58.94889],[-136.86426,58.93577],[-136.78796,58.90558]]],[[[-139.66127,59.59312],[-139.65509,59.59637],[-139.65985,59.60148],[-139.66127,59.59312]]],[[[-139.72854,59.63886],[-139.71856,59.57603],[-139.71356,59.63568],[-139.72854,59.63886]]],[[[-139.64927,59.62829],[-139.67601,59.62546],[-139.64024,59.62607],[-139.64927,59.62829]]],[[[-139.66068,59.63592],[-139.65723,59.64595],[-139.66627,59.64475],[-139.66068,59.63592]]],[[[-139.64666,59.6633],[-139.65117,59.6729],[-139.65581,59.66492],[-139.64666,59.6633]]],[[[-139.50952,59.70403],[-139.50274,59.69828],[-139.5006,59.70247],[-139.50952,59.70403]]],[[[-139.55135,59.7295],[-139.59746,59.71494],[-139.51676,59.71782],[-139.55135,59.7295]]],[[[-147.45884,59.84265],[-147.46063,59.84624],[-147.46254,59.84348],[-147.45884,59.84265]]],[[[-147.41181,59.86404],[-147.38662,59.8749],[-147.41775,59.86893],[-147.41181,59.86404]]],[[[-144.33132,59.99029],[-144.60347,59.78867],[-144.19228,60.00099],[-144.33132,59.99029]]],[[[-139.53994,59.96493],[-139.53126,59.97439],[-139.54659,59.97094],[-139.53994,59.96493]]],[[[-144.3936,59.9935],[-144.3772,60.0441],[-144.39455,60.0511],[-144.3936,59.9935]]],[[[-147.91141,59.83025],[-147.45626,59.86094],[-147.49619,59.93889],[-146.91554,60.30393],[-147.21054,60.34707],[-147.19766,60.24583],[-147.91141,59.83025]]],[[[-144.34606,60.0913],[-144.40263,60.15547],[-144.43353,60.15559],[-144.34606,60.0913]]],[[[-147.39232,60.30428],[-147.50308,60.23438],[-147.33979,60.30369],[-147.39232,60.30428]]],[[[-145.04032,60.35876],[-145.0755,60.35229],[-145.09047,60.31983],[-145.04032,60.35876]]],[[[-146.71038,60.38954],[-146.51524,60.35982],[-146.70135,60.27849],[-146.62838,60.2338],[-146.07506,60.36722],[-146.3598,60.40645],[-146.39236,60.48289],[-146.71038,60.38954]]],[[[-145.75752,60.39095],[-146.0135,60.39494],[-145.74255,60.37709],[-145.75752,60.39095]]],[[[-145.65366,60.39435],[-145.62109,60.3906],[-145.61159,60.39353],[-145.65366,60.39435]]],[[[-146.01754,60.46778],[-145.99829,60.46086],[-145.99235,60.46227],[-146.01754,60.46778]]],[[[-147.57638,60.49312],[-147.58689,60.50126],[-147.58714,60.49745],[-147.57638,60.49312]]],[[[-147.43475,60.51957],[-147.43064,60.51394],[-147.42095,60.5182],[-147.43475,60.51957]]],[[[-147.31585,60.53033],[-147.38763,60.52795],[-147.40848,60.51863],[-147.31585,60.53033]]],[[[-146.32581,60.49085],[-146.10168,60.47375],[-145.82265,60.55249],[-145.76037,60.61541],[-146.32581,60.49085]]],[[[-145.77289,60.54783],[-145.77029,60.55008],[-145.77462,60.54816],[-145.77289,60.54783]]],[[[-145.73506,60.59461],[-145.74302,60.60348],[-145.74896,60.59321],[-145.73506,60.59461]]],[[[-145.79781,60.61468],[-145.80268,60.61917],[-145.80767,60.61246],[-145.79781,60.61468]]],[[[-145.72651,60.62564],[-145.7309,60.61981],[-145.72246,60.62605],[-145.72651,60.62564]]],[[[-147.3023,60.66172],[-147.5029,60.65462],[-147.47391,60.61732],[-147.3023,60.66172]]],[[[-145.98332,60.6732],[-145.98855,60.67506],[-146.01018,60.67233],[-145.98332,60.6732]]],[[[-145.96588,60.67887],[-145.96293,60.68418],[-145.97053,60.67971],[-145.96588,60.67887]]],[[[-147.37693,60.68419],[-147.40997,60.70874],[-147.41829,60.69873],[-147.37693,60.68419]]],[[[-147.38216,60.73721],[-147.4865,60.72792],[-147.41045,60.71734],[-147.38216,60.73721]]],[[[-146.76516,60.88166],[-146.72737,60.81126],[-146.70135,60.84833],[-146.76516,60.88166]]],[[[-146.83219,60.84532],[-146.8209,60.85505],[-146.84645,60.84457],[-146.83219,60.84532]]],[[[-147.46706,60.85658],[-147.46486,60.86328],[-147.47073,60.85738],[-147.46706,60.85658]]],[[[-146.70932,60.86175],[-146.71337,60.85948],[-146.70562,60.85814],[-146.70932,60.86175]]],[[[-147.55796,60.87759],[-147.57602,60.86559],[-147.5481,60.86847],[-147.55796,60.87759]]],[[[-147.44703,60.8677],[-147.43118,60.87812],[-147.46006,60.87981],[-147.44703,60.8677]]],[[[-146.73282,60.87438],[-146.7328,60.87825],[-146.7373,60.87699],[-146.73282,60.87438]]],[[[-147.07224,60.89361],[-147.32463,60.87844],[-147.14868,60.85231],[-147.07224,60.89361]]],[[[-146.77788,60.89767],[-146.81674,60.89432],[-146.7578,60.88582],[-146.77788,60.89767]]],[[[-147.16913,60.91265],[-147.16697,60.90972],[-147.16509,60.91167],[-147.16913,60.91265]]],[[[-147.45885,60.91805],[-147.46943,60.92055],[-147.46026,60.91663],[-147.45885,60.91805]]],[[[-147.45565,60.93136],[-147.46193,60.93085],[-147.45811,60.92783],[-147.45565,60.93136]]],[[[-147.25665,60.95955],[-147.26184,60.96594],[-147.26617,60.96396],[-147.25665,60.95955]]],[[[-147.05858,60.9569],[-147.02831,60.98523],[-147.07081,60.96256],[-147.05858,60.9569]]],[[[-147.18084,70.21978],[-147.23764,70.22114],[-147.26509,70.21282],[-147.18084,70.21978]]],[[[-134.25667,55.88882],[-134.28211,55.82265],[-134.11858,55.9136],[-134.25667,55.88882]]],[[[-133.85511,55.93079],[-133.94567,55.89722],[-133.87199,55.84388],[-133.85511,55.93079]]],[[[-134.12429,55.92786],[-134.1395,55.95168],[-134.1307,55.92826],[-134.12429,55.92786]]],[[[-134.67535,56.16177],[-134.63031,56.72453],[-134.84184,57.25],[-135.01131,57.33528],[-134.81274,57.29985],[-134.83275,57.41448],[-135.54941,57.50958],[-135.53182,57.45221],[-135.63141,57.39206],[-135.4869,57.3549],[-135.69083,57.35144],[-135.34667,57.25052],[-135.42178,57.16298],[-135.34548,57.18475],[-135.28226,57.16337],[-135.40241,57.10116],[-135.15023,57.01424],[-135.36438,57.01036],[-135.40265,56.77659],[-135.13858,56.59343],[-134.95153,56.61345],[-135.06158,56.52847],[-134.8056,56.23476],[-134.67535,56.16177]]],[[[-133.7749,56.46399],[-133.83598,56.49982],[-133.84121,56.49024],[-133.7749,56.46399]]],[[[-133.83527,56.53444],[-133.84002,56.54033],[-133.84477,56.53522],[-133.83527,56.53444]]],[[[-134.38241,56.86445],[-134.32013,56.55448],[-134.12405,56.45782],[-134.24574,56.46333],[-134.29946,56.28961],[-134.17277,56.32744],[-134.27759,56.25741],[-134.13712,56.00135],[-134.19987,56.1801],[-134.08032,56.31334],[-133.99427,56.07982],[-133.88114,56.2232],[-133.98406,56.34299],[-133.83147,56.32296],[-133.92915,56.37565],[-133.83479,56.4301],[-133.90206,56.61339],[-133.67935,56.61561],[-133.65117,56.4372],[-133.13802,56.53625],[-132.77487,56.49958],[-132.54158,56.5863],[-133.10535,57.00204],[-134.0121,57.07162],[-133.72329,56.81224],[-133.89231,56.80568],[-133.8992,56.70405],[-134.06035,56.93013],[-134.38241,56.86445]]],[[[-135.45338,56.83387],[-135.45174,56.81419],[-135.44256,56.83043],[-135.45338,56.83387]]],[[[-135.47533,56.82131],[-135.46923,56.83679],[-135.49359,56.82755],[-135.47533,56.82131]]],[[[-135.41385,56.84054],[-135.42379,56.84122],[-135.42233,56.83834],[-135.41385,56.84054]]],[[[-135.42595,56.8466],[-135.42898,56.85165],[-135.43186,56.8498],[-135.42595,56.8466]]],[[[-135.50371,56.85269],[-135.56368,56.84708],[-135.54203,56.83488],[-135.50371,56.85269]]],[[[-133.93509,56.86783],[-133.92487,56.87355],[-133.94912,56.88757],[-133.93509,56.86783]]],[[[-135.44556,56.8895],[-135.4327,56.87989],[-135.44529,56.89456],[-135.44556,56.8895]]],[[[-134.01604,56.93007],[-134.01641,56.92505],[-133.99379,56.91475],[-134.01604,56.93007]]],[[[-135.40579,56.92192],[-135.4035,56.92594],[-135.40894,56.9239],[-135.40579,56.92192]]],[[[-135.71294,56.98916],[-135.70248,56.98243],[-135.69891,56.98398],[-135.71294,56.98916]]],[[[-135.34456,57.02296],[-135.34101,57.02617],[-135.3462,57.02595],[-135.34456,57.02296]]],[[[-135.33624,57.02777],[-135.33367,57.02414],[-135.3315,57.02501],[-135.33624,57.02777]]],[[[-135.32466,57.03195],[-135.32971,57.0283],[-135.32288,57.02679],[-135.32466,57.03195]]],[[[-135.35096,57.03987],[-135.35351,57.05398],[-135.37349,57.05345],[-135.35096,57.03987]]],[[[-135.41071,57.08588],[-135.40539,57.07558],[-135.40397,57.07642],[-135.41071,57.08588]]],[[[-135.48552,57.09337],[-135.49189,57.09997],[-135.491,57.09269],[-135.48552,57.09337]]],[[[-135.44205,57.08697],[-135.44735,57.11421],[-135.46921,57.10742],[-135.44205,57.08697]]],[[[-135.47234,57.11054],[-135.48072,57.10423],[-135.48084,57.0999],[-135.47234,57.11054]]],[[[-133.98529,57.12232],[-133.98754,57.12916],[-133.99335,57.12614],[-133.98529,57.12232]]],[[[-135.42228,57.14071],[-135.42572,57.12947],[-135.41761,57.13919],[-135.42228,57.14071]]],[[[-135.85079,57.24274],[-135.7348,57.15067],[-135.85245,56.99292],[-135.4339,57.1566],[-135.60479,57.16395],[-135.57722,57.25624],[-135.76475,57.35073],[-135.85079,57.24274]]],[[[-135.41925,57.17909],[-135.51458,57.22757],[-135.46266,57.18923],[-135.41925,57.17909]]],[[[-134.06217,57.25516],[-134.05465,57.26348],[-134.06748,57.26132],[-134.06217,57.25516]]],[[[-134.00497,57.28162],[-133.9995,57.29883],[-134.02375,57.29022],[-134.00497,57.28162]]],[[[-133.82576,57.31616],[-133.87567,57.26761],[-133.79035,57.29588],[-133.82576,57.31616]]],[[[-135.87571,57.41236],[-135.90708,57.40301],[-135.86572,57.4048],[-135.87571,57.41236]]],[[[-134.88391,57.43405],[-134.8919,57.43022],[-134.86793,57.42912],[-134.88391,57.43405]]],[[[-135.44825,57.56123],[-135.44864,57.56471],[-135.45138,57.56323],[-135.44825,57.56123]]],[[[-134.95664,58.41033],[-134.61129,57.47011],[-134.4095,57.37823],[-134.57921,57.40026],[-134.61913,57.01563],[-134.1578,57.20587],[-134.19274,57.38937],[-133.86212,57.36669],[-133.93604,57.61425],[-134.30659,57.83104],[-134.31372,58.03722],[-134.1944,57.99215],[-133.80389,57.57642],[-134.21793,58.12054],[-134.17586,58.15956],[-134.69068,58.15893],[-134.95664,58.41033]]],[[[-134.05488,57.77962],[-134.04393,57.77611],[-134.04942,57.78989],[-134.05488,57.77962]]],[[[-134.05994,57.81008],[-134.06663,57.80396],[-134.05628,57.8039],[-134.05994,57.81008]]],[[[-134.11026,57.80293],[-134.21936,57.89337],[-134.10289,57.77608],[-134.11026,57.80293]]],[[[-134.26666,57.88377],[-134.25881,57.89426],[-134.26547,57.89577],[-134.26666,57.88377]]],[[[-135.104,57.89937],[-135.11644,57.89757],[-135.10254,57.89849],[-135.104,57.89937]]],[[[-134.20106,57.93945],[-134.28496,57.95421],[-134.17515,57.90903],[-134.20106,57.93945]]],[[[-134.10872,58.08325],[-134.13106,58.10586],[-134.14912,58.10473],[-134.10872,58.08325]]],[[[-135.4966,58.15319],[-135.49209,58.14943],[-135.49114,58.15194],[-135.4966,58.15319]]],[[[-135.25921,58.17041],[-135.25588,58.17825],[-135.25957,58.17994],[-135.25921,58.17041]]],[[[-135.50029,58.1866],[-135.48995,58.18892],[-135.50124,58.18904],[-135.50029,58.1866]]],[[[-135.04886,58.22315],[-135.07691,58.26505],[-135.08523,58.26655],[-135.04886,58.22315]]],[[[-134.72158,58.25023],[-134.73655,58.27023],[-134.72871,58.2446],[-134.72158,58.25023]]],[[[-135.46248,58.32854],[-135.45711,58.318],[-135.45007,58.31924],[-135.46248,58.32854]]],[[[-134.73144,58.33169],[-134.74641,58.33568],[-134.7331,58.32932],[-134.73144,58.33169]]],[[[-134.65668,58.33378],[-134.66382,58.34229],[-134.66845,58.33127],[-134.65668,58.33378]]],[[[-135.4831,58.34036],[-135.48528,58.34416],[-135.48862,58.34364],[-135.4831,58.34036]]],[[[-134.70601,58.35477],[-134.69056,58.34778],[-134.69626,58.36262],[-134.70601,58.35477]]],[[[-135.58614,58.36759],[-135.73266,58.36923],[-135.5376,58.33986],[-135.58614,58.36759]]],[[[-134.80876,58.37472],[-134.92122,58.48547],[-134.84303,58.37351],[-134.80876,58.37472]]],[[[-134.99491,58.46327],[-134.98255,58.4537],[-134.97851,58.45445],[-134.99491,58.46327]]],[[[-134.93941,58.47117],[-135.02982,58.51972],[-134.99693,58.48024],[-134.93941,58.47117]]],[[[-135.03822,58.53314],[-135.03693,58.52567],[-135.02755,58.52422],[-135.03822,58.53314]]],[[[-134.90887,58.55199],[-134.92658,58.57684],[-134.93573,58.57758],[-134.90887,58.55199]]],[[[-135.29676,58.96366],[-135.35309,59.01557],[-135.30579,58.90061],[-135.29676,58.96366]]],[[[-135.24875,59.0064],[-135.26634,59.0338],[-135.2787,59.03784],[-135.24875,59.0064]]],[[[-135.28274,59.06241],[-135.27466,59.04542],[-135.27133,59.04872],[-135.28274,59.06241]]],[[[-135.27181,59.07804],[-135.28012,59.07841],[-135.27038,59.07096],[-135.27181,59.07804]]],[[[-135.39365,59.14616],[-135.40064,59.145],[-135.39398,59.14169],[-135.39365,59.14616]]],[[[-133.50965,54.79284],[-133.54851,54.78372],[-133.5087,54.74656],[-133.50965,54.79284]]],[[[-132.818,54.92588],[-132.67789,54.76638],[-132.61086,54.76638],[-132.65376,54.90805],[-132.818,54.92588]]],[[[-132.86126,54.95318],[-132.87695,54.95438],[-132.86032,54.95117],[-132.86126,54.95318]]],[[[-132.84865,54.97116],[-132.83738,54.96307],[-132.83632,54.96614],[-132.84865,54.97116]]],[[[-132.86128,54.95845],[-132.85935,54.97253],[-132.86838,54.97636],[-132.86128,54.95845]]],[[[-132.74108,54.98039],[-132.72746,54.97875],[-132.71623,54.97716],[-132.72341,54.98892],[-132.74108,54.98039]]],[[[-132.88823,55.06822],[-132.93743,55.0689],[-132.91747,55.04208],[-132.88823,55.06822]]],[[[-132.69174,55.09414],[-132.69833,55.08958],[-132.69242,55.08664],[-132.69174,55.09414]]],[[[-133.01444,55.16283],[-132.9669,55.16514],[-132.96572,55.17301],[-133.01444,55.16283]]],[[[-133.25916,55.17972],[-133.25454,55.17392],[-133.25288,55.17549],[-133.25916,55.17972]]],[[[-133.59521,55.43028],[-133.61446,55.2356],[-133.40935,55.41234],[-133.59521,55.43028]]],[[[-133.39101,55.35356],[-133.39162,55.35677],[-133.3937,55.35523],[-133.39101,55.35356]]],[[[-133.2318,55.435],[-133.32235,55.42435],[-133.32331,55.40695],[-133.2318,55.435]]],[[[-133.61442,55.44089],[-133.64709,55.438],[-133.66295,55.41915],[-133.61442,55.44089]]],[[[-133.11699,55.44455],[-133.11554,55.43437],[-133.10224,55.43027],[-133.11699,55.44455]]],[[[-133.52129,55.52928],[-133.55647,55.42813],[-133.42598,55.46088],[-133.52129,55.52928]]],[[[-133.18141,55.48913],[-133.15895,55.49129],[-133.18075,55.49924],[-133.18141,55.48913]]],[[[-133.78797,55.4656],[-133.66747,55.43797],[-133.58428,55.53681],[-133.73283,55.56155],[-133.78797,55.4656]]],[[[-133.809,55.96525],[-133.71379,55.89389],[-133.48005,56.02766],[-133.322,55.81404],[-133.70229,55.77997],[-133.34862,55.75456],[-133.32668,55.71123],[-133.43545,55.64572],[-133.40537,55.61657],[-133.13114,55.59955],[-133.14849,55.46392],[-132.99454,55.45214],[-133.47079,55.25816],[-133.11973,55.269],[-133.22645,55.05638],[-132.87492,54.70484],[-132.67218,54.67448],[-133.10761,55.26087],[-132.93933,55.21032],[-132.75561,54.98839],[-132.68882,55.1252],[-132.81194,55.17342],[-132.83285,55.20001],[-132.66386,55.13811],[-132.65459,55.23242],[-132.6351,55.05433],[-132.57521,55.12629],[-132.52458,55.10889],[-132.61633,54.97134],[-132.32232,54.83372],[-132.50485,54.7755],[-132.01464,54.69131],[-131.97994,55.03786],[-132.1393,54.97277],[-132.22998,55.00154],[-131.99313,55.10964],[-131.99242,55.25959],[-132.10567,55.1954],[-132.26813,55.20544],[-132.09474,55.2826],[-132.42095,55.42131],[-132.2806,55.44431],[-132.41133,55.51529],[-132.66719,55.43992],[-132.52112,55.55074],[-132.58316,55.5714],[-132.52988,55.60425],[-132.17847,55.45098],[-132.14321,55.47078],[-132.45577,55.61528],[-132.4698,55.78364],[-132.73374,55.98401],[-133.09347,56.04625],[-133.13399,56.11694],[-133.03785,56.18301],[-133.17318,56.32733],[-133.6248,56.35873],[-133.67947,56.21176],[-133.53544,56.15608],[-133.645,56.11992],[-133.50145,56.07896],[-133.809,55.96525]]],[[[-133.44205,55.56028],[-133.36086,55.44902],[-133.28124,55.49994],[-133.31309,55.56787],[-133.44205,55.56028]]],[[[-133.17714,55.5508],[-133.18056,55.56203],[-133.18576,55.55392],[-133.17714,55.5508]]],[[[-133.30213,55.5765],[-133.30729,55.58487],[-133.31029,55.58264],[-133.30213,55.5765]]],[[[-133.62166,55.58507],[-133.60204,55.60099],[-133.63663,55.59639],[-133.62166,55.58507]]],[[[-133.70645,55.60535],[-133.71479,55.58354],[-133.69377,55.58423],[-133.70645,55.60535]]],[[[-133.64496,55.62039],[-133.64262,55.60629],[-133.64004,55.61939],[-133.64496,55.62039]]],[[[-133.61714,55.64283],[-133.62031,55.65308],[-133.62413,55.64679],[-133.61714,55.64283]]],[[[-133.54685,55.64577],[-133.61047,55.68325],[-133.58412,55.61985],[-133.54685,55.64577]]],[[[-133.66509,55.65405],[-133.68117,55.65866],[-133.68078,55.65499],[-133.66509,55.65405]]],[[[-133.44464,55.66698],[-133.43817,55.65934],[-133.43697,55.66701],[-133.44464,55.66698]]],[[[-133.70296,55.66929],[-133.7115,55.67333],[-133.71399,55.6615],[-133.70296,55.66929]]],[[[-133.41304,55.72357],[-133.40546,55.70916],[-133.40246,55.71864],[-133.41304,55.72357]]],[[[-133.33983,55.73172],[-133.35455,55.74043],[-133.34187,55.7298],[-133.33983,55.73172]]],[[[-133.68546,55.8525],[-133.67405,55.87423],[-133.69354,55.86616],[-133.68546,55.8525]]],[[[-133.49099,55.87356],[-133.50549,55.89355],[-133.52498,55.88142],[-133.49099,55.87356]]],[[[-133.70682,55.88948],[-133.69252,55.88275],[-133.69632,55.89226],[-133.70682,55.88948]]],[[[-133.48121,55.91454],[-133.49359,55.90582],[-133.47554,55.90581],[-133.48121,55.91454]]],[[[-133.62242,55.91853],[-133.61981,55.90654],[-133.61625,55.90841],[-133.62242,55.91853]]],[[[-133.07469,56.04545],[-133.07529,56.06045],[-133.08182,56.05846],[-133.07469,56.04545]]],[[[-133.00288,56.11664],[-133.06297,56.05837],[-132.98212,56.06158],[-133.00288,56.11664]]],[[[-133.68375,56.10747],[-133.67875,56.09752],[-133.66901,56.10694],[-133.68375,56.10747]]],[[[-132.71746,56.11334],[-132.71223,56.11745],[-132.71927,56.11742],[-132.71746,56.11334]]],[[[-132.8792,56.14658],[-132.90024,56.10067],[-132.84925,56.1126],[-132.8792,56.14658]]],[[[-132.94635,56.13797],[-132.94522,56.14223],[-132.94959,56.14138],[-132.94635,56.13797]]],[[[-132.88618,56.1734],[-132.89002,56.16901],[-132.87884,56.1626],[-132.88618,56.1734]]],[[[-132.9883,56.18119],[-133.00482,56.15863],[-132.97178,56.1524],[-132.9883,56.18119]]],[[[-132.90986,56.17292],[-133.00434,56.19719],[-132.89275,56.1577],[-132.90986,56.17292]]],[[[-132.91866,56.18998],[-132.92472,56.20287],[-132.92614,56.1915],[-132.91866,56.18998]]],[[[-132.95585,56.24001],[-132.99697,56.21259],[-132.91509,56.2079],[-132.95585,56.24001]]],[[[-133.02684,56.23616],[-133.02182,56.23489],[-133.02163,56.23716],[-133.02684,56.23616]]],[[[-132.96785,56.27842],[-132.99459,56.24806],[-132.96001,56.25665],[-132.96785,56.27842]]],[[[-133.05342,56.36897],[-132.85852,56.23268],[-132.62179,56.39029],[-132.92769,56.45818],[-133.05342,56.36897]]],[[[-133.7169,56.39196],[-133.68981,56.38881],[-133.71476,56.39933],[-133.7169,56.39196]]],[[[-133.77418,56.39209],[-133.8096,56.42287],[-133.83384,56.4226],[-133.77418,56.39209]]],[[[-133.54877,56.42708],[-133.54763,56.43151],[-133.55256,56.42847],[-133.54877,56.42708]]],[[[-133.29812,56.45711],[-133.30342,56.46287],[-133.3095,56.4578],[-133.29812,56.45711]]],[[[-133.07636,56.47334],[-133.12734,56.45969],[-133.05508,56.4629],[-133.07636,56.47334]]],[[[-132.58983,56.47495],[-132.65376,56.47705],[-132.5777,56.45302],[-132.58983,56.47495]]],[[[-132.7716,56.49255],[-132.76381,56.49562],[-132.7718,56.49484],[-132.7716,56.49255]]],[[[-132.57164,56.48678],[-132.60635,56.51301],[-132.6168,56.50305],[-132.57164,56.48678]]],[[[-133.07539,56.51418],[-133.06652,56.50876],[-133.07447,56.51704],[-133.07539,56.51418]]],[[[-133.08894,56.51578],[-133.09617,56.51914],[-133.09203,56.51488],[-133.08894,56.51578]]],[[[-133.76828,56.53455],[-133.778,56.52776],[-133.76325,56.53009],[-133.76828,56.53455]]],[[[-132.53314,56.51747],[-132.56238,56.53596],[-132.5562,56.51301],[-132.53314,56.51747]]],[[[-132.90867,56.89154],[-132.91604,56.88765],[-132.9063,56.88713],[-132.90867,56.89154]]],[[[-132.9448,56.89531],[-132.93316,56.89764],[-132.94456,56.89661],[-132.9448,56.89531]]],[[[-133.57441,57.21232],[-133.56087,57.21721],[-133.55802,57.22017],[-133.57441,57.21232]]],[[[-133.51832,57.23124],[-133.54542,57.23934],[-133.51333,57.21206],[-133.51832,57.23124]]],[[[-133.28373,57.3095],[-133.28326,57.30077],[-133.27803,57.30166],[-133.28373,57.3095]]],[[[-133.58606,57.50142],[-133.57465,57.49746],[-133.57085,57.50129],[-133.58606,57.50142]]],[[[-133.46199,57.70009],[-133.46104,57.71],[-133.47507,57.71038],[-133.46199,57.70009]]],[[[-133.59771,57.74997],[-133.6355,57.76747],[-133.64952,57.76747],[-133.59771,57.74997]]],[[[179.46758,51.37163],[178.62554,51.6373],[179.26162,51.35769],[179.46758,51.37163]]],[[[178.30489,51.77743],[178.38074,51.76391],[178.23693,51.82821],[178.30489,51.77743]]],[[[178.02249,51.871],[178.03116,51.87915],[178.0184,51.87915],[178.02249,51.871]]],[[[178.48483,51.9099],[178.5916,51.95265],[178.44696,51.97822],[178.48483,51.9099]]],[[[179.66333,52.02294],[179.48246,51.98283],[179.47557,51.93746],[179.74301,51.91175],[179.66333,52.02294]]],[[[177.67595,52.09217],[177.34558,51.96301],[177.204,51.88053],[177.601,51.92225],[177.53273,51.97007],[177.67595,52.09217]]],[[[178.10727,52.04574],[178.19096,52.00355],[178.17996,52.03325],[178.10727,52.04574]]],[[[177.36815,52.11837],[177.35693,52.12367],[177.35736,52.11922],[177.36815,52.11837]]],[[[175.90673,52.37565],[175.91129,52.33483],[175.96652,52.35973],[175.90673,52.37565]]],[[[173.7728,52.50991],[173.3561,52.40556],[173.7257,52.35658],[173.7728,52.50991]]],[[[174.06619,52.73104],[174.15815,52.70606],[174.15925,52.70739],[174.06619,52.73104]]],[[[174.00483,52.71986],[173.95407,52.75141],[173.95279,52.74788],[174.00483,52.71986]]],[[[173.86165,52.77358],[173.89475,52.75078],[173.94004,52.75186],[173.86165,52.77358]]],[[[173.15358,52.97704],[172.64327,53.00498],[172.46167,52.92716],[172.90363,52.76167],[173.42767,52.83076],[173.15358,52.97704]]],[[[-131.20534,54.86575],[-131.19565,54.87384],[-131.20705,54.86979],[-131.20534,54.86575]]],[[[-131.47021,54.95854],[-131.35194,54.85688],[-131.19146,54.91463],[-131.24413,55.00328],[-131.47021,54.95854]]],[[[-131.57974,54.96662],[-131.62195,54.94653],[-131.53391,54.95505],[-131.57974,54.96662]]],[[[-131.52041,54.958],[-131.50957,54.99793],[-131.53962,55.00241],[-131.52041,54.958]]],[[[-131.21542,55.03642],[-131.27855,55.02574],[-131.29034,55.01004],[-131.21542,55.03642]]],[[[-132.07047,55.0573],[-132.07537,55.05269],[-132.07104,55.05276],[-132.07047,55.0573]]],[[[-131.9954,55.05907],[-132.00065,55.05347],[-131.99024,55.0573],[-131.9954,55.05907]]],[[[-132.01267,55.06117],[-132.01633,55.06636],[-132.01781,55.06207],[-132.01267,55.06117]]],[[[-131.18975,55.10827],[-131.23938,55.0618],[-131.18937,55.04677],[-131.18975,55.10827]]],[[[-131.73647,55.11115],[-131.74131,55.11339],[-131.74321,55.1104],[-131.73647,55.11115]]],[[[-131.70637,55.11747],[-131.71243,55.11604],[-131.70784,55.11274],[-131.70637,55.11747]]],[[[-131.7309,55.12452],[-131.73753,55.12081],[-131.73072,55.12063],[-131.7309,55.12452]]],[[[-131.61206,55.07712],[-131.38555,55.01176],[-131.32637,55.16981],[-131.57237,55.28611],[-131.61206,55.07712]]],[[[-131.96912,55.14062],[-131.95879,55.15414],[-131.97851,55.1432],[-131.96912,55.14062]]],[[[-131.33077,55.1884],[-131.33469,55.18494],[-131.32744,55.18494],[-131.33077,55.1884]]],[[[-132.12232,55.22698],[-132.11218,55.2274],[-132.1123,55.22937],[-132.12232,55.22698]]],[[[-131.38305,55.24796],[-131.38579,55.25096],[-131.38669,55.24937],[-131.38305,55.24796]]],[[[-131.40796,55.2535],[-131.4599,55.26508],[-131.39751,55.23968],[-131.40796,55.2535]]],[[[-131.50011,55.26459],[-131.50819,55.26716],[-131.512,55.26513],[-131.50011,55.26459]]],[[[-131.03493,55.28485],[-131.03303,55.30582],[-131.04479,55.29852],[-131.03493,55.28485]]],[[[-132.0787,55.2916],[-132.07513,55.3023],[-132.08464,55.29262],[-132.0787,55.2916]]],[[[-131.59407,55.30752],[-131.65931,55.33639],[-131.64244,55.31854],[-131.59407,55.30752]]],[[[-130.92963,55.34085],[-130.98311,55.36598],[-130.97004,55.31597],[-130.92963,55.34085]]],[[[-131.25561,55.35166],[-131.25918,55.36389],[-131.26999,55.36078],[-131.25561,55.35166]]],[[[-132.16319,55.39655],[-132.19825,55.40647],[-132.2131,55.4035],[-132.16319,55.39655]]],[[[-132.12717,55.43729],[-132.13625,55.45035],[-132.14783,55.44358],[-132.12717,55.43729]]],[[[-131.80561,55.48274],[-131.8046,55.48677],[-131.80672,55.484],[-131.80561,55.48274]]],[[[-132.32077,55.49139],[-132.38221,55.50351],[-132.3525,55.49052],[-132.32077,55.49139]]],[[[-131.75484,55.51759],[-131.85098,55.52546],[-131.829,55.47963],[-131.75484,55.51759]]],[[[-132.3814,55.51368],[-132.38348,55.51686],[-132.38444,55.51397],[-132.3814,55.51368]]],[[[-131.71647,55.52987],[-131.71611,55.5337],[-131.71784,55.52983],[-131.71647,55.52987]]],[[[-131.71929,55.5463],[-131.72396,55.56096],[-131.72231,55.53581],[-131.71929,55.5463]]],[[[-132.51962,55.58513],[-132.51404,55.58129],[-132.51832,55.58629],[-132.51962,55.58513]]],[[[-132.53059,55.58694],[-132.52408,55.58288],[-132.52929,55.5881],[-132.53059,55.58694]]],[[[-132.53877,55.59025],[-132.54546,55.58436],[-132.54169,55.58174],[-132.53877,55.59025]]],[[[-131.82616,55.84556],[-131.83603,55.8577],[-131.84209,55.85136],[-131.82616,55.84556]]],[[[-131.63917,55.9129],[-131.71573,55.8571],[-131.58718,55.86655],[-131.63917,55.9129]]],[[[-132.40848,55.92131],[-132.41447,55.92002],[-132.40974,55.91657],[-132.40848,55.92131]]],[[[-132.18356,55.91962],[-132.16647,55.92505],[-132.19306,55.92091],[-132.18356,55.91962]]],[[[-132.12504,55.93003],[-132.12874,55.93184],[-132.12778,55.92997],[-132.12504,55.93003]]],[[[-132.04933,55.98339],[-132.04464,55.99176],[-132.04913,55.99164],[-132.04933,55.98339]]],[[[-132.03494,55.97972],[-132.01126,56.07578],[-132.03609,56.08924],[-132.03494,55.97972]]],[[[-132.09391,56.052],[-132.11744,56.03209],[-132.09617,56.02339],[-132.09391,56.052]]],[[[-132.49856,56.05618],[-132.49947,56.05193],[-132.49369,56.05539],[-132.49856,56.05618]]],[[[-132.14318,56.06603],[-132.14498,56.05919],[-132.13782,56.06001],[-132.14318,56.06603]]],[[[-132.09163,56.07873],[-132.09831,56.07783],[-132.09775,56.07706],[-132.09163,56.07873]]],[[[-132.07555,56.10797],[-132.07276,56.10188],[-132.06947,56.10701],[-132.07555,56.10797]]],[[[-132.1469,56.14908],[-132.14279,56.1513],[-132.14691,56.15118],[-132.1469,56.14908]]],[[[-132.48025,56.43923],[-132.54039,56.35965],[-132.40182,56.38492],[-132.48025,56.43923]]],[[[-132.4856,56.50501],[-132.48156,56.49675],[-132.47538,56.50016],[-132.4856,56.50501]]],[[[-132.43878,56.52468],[-132.47515,56.5446],[-132.47443,56.51498],[-132.43878,56.52468]]],[[[-132.45079,56.5641],[-132.40082,56.60693],[-132.48465,56.56582],[-132.45079,56.5641]]]]}},{"type":"Feature","properties":{"diocese_id":"diocese-of-albany","name":"Episcopal Diocese of Albany","state":"NY","province":"2","counties":["Albany County, NY","Clinton County, NY","Columbia County, NY","Delaware County, NY","Essex County, NY","Franklin County, NY","Fulton County, NY","Greene County, NY","Hamilton County, NY","Herkimer County, NY","Montgomery County, NY","Otsego County, NY","Rensselaer County, NY","Saratoga County, NY","Schenectady County, NY","Schoharie County, NY","St. Lawrence County, NY","Warren County, NY","Washington County, NY"],"source":"Census 2024 county shapes, dissolved, simplified to ~0.08 degree for size","as_of":"2026-10-08"},"geometry":{"type":"Polygon","coordinates":[[[-75.41966,42.15044],[-75.15651,41.84833],[-74.45171,42.16922],[-74.00245,42.17699],[-73.52707,41.97798],[-73.26496,42.74594],[-73.24159,43.53497],[-73.43123,43.58828],[-73.29361,44.44056],[-73.39023,44.61835],[-73.34312,45.01084],[-74.97246,44.9834],[-75.86005,44.40329],[-75.16791,44.09681],[-75.07658,43.33071],[-75.16237,43.25846],[-75.06916,43.22733],[-75.40346,42.5087],[-75.41966,42.15044]]]}},{"type":"Feature","properties":{"diocese_id":"diocese-of-arizona","name":"Episcopal Diocese of Arizona","state":"AZ","province":"8","counties":["Apache County, AZ","Cochise County, AZ","Coconino County, AZ","Gila County, AZ","Graham County, AZ","Greenlee County, AZ","La Paz County, AZ","Maricopa County, AZ","Mohave County, AZ","Navajo County, AZ","Pima County, AZ","Pinal County, AZ","Santa Cruz County, AZ","Yavapai County, AZ","Yuma County, AZ"],"source":"Census 2024 county shapes, dissolved, simplified to ~0.08 degree for size","as_of":"2026-10-08","boundary_verified":false},"geometry":{"type":"Polygon","coordinates":[[[-114.81361,32.49428],[-111.07483,31.33224],[-109.05004,31.3325],[-109.04522,36.99908],[-114.0506,37.0004],[-114.04394,36.19335],[-114.14591,36.02723],[-114.40914,36.147],[-114.7548,36.0847],[-114.56924,35.18348],[-114.63518,34.875],[-114.13121,34.26273],[-114.53548,33.93465],[-114.5246,33.55223],[-114.73122,33.30243],[-114.70649,33.08816],[-114.51134,33.02345],[-114.46897,32.84515],[-114.70192,32.74555],[-114.81361,32.49428]]]}},{"type":"Feature","properties":{"diocese_id":"diocese-of-arkansas","name":"Episcopal Diocese of Arkansas","state":"AR","province":"7","counties":["Arkansas County, AR","Ashley County, AR","Baxter County, AR","Benton County, AR","Boone County, AR","Bradley County, AR","Calhoun County, AR","Carroll County, AR","Chicot County, AR","Clark County, AR","Clay County, AR","Cleburne County, AR","Cleveland County, AR","Columbia County, AR","Conway County, AR","Craighead County, AR","Crawford County, AR","Crittenden County, AR","Cross County, AR","Dallas County, AR","Desha County, AR","Drew County, AR","Faulkner County, AR","Franklin County, AR","Fulton County, AR","Garland County, AR","Grant County, AR","Greene County, AR","Hempstead County, AR","Hot Spring County, AR","Howard County, AR","Independence County, AR","Izard County, AR","Jackson County, AR","Jefferson County, AR","Johnson County, AR","Lafayette County, AR","Lawrence County, AR","Lee County, AR","Lincoln County, AR","Little River County, AR","Logan County, AR","Lonoke County, AR","Madison County, AR","Marion County, AR","Miller County, AR","Mississippi County, AR","Monroe County, AR","Montgomery County, AR","Nevada County, AR","Newton County, AR","Ouachita County, AR","Perry County, AR","Phillips County, AR","Pike County, AR","Poinsett County, AR","Polk County, AR","Pope County, AR","Prairie County, AR","Pulaski County, AR","Randolph County, AR","Saline County, AR","Scott County, AR","Searcy County, AR","Sebastian County, AR","Sevier County, AR","Sharp County, AR","St. Francis County, AR","Stone County, AR","Union County, AR","Van Buren County, AR","Washington County, AR","White County, AR","Woodruff County, AR","Yell County, AR"],"source":"Census 2024 county shapes, dissolved, simplified to ~0.08 degree for size","as_of":"2026-10-08"},"geometry":{"type":"Polygon","coordinates":[[[-94.04296,33.01922],[-91.12833,33.03428],[-91.20199,33.12313],[-91.08571,33.13719],[-91.05808,33.44654],[-91.20811,33.40201],[-91.11779,33.45808],[-91.23518,33.43897],[-91.23339,33.56275],[-91.12868,33.60847],[-91.23063,33.67715],[-91.03099,33.67941],[-91.14881,33.73136],[-90.98847,33.78453],[-91.0862,34.00642],[-90.96617,33.96466],[-90.87108,34.08118],[-90.95864,34.13548],[-90.80756,34.16182],[-90.93555,34.23785],[-90.58623,34.40917],[-90.48126,34.88107],[-90.30738,34.8462],[-90.29697,35.03818],[-90.06518,35.1394],[-90.16888,35.42188],[-90.00332,35.42963],[-90.03811,35.54973],[-89.90893,35.51424],[-89.85086,35.65021],[-89.95834,35.72656],[-89.64359,35.88974],[-89.73306,36.00081],[-90.37789,35.99568],[-90.06398,36.30304],[-90.15248,36.49795],[-94.61792,36.49941],[-94.43066,35.39248],[-94.47197,33.60267],[-94.04345,33.55225],[-94.04296,33.01922]]]}},{"type":"Feature","properties":{"diocese_id":"diocese-of-atlanta","name":"Episcopal Diocese of Atlanta","state":"GA","province":"4","counties":["Baldwin County, GA","Banks County, GA","Barrow County, GA","Bartow County, GA","Bibb County, GA","Butts County, GA","Carroll County, GA","Chattooga County, GA","Cherokee County, GA","Clarke County, GA","Clayton County, GA","Cobb County, GA","Coweta County, GA","Dawson County, GA","DeKalb County, GA","Douglas County, GA","Elbert County, GA","Fannin County, GA","Fayette County, GA","Floyd County, GA","Forsyth County, GA","Franklin County, GA","Fulton County, GA","Gilmer County, GA","Gordon County, GA","Greene County, GA","Gwinnett County, GA","Habersham County, GA","Hall County, GA","Haralson County, GA","Hart County, GA","Heard County, GA","Henry County, GA","Houston County, GA","Jackson County, GA","Jasper County, GA","Jones County, GA","Lamar County, GA","Lincoln County, GA","Lumpkin County, GA","Madison County, GA","Meriwether County, GA","Monroe County, GA","Morgan County, GA","Murray County, GA","Newton County, GA","Oconee County, GA","Oglethorpe County, GA","Paulding County, GA","Peach County, GA","Pickens County, GA","Pike County, GA","Polk County, GA","Putnam County, GA","Rabun County, GA","Richmond County, GA","Rockdale County, GA","Spalding County, GA","Stephens County, GA","Taliaferro County, GA","Towns County, GA","Troup County, GA","Union County, GA","Walton County, GA","Warren County, GA","White County, GA","Whitfield County, GA","Wilkes County, GA"],"source":"Census 2024 county shapes, dissolved, simplified to ~0.08 degree for size","as_of":"2026-10-08","boundary_verified":false},"geometry":{"type":"MultiPolygon","coordinates":[[[[-84.48971,32.99373],[-83.70115,32.69217],[-84.01815,32.50641],[-83.84938,32.47287],[-83.84838,32.29097],[-83.61558,32.28856],[-83.48274,32.40917],[-83.60236,32.74127],[-83.04908,32.9856],[-83.09765,33.15154],[-83.27504,33.18947],[-83.16421,33.35503],[-83.01285,33.46918],[-82.82457,33.42797],[-82.76336,33.25395],[-82.38383,33.31211],[-82.54807,33.35278],[-82.6497,33.60877],[-82.24747,33.75259],[-82.55684,33.94535],[-82.8874,34.48096],[-83.35391,34.69922],[-83.10861,35.00066],[-84.97986,34.98765],[-85.16715,34.72778],[-85.05085,34.71998],[-85.0605,34.58718],[-85.52726,34.58868],[-85.18474,32.87053],[-84.57067,32.84518],[-84.48971,32.99373]],[[-84.30275,33.00415],[-84.29866,32.99967],[-84.30274,32.9997],[-84.30275,33.00415]]],[[[-82.02824,33.54493],[-82.3535,33.31232],[-82.09259,33.23008],[-81.97889,33.22719],[-81.82834,33.26304],[-82.02824,33.54493]]]]}},{"type":"Feature","properties":{"diocese_id":"diocese-of-california","name":"Episcopal Diocese of California","state":"CA","province":"8","counties":["Alameda County, CA","Contra Costa County, CA","Marin County, CA","San Francisco County, CA","San Mateo County, CA"],"source":"Census 2024 county shapes, dissolved, simplified to ~0.08 degree for size","as_of":"2026-10-08","boundary_verified":false},"geometry":{"type":"MultiPolygon","coordinates":[[[[-123.00279,37.69274],[-123.01392,37.70036],[-123.01278,37.6965],[-123.00279,37.69274]]],[[[-122.49376,37.78796],[-122.51669,37.52134],[-122.29297,37.10732],[-122.11516,37.46628],[-122.49376,37.78796]]],[[[-122.42277,37.82526],[-122.42025,37.82651],[-122.42523,37.82859],[-122.42277,37.82526]]],[[[-122.41875,37.85282],[-122.43005,37.87211],[-122.44515,37.86142],[-122.41875,37.85282]]],[[[-122.99242,38.04176],[-122.52958,37.81768],[-122.43829,37.88237],[-122.51902,38.13974],[-122.90811,38.32075],[-123.00291,38.29571],[-122.99242,38.04176]]],[[[-122.42976,37.9654],[-122.04984,37.46608],[-121.47106,37.48332],[-121.58002,38.09441],[-122.26967,38.06034],[-122.42976,37.9654]]],[[[-122.36229,37.80702],[-122.36875,37.83129],[-122.37768,37.83046],[-122.36229,37.80702]]]]}},{"type":"Feature","properties":{"diocese_id":"diocese-of-central-florida","name":"Episcopal Diocese of Central Florida","state":"FL","province":"4","counties":["Brevard County, FL","Citrus County, FL","Flagler County, FL","Hernando County, FL","Indian River County, FL","Lake County, FL","Marion County, FL","Okeechobee County, FL","Orange County, FL","Osceola County, FL","Pasco County, FL","Putnam County, FL","Seminole County, FL","St. Johns County, FL","St. Lucie County, FL","Sumter County, FL","Volusia County, FL"],"source":"Census 2024 county shapes, dissolved, simplified to ~0.08 degree for size","as_of":"2026-10-08","boundary_verified":false},"geometry":{"type":"MultiPolygon","coordinates":[[[[-82.80613,28.17406],[-82.8041,28.17309],[-82.80513,28.17453],[-82.80613,28.17406]]],[[[-82.80072,28.17501],[-82.79843,28.17389],[-82.79832,28.17491],[-82.80072,28.17501]]],[[[-82.80428,28.17641],[-82.80188,28.17741],[-82.80433,28.17731],[-82.80428,28.17641]]],[[[-82.84805,28.17172],[-82.84045,28.212],[-82.85243,28.21017],[-82.84805,28.17172]]],[[[-82.77429,28.20703],[-82.10585,28.17165],[-82.04549,28.3183],[-81.65727,28.3471],[-81.34642,28.0847],[-81.45881,28.04007],[-81.14577,27.71017],[-81.2051,27.4897],[-80.87852,27.16883],[-80.88564,26.95892],[-80.67786,27.20599],[-80.19944,27.26302],[-80.572,28.11159],[-80.57424,28.58534],[-81.04669,29.30788],[-81.37988,30.25291],[-81.43378,30.10554],[-81.68022,30.12124],[-81.58121,29.84018],[-82.05563,29.71823],[-82.05564,29.44185],[-82.0992,29.41881],[-82.40662,29.48505],[-82.40324,29.21562],[-82.75542,29.00186],[-82.64427,28.58418],[-82.77429,28.20703]]],[[[-82.73671,28.77371],[-82.74212,28.80323],[-82.75733,28.80073],[-82.73671,28.77371]]]]}},{"type":"Feature","properties":{"diocese_id":"diocese-of-central-new-york","name":"Episcopal Diocese of Central New York","state":"NY","province":"2","counties":["Broome County, NY","Cayuga County, NY","Chemung County, NY","Chenango County, NY","Cortland County, NY","Jefferson County, NY","Lewis County, NY","Madison County, NY","Oneida County, NY","Onondaga County, NY","Oswego County, NY","Seneca County, NY","Tioga County, NY","Tompkins County, NY"],"source":"Census 2024 county shapes, dissolved, simplified to ~0.08 degree for size","as_of":"2026-10-08"},"geometry":{"type":"MultiPolygon","coordinates":[[[[-76.96476,42.28744],[-76.96579,42.00127],[-75.35964,41.99944],[-75.40346,42.5087],[-75.06916,43.22733],[-75.16237,43.25846],[-75.07658,43.33071],[-75.16791,44.09681],[-75.86005,44.40329],[-76.31265,44.19904],[-76.28139,43.96095],[-76.20164,44.07904],[-76.11875,44.03447],[-76.19981,43.96834],[-76.07846,44.0034],[-76.06006,43.97454],[-76.20301,43.85075],[-76.29739,43.85592],[-76.22123,43.53957],[-76.72249,43.34358],[-76.71381,43.02403],[-76.96393,43.01316],[-76.8956,42.54154],[-76.69666,42.54679],[-76.61921,42.25002],[-76.96476,42.28744]]],[[[-76.36785,43.879],[-76.36735,43.87574],[-76.3644,43.87886],[-76.36785,43.879]]],[[[-76.39576,43.8829],[-76.39378,43.88845],[-76.39883,43.88479],[-76.39576,43.8829]]],[[[-76.22601,43.88616],[-76.22142,43.88919],[-76.22638,43.88767],[-76.22601,43.88616]]],[[[-76.30289,43.91723],[-76.345,43.89414],[-76.35627,43.87972],[-76.32708,43.88187],[-76.30289,43.91723]]],[[[-76.37873,43.91911],[-76.42658,43.90834],[-76.44463,43.8875],[-76.37873,43.91911]]],[[[-76.3213,44.03121],[-76.32963,44.0443],[-76.33661,44.03356],[-76.3213,44.03121]]],[[[-76.36093,44.03359],[-76.36794,44.05269],[-76.38171,44.03963],[-76.36093,44.03359]]],[[[-76.21786,43.89562],[-76.21093,43.8958],[-76.21154,43.89752],[-76.21786,43.89562]]],[[[-76.14503,43.94088],[-76.14299,43.94403],[-76.14744,43.94282],[-76.14503,43.94088]]],[[[-76.17656,44.0172],[-76.17347,44.02472],[-76.18725,44.01378],[-76.17656,44.0172]]]]}},{"type":"Feature","properties":{"diocese_id":"diocese-of-chicago","name":"Episcopal Diocese of Chicago","state":"IL","province":"5","counties":["Boone County, IL","Bureau County, IL","Cook County, IL","DeKalb County, IL","DuPage County, IL","Ford County, IL","Fulton County, IL","Grundy County, IL","Hancock County, IL","Henderson County, IL","Henry County, IL","Iroquois County, IL","Jo Daviess County, IL","Kane County, IL","Kankakee County, IL","Kendall County, IL","Knox County, IL","LaSalle County, IL","Lake County, IL","Lee County, IL","Livingston County, IL","Marshall County, IL","McDonough County, IL","McHenry County, IL","Mercer County, IL","Ogle County, IL","Peoria County, IL","Putnam County, IL","Rock Island County, IL","Schuyler County, IL","Stark County, IL","Stephenson County, IL","Warren County, IL","Whiteside County, IL","Will County, IL","Winnebago County, IL","Woodford County, IL"],"source":"Census 2024 county shapes, dissolved, simplified to ~0.08 degree for size","as_of":"2026-10-08","boundary_verified":false},"geometry":{"type":"Polygon","coordinates":[[[-91.02742,40.19447],[-90.5157,39.98435],[-89.55343,40.74764],[-89.33009,40.74826],[-89.2694,40.59432],[-89.04437,40.62743],[-88.9869,40.7523],[-88.58427,40.75761],[-88.45996,40.39885],[-87.52637,40.49124],[-87.52462,41.72352],[-87.82857,42.26992],[-87.80209,42.49258],[-90.64284,42.50848],[-90.35696,42.20544],[-89.68849,42.19911],[-89.68537,41.93034],[-90.15184,41.92892],[-90.34323,41.58783],[-91.04589,41.41409],[-91.11365,41.2414],[-90.94663,41.09663],[-90.96292,40.92496],[-91.12393,40.66915],[-91.40524,40.55464],[-91.50727,40.20934],[-91.02742,40.19447]]]}},{"type":"Feature","properties":{"diocese_id":"diocese-of-colorado","name":"Episcopal Diocese of Colorado","state":"CO","province":"6","counties":["Adams County, CO","Alamosa County, CO","Arapahoe County, CO","Archuleta County, CO","Baca County, CO","Bent County, CO","Boulder County, CO","Broomfield County, CO","Chaffee County, CO","Cheyenne County, CO","Clear Creek County, CO","Conejos County, CO","Costilla County, CO","Crowley County, CO","Custer County, CO","Delta County, CO","Denver County, CO","Dolores County, CO","Douglas County, CO","Eagle County, CO","El Paso County, CO","Elbert County, CO","Fremont County, CO","Garfield County, CO","Gilpin County, CO","Grand County, CO","Gunnison County, CO","Hinsdale County, CO","Huerfano County, CO","Jackson County, CO","Jefferson County, CO","Kiowa County, CO","Kit Carson County, CO","La Plata County, CO","Lake County, CO","Larimer County, CO","Las Animas County, CO","Lincoln County, CO","Logan County, CO","Mesa County, CO","Mineral County, CO","Moffat County, CO","Montezuma County, CO","Montrose County, CO","Morgan County, CO","Otero County, CO","Ouray County, CO","Park County, CO","Phillips County, CO","Pitkin County, CO","Prowers County, CO","Pueblo County, CO","Rio Blanco County, CO","Rio Grande County, CO","Routt County, CO","Saguache County, CO","San Juan County, CO","San Miguel County, CO","Sedgwick County, CO","Summit County, CO","Teller County, CO","Washington County, CO","Weld County, CO","Yuma County, CO"],"source":"Census 2024 county shapes, dissolved, simplified to ~0.08 degree for size","as_of":"2026-10-08"},"geometry":{"type":"Polygon","coordinates":[[[-109.04522,36.99908],[-102.04209,36.99302],[-102.05161,41.00238],[-109.05008,41.00066],[-109.04522,36.99908]]]}},{"type":"Feature","properties":{"diocese_id":"diocese-of-connecticut","name":"Episcopal Diocese of Connecticut","state":"CT","province":"1","counties":["Capitol Planning Region, CT","Greater Bridgeport Planning Region, CT","Lower Connecticut River Valley Planning Region, CT","Naugatuck Valley Planning Region, CT","Northeastern Connecticut Planning Region, CT","Northwest Hills Planning Region, CT","South Central Connecticut Planning Region, CT","Southeastern Connecticut Planning Region, CT","Western Connecticut Planning Region, CT"],"source":"Census 2024 county shapes, dissolved, simplified to ~0.08 degree for size","as_of":"2026-10-08"},"geometry":{"type":"MultiPolygon","coordinates":[[[[-73.62186,40.98247],[-73.62948,40.98365],[-73.63057,40.98071],[-73.62186,40.98247]]],[[[-73.61253,40.98747],[-73.60973,40.99079],[-73.61337,40.98888],[-73.61253,40.98747]]],[[[-73.64082,40.98924],[-73.64429,40.99829],[-73.64577,40.996],[-73.64082,40.98924]]],[[[-73.40153,41.05372],[-73.40477,41.06213],[-73.42217,41.04756],[-73.40153,41.05372]]],[[[-73.38618,41.05839],[-73.38818,41.07328],[-73.39524,41.06443],[-73.38618,41.05839]]],[[[-73.36014,41.08202],[-73.36033,41.08571],[-73.36978,41.0888],[-73.36014,41.08202]]],[[[-73.21717,41.14391],[-73.21527,41.14264],[-73.21499,41.14447],[-73.21717,41.14391]]],[[[-73.17777,41.1667],[-72.91309,41.29674],[-71.85746,41.32079],[-71.80065,42.02357],[-73.48731,42.04964],[-73.48271,41.21276],[-73.72777,41.1007],[-73.65676,40.98767],[-73.63989,41.00312],[-73.60395,41.01505],[-73.57007,41.0016],[-73.53534,41.03192],[-73.52908,41.01707],[-73.50058,41.04672],[-73.47737,41.0364],[-73.36825,41.10719],[-73.17777,41.1667]]],[[[-72.7401,41.25511],[-72.75886,41.25384],[-72.76034,41.24124],[-72.7401,41.25511]]],[[[-72.76311,41.25804],[-72.76234,41.26036],[-72.76425,41.25921],[-72.76311,41.25804]]],[[[-72.22523,41.29526],[-72.2239,41.29346],[-72.22376,41.29486],[-72.22523,41.29526]]]]}},{"type":"Feature","properties":{"diocese_id":"diocese-of-dallas","name":"Episcopal Diocese of Dallas","state":"TX","province":"7","counties":["Bowie County, TX","Camp County, TX","Cass County, TX","Collin County, TX","Dallas County, TX","Delta County, TX","Denton County, TX","Ellis County, TX","Fannin County, TX","Franklin County, TX","Grayson County, TX","Henderson County, TX","Hopkins County, TX","Hunt County, TX","Kaufman County, TX","Lamar County, TX","Morris County, TX","Navarro County, TX","Rains County, TX","Red River County, TX","Rockwall County, TX","Titus County, TX","Upshur County, TX","Van Zandt County, TX","Wood County, TX"],"source":"Census 2024 county shapes, dissolved, simplified to ~0.08 degree for size","as_of":"2026-10-08","boundary_verified":false},"geometry":{"type":"Polygon","coordinates":[[[-96.71911,31.81489],[-95.42851,32.08447],[-95.44946,32.35988],[-95.5943,32.47986],[-95.59454,32.68703],[-95.00869,32.51681],[-94.70179,32.65221],[-94.70588,32.87918],[-94.04289,32.88109],[-94.04345,33.55225],[-94.38609,33.54492],[-95.21763,33.96265],[-96.14807,33.8378],[-96.34831,33.68638],[-96.58793,33.89478],[-96.76159,33.82441],[-96.94461,33.94922],[-96.94386,33.41641],[-97.38309,33.43045],[-97.39846,32.99173],[-97.03101,32.98969],[-97.08704,32.26682],[-96.71911,31.81489]]]}},{"type":"Feature","properties":{"diocese_id":"diocese-of-delaware","name":"Episcopal Diocese of Delaware","state":"DE","province":"3","counties":["Kent County, DE","New Castle County, DE","Sussex County, DE"],"source":"Census 2024 county shapes, dissolved, simplified to ~0.08 degree for size","as_of":"2026-10-08"},"geometry":{"type":"MultiPolygon","coordinates":[[[[-75.31154,38.94463],[-75.61379,39.60619],[-75.42342,39.80662],[-75.66282,39.82115],[-75.7886,39.7222],[-75.69367,38.46008],[-75.04894,38.45126],[-75.09201,38.8039],[-75.31154,38.94463]]],[[[-75.56144,39.51552],[-75.56477,39.51595],[-75.56681,39.50919],[-75.56144,39.51552]]],[[[-75.56582,39.59061],[-75.57543,39.58812],[-75.56769,39.58573],[-75.56582,39.59061]]],[[[-75.5589,39.62877],[-75.57105,39.62132],[-75.55845,39.60558],[-75.5589,39.62877]]]]}},{"type":"Feature","properties":{"diocese_id":"diocese-of-east-carolina","name":"Episcopal Diocese of East Carolina","state":"NC","province":"4","counties":["Beaufort County, NC","Bertie County, NC","Bladen County, NC","Brunswick County, NC","Camden County, NC","Carteret County, NC","Chowan County, NC","Columbus County, NC","Craven County, NC","Cumberland County, NC","Currituck County, NC","Dare County, NC","Duplin County, NC","Edgecombe County, NC","Gates County, NC","Greene County, NC","Hertford County, NC","Hyde County, NC","Jones County, NC","Lenoir County, NC","Martin County, NC","New Hanover County, NC","Onslow County, NC","Pamlico County, NC","Pasquotank County, NC","Pender County, NC","Perquimans County, NC","Pitt County, NC","Robeson County, NC","Sampson County, NC","Tyrrell County, NC","Washington County, NC","Wayne County, NC","Wilson County, NC"],"source":"Census 2024 county shapes, dissolved, simplified to ~0.08 degree for size","as_of":"2026-10-08","boundary_verified":false},"geometry":{"type":"MultiPolygon","coordinates":[[[[-77.76087,34.2492],[-77.12586,34.68524],[-76.84193,34.72935],[-76.61937,34.70419],[-76.60443,34.78985],[-76.51269,34.72033],[-76.24696,34.98735],[-76.42284,34.95073],[-76.46347,35.07641],[-76.76082,34.91585],[-76.93576,34.97313],[-77.05959,35.14687],[-76.80361,34.96378],[-76.46973,35.28089],[-76.96618,35.43399],[-77.05317,35.53521],[-76.57756,35.38758],[-76.63795,35.51296],[-76.46539,35.55841],[-76.58708,35.5089],[-76.53218,35.40125],[-76.15192,35.33137],[-75.88962,35.64064],[-75.73607,35.6255],[-75.83628,35.9705],[-75.94729,35.95983],[-76.03804,35.64576],[-76.06252,35.99075],[-76.7283,35.93358],[-76.75346,36.17668],[-76.69998,36.28539],[-76.58043,36.01055],[-76.30401,36.09453],[-76.38196,36.12295],[-76.45469,36.1928],[-76.06422,36.14377],[-76.21478,36.30061],[-75.92463,36.16455],[-75.92329,36.24595],[-75.7965,36.07284],[-76.03195,36.4825],[-76.00263,36.53711],[-75.53686,35.78888],[-75.86765,36.55041],[-77.16437,36.54631],[-77.06644,36.48291],[-77.29825,36.20771],[-77.23058,36.10434],[-77.42454,36.00395],[-77.69796,36.15315],[-77.84474,35.83762],[-78.19212,35.73054],[-78.06478,35.58526],[-78.15324,35.35067],[-79.09581,35.19207],[-79.03556,34.9552],[-79.34883,34.83886],[-79.46156,34.6303],[-78.54186,33.85296],[-77.96049,33.84315],[-77.76087,34.2492]]],[[[-77.17949,34.62043],[-77.22417,34.60055],[-77.23025,34.59844],[-77.22693,34.59672],[-77.17949,34.62043]]],[[[-77.11037,34.64515],[-77.16722,34.62817],[-77.17245,34.62332],[-77.11037,34.64515]]],[[[-76.54146,34.65046],[-76.66549,34.68974],[-76.52881,34.63154],[-76.54146,34.65046]]],[[[-76.82221,34.70472],[-77.09744,34.64429],[-76.81516,34.69419],[-76.6757,34.69566],[-76.82221,34.70472]]],[[[-76.5257,34.68522],[-76.58726,34.7118],[-76.58156,34.6991],[-76.5257,34.68522]]],[[[-76.52594,34.6991],[-76.54543,34.71238],[-76.54757,34.71063],[-76.52594,34.6991]]],[[[-76.53224,34.61049],[-76.55041,34.63092],[-76.55296,34.61464],[-76.53547,34.59155],[-76.33753,34.83881],[-76.53224,34.61049]]],[[[-76.07592,35.06993],[-76.33033,34.84521],[-76.24258,34.90776],[-76.09645,35.02377],[-76.03779,35.06191],[-76.07592,35.06993]]],[[[-75.98224,35.12044],[-76.01528,35.07066],[-75.77361,35.18728],[-75.98224,35.12044]]],[[[-76.26834,35.32493],[-76.2825,35.31507],[-76.2624,35.31386],[-76.26834,35.32493]]],[[[-75.70441,35.20956],[-75.52782,35.22766],[-75.4858,35.40074],[-75.46062,35.57697],[-75.48589,35.69852],[-75.52345,35.77357],[-75.52178,35.27178],[-75.70441,35.20956]]],[[[-75.62767,35.88315],[-75.72725,35.93362],[-75.62045,35.80925],[-75.62767,35.88315]]]]}},{"type":"Feature","properties":{"diocese_id":"diocese-of-east-tennessee","name":"Episcopal Diocese of East Tennessee","state":"TN, GA","province":"4","counties":["Anderson County, TN","Bledsoe County, TN","Blount County, TN","Bradley County, TN","Campbell County, TN","Carter County, TN","Catoosa County, GA","Claiborne County, TN","Cocke County, TN","Cumberland County, TN","Dade County, GA","Grainger County, TN","Greene County, TN","Hamblen County, TN","Hamilton County, TN","Hancock County, TN","Hawkins County, TN","Jefferson County, TN","Johnson County, TN","Knox County, TN","Loudon County, TN","Marion County, TN","McMinn County, TN","Meigs County, TN","Monroe County, TN","Morgan County, TN","Polk County, TN","Rhea County, TN","Roane County, TN","Scott County, TN","Sequatchie County, TN","Sevier County, TN","Sullivan County, TN","Unicoi County, TN","Union County, TN","Walker County, GA","Washington County, TN"],"source":"Census 2024 county shapes, dissolved, simplified to ~0.08 degree for size","as_of":"2026-10-08"},"geometry":{"type":"Polygon","coordinates":[[[-84.99745,34.96663],[-84.32187,34.98841],[-84.29024,35.22557],[-84.05261,35.26998],[-83.88007,35.51875],[-82.99205,35.77395],[-82.63716,36.0658],[-82.55787,35.9539],[-82.35516,36.11561],[-82.03314,36.12042],[-81.90814,36.30201],[-81.70744,36.33517],[-81.6469,36.61192],[-84.7854,36.60337],[-84.65908,36.39523],[-84.91548,36.15102],[-85.24636,36.1007],[-85.26539,35.72124],[-85.60733,35.53165],[-85.50653,35.35748],[-85.87229,35.22368],[-85.87302,34.98843],[-85.60516,34.98468],[-85.52726,34.58868],[-85.0605,34.58718],[-85.05085,34.71998],[-85.16845,34.72023],[-84.99745,34.96663]]]}},{"type":"Feature","properties":{"diocese_id":"diocese-of-eastern-oregon","name":"Episcopal Diocese of Eastern Oregon","state":"OR, WA","province":"8","counties":["Baker County, OR","Crook County, OR","Deschutes County, OR","Gilliam County, OR","Grant County, OR","Harney County, OR","Hood River County, OR","Jefferson County, OR","Klamath County, OR","Klickitat County, WA","Lake County, OR","Malheur County, OR","Morrow County, OR","Sherman County, OR","Umatilla County, OR","Union County, OR","Wallowa County, OR","Wasco County, OR","Wheeler County, OR"],"source":"Census 2024 county shapes, dissolved, simplified to ~0.08 degree for size","as_of":"2026-10-08"},"geometry":{"type":"Polygon","coordinates":[[[-122.28258,43.06772],[-122.28975,42.0081],[-117.0262,41.99989],[-117.03288,43.83002],[-116.89408,44.16019],[-117.24268,44.39655],[-116.4635,45.61579],[-116.91599,45.99541],[-118.98713,45.99985],[-119.86827,45.83594],[-119.86583,46.04086],[-121.61223,46.04409],[-121.52369,45.7249],[-121.92203,45.64916],[-121.69692,45.37356],[-121.65139,45.0888],[-121.80527,45.0115],[-121.71456,44.90613],[-121.84938,44.48452],[-121.77248,44.09103],[-121.97511,43.85757],[-121.96492,43.62705],[-122.14953,43.52069],[-121.9742,43.26169],[-122.07626,43.06774],[-122.28258,43.06772]]]}},{"type":"Feature","properties":{"diocese_id":"diocese-of-easton","name":"Episcopal Diocese of Easton","state":"MD","province":"3","counties":["Caroline County, MD","Cecil County, MD","Dorchester County, MD","Kent County, MD","Queen Anne's County, MD","Somerset County, MD","Talbot County, MD","Wicomico County, MD","Worcester County, MD"],"source":"Census 2024 county shapes, dissolved, simplified to ~0.08 degree for size","as_of":"2026-10-08"},"geometry":{"type":"MultiPolygon","coordinates":[[[[-76.08591,38.11668],[-76.08926,38.12233],[-76.08983,38.11512],[-76.08591,38.11668]]],[[[-76.06567,38.12684],[-76.0611,38.12688],[-76.06544,38.1298],[-76.06567,38.12684]]],[[[-76.08565,38.13858],[-76.08547,38.14682],[-76.08974,38.1468],[-76.08565,38.13858]]],[[[-76.0638,38.20505],[-76.03802,38.14717],[-76.02238,38.17377],[-76.0638,38.20505]]],[[[-76.25183,38.32753],[-76.26555,38.34093],[-76.25767,38.32485],[-76.25183,38.32753]]],[[[-76.34503,38.70384],[-76.22462,38.76039],[-76.03162,38.58131],[-76.2861,38.62566],[-76.22022,38.53187],[-76.33156,38.47355],[-76.22964,38.31438],[-76.16549,38.2428],[-76.23104,38.39332],[-76.03204,38.21668],[-76.01142,38.37683],[-75.97026,38.23381],[-75.91219,38.34319],[-75.84932,38.365],[-75.92033,38.26438],[-75.80131,38.25366],[-75.95962,38.13714],[-75.77374,38.07706],[-75.88503,37.91172],[-75.24247,38.02703],[-75.05459,38.41483],[-75.69367,38.46008],[-75.7886,39.7222],[-76.23326,39.72131],[-76.07616,39.54365],[-75.94466,39.59199],[-75.98611,39.37947],[-76.27464,39.16549],[-76.21596,39.00997],[-76.20776,39.09633],[-76.13434,39.10433],[-76.16399,38.99954],[-76.36173,38.93917],[-76.3682,38.83613],[-76.21,38.94631],[-76.15652,38.76891],[-76.25502,38.86227],[-76.34503,38.70384]]],[[[-76.36251,38.74841],[-76.39069,38.76628],[-76.38125,38.7438],[-76.36251,38.74841]]],[[[-76.24886,38.90573],[-76.24309,38.91209],[-76.24909,38.91335],[-76.24886,38.90573]]],[[[-75.9863,38.02195],[-76.04653,37.95359],[-75.9939,37.95349],[-75.9863,38.02195]]],[[[-76.04798,38.1087],[-76.00628,38.07856],[-76.01472,38.1316],[-76.04798,38.1087]]]]}},{"type":"Feature","properties":{"diocese_id":"diocese-of-el-camino-real","name":"Episcopal Diocese of El Camino Real","state":"CA","province":"8","counties":["Monterey County, CA","San Benito County, CA","San Luis Obispo County, CA","Santa Clara County, CA","Santa Cruz County, CA"],"source":"Census 2024 county shapes, dissolved, simplified to ~0.08 degree for size","as_of":"2026-10-08","boundary_verified":false},"geometry":{"type":"Polygon","coordinates":[[[-120.19437,35.78936],[-120.64878,36.10799],[-120.59716,36.48824],[-121.22138,36.9103],[-121.21734,37.12304],[-121.40464,37.15599],[-121.47265,37.48217],[-122.19051,37.43096],[-122.15277,37.21544],[-122.29297,37.10732],[-121.90647,36.96895],[-121.78828,36.80399],[-121.97676,36.57943],[-121.90273,36.30638],[-121.28653,35.66552],[-120.88476,35.4302],[-120.89679,35.24788],[-120.64615,35.14394],[-120.63414,34.95956],[-120.30183,34.90557],[-120.32382,35.01731],[-120.08208,35.11468],[-119.47249,34.90118],[-119.55382,35.18012],[-120.19399,35.61439],[-120.19437,35.78936]]]}},{"type":"Feature","properties":{"diocese_id":"diocese-of-florida","name":"Episcopal Diocese of Florida","state":"FL","province":"4","counties":["Alachua County, FL","Baker County, FL","Bradford County, FL","Clay County, FL","Columbia County, FL","Dixie County, FL","Duval County, FL","Gadsden County, FL","Gilchrist County, FL","Hamilton County, FL","Hendry County, FL","Jefferson County, FL","Lafayette County, FL","Leon County, FL","Levy County, FL","Liberty County, FL","Madison County, FL","Martin County, FL","Nassau County, FL","Suwannee County, FL","Taylor County, FL","Union County, FL","Wakulla County, FL"],"source":"Census 2024 county shapes, dissolved, simplified to ~0.08 degree for size","as_of":"2026-10-08","boundary_verified":false},"geometry":{"type":"MultiPolygon","coordinates":[[[[-83.03447,29.09959],[-83.02948,29.09378],[-83.02591,29.09627],[-83.03447,29.09959]]],[[[-83.07072,29.09661],[-83.0618,29.1025],[-83.07725,29.10022],[-83.07072,29.09661]]],[[[-83.03447,29.12181],[-83.02386,29.12403],[-83.0328,29.12784],[-83.03447,29.12181]]],[[[-83.09392,29.12852],[-83.0826,29.12892],[-83.08842,29.13489],[-83.09392,29.12852]]],[[[-83.68079,29.92157],[-83.05316,29.12675],[-82.8139,29.1625],[-82.75942,28.99241],[-82.53661,29.04296],[-82.40662,29.48505],[-82.0992,29.41881],[-82.05563,29.71823],[-81.58121,29.84018],[-81.68022,30.12124],[-81.43378,30.10554],[-81.42585,30.70045],[-81.9495,30.82787],[-82.06853,30.35918],[-82.19294,30.37878],[-82.21484,30.56859],[-84.86469,30.71154],[-84.96542,30.58019],[-85.11569,30.02406],[-84.3483,29.96906],[-84.26226,30.10372],[-84.02427,30.10327],[-83.68079,29.92157]]],[[[-83.82784,29.97281],[-83.82903,29.96983],[-83.82701,29.97106],[-83.82784,29.97281]]],[[[-81.49248,26.76899],[-81.56376,26.51333],[-81.27177,26.51707],[-81.26824,26.25307],[-80.87971,26.25931],[-80.88564,26.95892],[-80.94532,26.7691],[-81.49248,26.76899]]],[[[-80.67786,27.20599],[-80.88564,26.95892],[-80.07995,26.97052],[-80.19944,27.26302],[-80.67786,27.20599]]]]}},{"type":"Feature","properties":{"diocese_id":"diocese-of-georgia","name":"Episcopal Diocese of Georgia","state":"GA","province":"4","counties":["Appling County, GA","Atkinson County, GA","Bacon County, GA","Baker County, GA","Ben Hill County, GA","Berrien County, GA","Bleckley County, GA","Brantley County, GA","Brooks County, GA","Bryan County, GA","Bulloch County, GA","Burke County, GA","Calhoun County, GA","Camden County, GA","Candler County, GA","Charlton County, GA","Chatham County, GA","Chattahoochee County, GA","Clay County, GA","Clinch County, GA","Coffee County, GA","Colquitt County, GA","Columbia County, GA","Cook County, GA","Crawford County, GA","Crisp County, GA","Decatur County, GA","Dodge County, GA","Dooly County, GA","Dougherty County, GA","Early County, GA","Echols County, GA","Effingham County, GA","Emanuel County, GA","Evans County, GA","Glascock County, GA","Glynn County, GA","Grady County, GA","Hancock County, GA","Harris County, GA","Irwin County, GA","Jeff Davis County, GA","Jefferson County, GA","Jenkins County, GA","Johnson County, GA","Lanier County, GA","Laurens County, GA","Lee County, GA","Liberty County, GA","Long County, GA","Lowndes County, GA","Macon County, GA","Marion County, GA","McDuffie County, GA","McIntosh County, GA","Miller County, GA","Mitchell County, GA","Montgomery County, GA","Muscogee County, GA","Pierce County, GA","Pulaski County, GA","Quitman County, GA","Randolph County, GA","Schley County, GA","Screven County, GA","Seminole County, GA","Stewart County, GA","Sumter County, GA","Talbot County, GA","Tattnall County, GA","Taylor County, GA","Telfair County, GA","Terrell County, GA","Thomas County, GA","Tift County, GA","Toombs County, GA","Treutlen County, GA","Turner County, GA","Twiggs County, GA","Upson County, GA","Ware County, GA","Washington County, GA","Wayne County, GA","Webster County, GA","Wheeler County, GA","Wilcox County, GA","Wilkinson County, GA","Worth County, GA"],"source":"Census 2024 county shapes, dissolved, simplified to ~0.08 degree for size","as_of":"2026-10-08","boundary_verified":false},"geometry":{"type":"MultiPolygon","coordinates":[[[[-84.86469,30.71154],[-82.21484,30.56859],[-82.19294,30.37878],[-82.05007,30.36234],[-82.02197,30.78823],[-81.44412,30.70971],[-81.40341,30.95791],[-81.49365,30.97753],[-81.17873,31.5182],[-81.29826,31.53351],[-80.84346,32.02365],[-81.11537,32.11471],[-81.51125,33.02779],[-81.88298,33.26086],[-82.3535,33.31232],[-82.02824,33.54493],[-82.24066,33.6933],[-82.6497,33.60877],[-82.43196,33.27483],[-82.76336,33.25395],[-82.82457,33.42797],[-83.01064,33.469],[-83.16421,33.35503],[-83.27504,33.18947],[-83.09765,33.15154],[-83.04908,32.9856],[-83.60236,32.74127],[-83.48274,32.40917],[-83.61558,32.28856],[-83.84838,32.29097],[-83.84938,32.47287],[-84.01815,32.50641],[-83.70115,32.69217],[-84.12427,32.84956],[-84.12236,32.98958],[-84.48971,32.99373],[-84.57067,32.84518],[-85.18413,32.87053],[-84.88908,32.26091],[-85.13433,31.89146],[-85.10752,31.18645],[-84.86469,30.71154]]],[[[-84.30274,32.9997],[-84.29867,33.00414],[-84.30275,33.00415],[-84.30274,32.9997]]],[[[-81.27716,31.31122],[-81.27188,31.3041],[-81.27066,31.31052],[-81.27716,31.31122]]]]}},{"type":"Feature","properties":{"diocese_id":"diocese-of-hawaii","name":"Episcopal Diocese of Hawai\u02bbi","state":"HI, GU, MP","province":"8","counties":["Guam, GU","Hawaii County, HI","Honolulu County, HI","Kalawao County, HI","Kauai County, HI","Maui County, HI","Northern Islands Municipality, MP","Rota Municipality, MP","Saipan Municipality, MP","Tinian Municipality, MP"],"source":"Census 2024 county shapes, dissolved, simplified to ~0.08 degree for size","as_of":"2026-10-08"},"geometry":{"type":"MultiPolygon","coordinates":[[[[-160.53781,21.65906],[-160.54496,21.65233],[-160.53697,21.64964],[-160.53781,21.65906]]],[[[-160.10494,21.99824],[-160.20354,21.77916],[-160.05303,21.99228],[-160.10494,21.99824]]],[[[-161.92949,23.06255],[-161.92577,23.05425],[-161.91559,23.05835],[-161.92949,23.06255]]],[[[-166.17133,23.6441],[-166.17018,23.64242],[-166.17006,23.64395],[-166.17133,23.6441]]],[[[-166.16393,23.72961],[-166.16558,23.72909],[-166.16375,23.72687],[-166.16393,23.72961]]],[[[-166.16542,23.73535],[-166.1665,23.73299],[-166.16498,23.7333],[-166.16542,23.73535]]],[[[-166.20918,23.78823],[-166.20803,23.78578],[-166.20746,23.78682],[-166.20918,23.78823]]],[[[-166.22251,23.86221],[-166.22378,23.86124],[-166.22173,23.86059],[-166.22251,23.86221]]],[[[-166.28115,23.87172],[-166.28827,23.8673],[-166.27993,23.87151],[-166.28115,23.87172]]],[[[-168.00207,24.99997],[-167.99583,24.99821],[-167.99771,25.00443],[-168.00207,24.99997]]],[[[-171.72989,25.76285],[-171.74362,25.77689],[-171.74244,25.75615],[-171.72989,25.76285]]],[[[-173.97608,26.07861],[-173.96332,26.07236],[-173.97295,26.07986],[-173.97608,26.07861]]],[[[-175.94359,27.76593],[-175.94255,27.76243],[-175.94187,27.76392],[-175.94359,27.76593]]],[[[-175.90627,27.77416],[-175.90904,27.77244],[-175.90593,27.77337],[-175.90627,27.77416]]],[[[-175.81988,27.79127],[-175.81795,27.78795],[-175.81451,27.78997],[-175.81988,27.79127]]],[[[-175.73816,27.92696],[-175.7377,27.92356],[-175.73688,27.92705],[-175.73816,27.92696]]],[[[-178.3347,28.38945],[-178.28811,28.39237],[-178.28893,28.40212],[-178.3347,28.38945]]],[[[144.64669,13.23419],[144.65708,13.24238],[144.64516,13.23463],[144.64669,13.23419]]],[[[144.62572,13.45674],[144.72601,13.24757],[144.95671,13.59817],[144.85853,13.65397],[144.62572,13.45674]]],[[[145.1224,14.12542],[145.21247,14.11529],[145.29,14.19],[145.23911,14.19975],[145.1224,14.12542]]],[[[-156.05069,19.76169],[-155.90678,19.07989],[-155.68279,18.91036],[-155.50999,19.129],[-154.80677,19.51604],[-155.20564,19.96944],[-155.83704,20.26703],[-155.8324,19.97393],[-156.05069,19.76169]]],[[[145.21669,20.01079],[145.2089,20.02839],[145.2073,20.01729],[145.21669,20.01079]]],[[[145.22472,20.03039],[145.22066,20.03558],[145.21483,20.03229],[145.22472,20.03039]]],[[[144.89756,20.53771],[144.88741,20.55007],[144.88751,20.53817],[144.89756,20.53771]]],[[[-156.56841,20.60309],[-156.67261,20.50101],[-156.53179,20.52826],[-156.56841,20.60309]]],[[[-156.69229,20.9471],[-156.46126,20.77847],[-156.41231,20.5829],[-155.98763,20.70819],[-156.24028,20.9359],[-156.47969,20.89807],[-156.60332,21.03119],[-156.69229,20.9471]]],[[[-157.00739,20.9264],[-156.9664,20.73336],[-156.82985,20.76692],[-156.8697,20.89293],[-157.00739,20.9264]]],[[[-157.29674,21.13305],[-156.8745,21.04548],[-156.70911,21.15865],[-157.2541,21.22415],[-157.29674,21.13305]]],[[[-157.65657,21.33168],[-157.65408,21.32599],[-157.65388,21.32835],[-157.65657,21.33168]]],[[[-157.79043,21.43159],[-157.78674,21.43318],[-157.78882,21.43614],[-157.79043,21.43159]]],[[[-158.2091,21.58207],[-158.1083,21.29761],[-157.65103,21.29882],[-157.84099,21.45948],[-157.96738,21.71043],[-158.2091,21.58207]]],[[[-160.09695,22.02149],[-160.10184,22.01572],[-160.08797,22.02141],[-160.09695,22.02149]]],[[[-159.78375,22.0649],[-159.44487,21.86863],[-159.29328,22.14434],[-159.58106,22.22349],[-159.78375,22.0649]]],[[[145.57314,14.8661],[145.54548,14.84041],[145.57885,14.86051],[145.57314,14.8661]]],[[[145.64526,15.10078],[145.58489,14.9959],[145.64225,14.92426],[145.64526,15.10078]]],[[[145.79011,15.14932],[145.79259,15.15043],[145.79094,15.15151],[145.79011,15.14932]]],[[[145.71709,15.21924],[145.75048,15.0934],[145.81887,15.28649],[145.71709,15.21924]]],[[[145.71373,15.24111],[145.71153,15.24066],[145.71306,15.24001],[145.71373,15.24111]]],[[[145.81276,15.25744],[145.81433,15.2566],[145.81449,15.25819],[145.81276,15.25744]]],[[[146.06177,16.02755],[146.0522,16.00539],[146.06305,16.02765],[146.06177,16.02755]]],[[[145.70582,16.36924],[145.64719,16.33253],[145.72384,16.35123],[145.70582,16.36924]]],[[[145.78687,16.71202],[145.7669,16.70273],[145.78657,16.69135],[145.78687,16.71202]]],[[[145.84492,17.29708],[145.83525,17.32],[145.83448,17.30172],[145.84492,17.29708]]],[[[145.85116,17.60178],[145.81591,17.5918],[145.83926,17.58031],[145.85116,17.60178]]],[[[145.71295,18.05936],[145.79492,18.10267],[145.802,18.16242],[145.75917,18.15977],[145.71295,18.05936]]],[[[145.69569,18.79159],[145.65473,18.73391],[145.69056,18.74082],[145.69569,18.79159]]],[[[145.41101,19.67871],[145.39739,19.70485],[145.39007,19.68459],[145.41101,19.67871]]],[[[145.23873,20.02017],[145.22772,20.01283],[145.22852,20.01188],[145.23873,20.02017]]]]}},{"type":"Feature","properties":{"diocese_id":"diocese-of-idaho","name":"Episcopal Diocese of Idaho","state":"ID","province":"8","counties":["Ada County, ID","Adams County, ID","Bannock County, ID","Bear Lake County, ID","Benewah County, ID","Bingham County, ID","Blaine County, ID","Boise County, ID","Bonner County, ID","Bonneville County, ID","Boundary County, ID","Butte County, ID","Camas County, ID","Canyon County, ID","Caribou County, ID","Cassia County, ID","Clark County, ID","Clearwater County, ID","Custer County, ID","Elmore County, ID","Franklin County, ID","Fremont County, ID","Gem County, ID","Gooding County, ID","Idaho County, ID","Jefferson County, ID","Jerome County, ID","Kootenai County, ID","Latah County, ID","Lemhi County, ID","Lewis County, ID","Lincoln County, ID","Madison County, ID","Minidoka County, ID","Nez Perce County, ID","Oneida County, ID","Owyhee County, ID","Payette County, ID","Power County, ID","Shoshone County, ID","Teton County, ID","Twin Falls County, ID","Valley County, ID","Washington County, ID"],"source":"Census 2024 county shapes, dissolved, simplified to ~0.08 degree for size","as_of":"2026-10-08"},"geometry":{"type":"Polygon","coordinates":[[[-117.02662,43.6808],[-117.0262,41.99989],[-111.04671,42.0017],[-111.04897,44.47407],[-111.38511,44.7549],[-111.51617,44.64406],[-111.46827,44.53898],[-112.28604,44.5686],[-112.38734,44.4476],[-112.77984,44.48461],[-112.85509,44.35997],[-113.13183,44.77304],[-113.45507,44.86542],[-113.45204,45.05917],[-113.93526,45.69434],[-114.32958,45.45997],[-114.56497,45.55781],[-114.56646,45.77331],[-114.3873,45.88775],[-114.5271,46.14622],[-114.32112,46.64751],[-114.76727,46.6972],[-115.32015,47.2567],[-115.7593,47.42386],[-115.62997,47.47963],[-115.75566,47.5483],[-115.72279,47.69472],[-116.04911,47.97684],[-116.04909,49.00085],[-117.03235,48.99919],[-117.06263,46.35252],[-116.8598,45.90726],[-116.4635,45.61579],[-116.85243,44.88758],[-117.22508,44.48235],[-117.21697,44.28836],[-116.89576,44.17127],[-117.02662,43.6808]]]}},{"type":"Feature","properties":{"diocese_id":"diocese-of-indianapolis","name":"Episcopal Diocese of Indianapolis","state":"IN","province":"5","counties":["Bartholomew County, IN","Boone County, IN","Brown County, IN","Clark County, IN","Clay County, IN","Clinton County, IN","Crawford County, IN","Daviess County, IN","Dearborn County, IN","Decatur County, IN","Delaware County, IN","Dubois County, IN","Fayette County, IN","Floyd County, IN","Fountain County, IN","Franklin County, IN","Gibson County, IN","Greene County, IN","Hamilton County, IN","Hancock County, IN","Harrison County, IN","Hendricks County, IN","Henry County, IN","Jackson County, IN","Jefferson County, IN","Jennings County, IN","Johnson County, IN","Knox County, IN","Lawrence County, IN","Madison County, IN","Marion County, IN","Martin County, IN","Monroe County, IN","Montgomery County, IN","Morgan County, IN","Ohio County, IN","Orange County, IN","Owen County, IN","Parke County, IN","Perry County, IN","Pike County, IN","Posey County, IN","Putnam County, IN","Randolph County, IN","Ripley County, IN","Rush County, IN","Scott County, IN","Shelby County, IN","Spencer County, IN","Sullivan County, IN","Switzerland County, IN","Tippecanoe County, IN","Tipton County, IN","Union County, IN","Vanderburgh County, IN","Vermillion County, IN","Vigo County, IN","Warren County, IN","Warrick County, IN","Washington County, IN","Wayne County, IN"],"source":"Census 2024 county shapes, dissolved, simplified to ~0.08 degree for size","as_of":"2026-10-08"},"geometry":{"type":"Polygon","coordinates":[[[-86.81527,37.99888],[-86.62576,37.84727],[-86.35772,38.19881],[-86.03819,37.95959],[-85.82922,38.27651],[-85.42244,38.53293],[-85.4363,38.72848],[-84.81288,38.78609],[-84.89691,39.05747],[-84.80366,40.31009],[-86.28075,40.37373],[-86.69467,40.43216],[-86.69535,40.56187],[-87.5266,40.47688],[-87.53165,39.34806],[-87.65874,39.136],[-87.49652,38.73934],[-87.83898,38.28233],[-87.98762,38.25738],[-87.91143,38.16174],[-88.09185,37.82211],[-87.94859,37.77234],[-87.89247,37.92793],[-87.6154,37.83197],[-87.59002,37.97547],[-87.11101,37.78235],[-86.81527,37.99888]]]}},{"type":"Feature","properties":{"diocese_id":"diocese-of-iowa","name":"Episcopal Diocese of Iowa","state":"IA","province":"6","counties":["Adair County, IA","Adams County, IA","Allamakee County, IA","Appanoose County, IA","Audubon County, IA","Benton County, IA","Black Hawk County, IA","Boone County, IA","Bremer County, IA","Buchanan County, IA","Buena Vista County, IA","Butler County, IA","Calhoun County, IA","Carroll County, IA","Cass County, IA","Cedar County, IA","Cerro Gordo County, IA","Cherokee County, IA","Chickasaw County, IA","Clarke County, IA","Clay County, IA","Clayton County, IA","Clinton County, IA","Crawford County, IA","Dallas County, IA","Davis County, IA","Decatur County, IA","Delaware County, IA","Des Moines County, IA","Dickinson County, IA","Dubuque County, IA","Emmet County, IA","Fayette County, IA","Floyd County, IA","Franklin County, IA","Fremont County, IA","Greene County, IA","Grundy County, IA","Guthrie County, IA","Hamilton County, IA","Hancock County, IA","Hardin County, IA","Harrison County, IA","Henry County, IA","Howard County, IA","Humboldt County, IA","Ida County, IA","Iowa County, IA","Jackson County, IA","Jasper County, IA","Jefferson County, IA","Johnson County, IA","Jones County, IA","Keokuk County, IA","Kossuth County, IA","Lee County, IA","Linn County, IA","Louisa County, IA","Lucas County, IA","Lyon County, IA","Madison County, IA","Mahaska County, IA","Marion County, IA","Marshall County, IA","Mills County, IA","Mitchell County, IA","Monona County, IA","Monroe County, IA","Montgomery County, IA","Muscatine County, IA","O'Brien County, IA","Osceola County, IA","Page County, IA","Palo Alto County, IA","Plymouth County, IA","Pocahontas County, IA","Polk County, IA","Pottawattamie County, IA","Poweshiek County, IA","Ringgold County, IA","Sac County, IA","Scott County, IA","Shelby County, IA","Sioux County, IA","Story County, IA","Tama County, IA","Taylor County, IA","Union County, IA","Van Buren County, IA","Wapello County, IA","Warren County, IA","Washington County, IA","Wayne County, IA","Webster County, IA","Winnebago County, IA","Winneshiek County, IA","Woodbury County, IA","Worth County, IA","Wright County, IA"],"source":"Census 2024 county shapes, dissolved, simplified to ~0.08 degree for size","as_of":"2026-10-08"},"geometry":{"type":"Polygon","coordinates":[[[-95.76565,40.58521],[-91.72911,40.61364],[-91.38836,40.38493],[-91.40524,40.55464],[-91.12393,40.66915],[-90.95223,40.95405],[-91.11365,41.2414],[-91.04589,41.41409],[-90.34323,41.58783],[-90.18095,41.80935],[-90.1629,42.11672],[-90.7063,42.63417],[-91.06468,42.75091],[-91.17946,43.06743],[-91.05792,43.25537],[-91.21771,43.50055],[-96.59893,43.50046],[-96.43659,43.12084],[-96.63862,42.73492],[-96.1295,41.97167],[-96.09201,41.53391],[-95.92028,41.45157],[-95.80947,40.89123],[-95.88318,40.71758],[-95.76565,40.58521]]]}},{"type":"Feature","properties":{"diocese_id":"diocese-of-kansas","name":"Episcopal Diocese of Kansas","state":"KS","province":"7","counties":["Allen County, KS","Anderson County, KS","Atchison County, KS","Bourbon County, KS","Brown County, KS","Butler County, KS","Chase County, KS","Chautauqua County, KS","Cherokee County, KS","Clay County, KS","Coffey County, KS","Cowley County, KS","Crawford County, KS","Dickinson County, KS","Doniphan County, KS","Douglas County, KS","Elk County, KS","Franklin County, KS","Geary County, KS","Greenwood County, KS","Harvey County, KS","Jackson County, KS","Jefferson County, KS","Johnson County, KS","Labette County, KS","Leavenworth County, KS","Linn County, KS","Lyon County, KS","Marion County, KS","Marshall County, KS","Miami County, KS","Montgomery County, KS","Morris County, KS","Nemaha County, KS","Neosho County, KS","Osage County, KS","Pottawatomie County, KS","Riley County, KS","Sedgwick County, KS","Shawnee County, KS","Sumner County, KS","Wabaunsee County, KS","Washington County, KS","Wilson County, KS","Woodson County, KS","Wyandotte County, KS"],"source":"Census 2024 county shapes, dissolved, simplified to ~0.08 degree for size","as_of":"2026-10-08"},"geometry":{"type":"Polygon","coordinates":[[[-97.80231,36.99871],[-94.61796,36.99891],[-94.58841,39.14987],[-94.83168,39.21594],[-95.11356,39.55394],[-94.87704,39.82375],[-95.30829,40.0],[-97.3692,40.00206],[-97.37175,38.17367],[-97.70184,38.17381],[-97.80231,36.99871]]]}},{"type":"Feature","properties":{"diocese_id":"diocese-of-kentucky","name":"Episcopal Diocese of Kentucky","state":"KY","province":"4","counties":["Adair County, KY","Allen County, KY","Ballard County, KY","Barren County, KY","Bourbon County, KY","Breckinridge County, KY","Bullitt County, KY","Butler County, KY","Caldwell County, KY","Calloway County, KY","Carlisle County, KY","Carroll County, KY","Christian County, KY","Clinton County, KY","Crittenden County, KY","Cumberland County, KY","Daviess County, KY","Edmonson County, KY","Fulton County, KY","Graves County, KY","Grayson County, KY","Green County, KY","Hancock County, KY","Hardin County, KY","Hart County, KY","Henderson County, KY","Henry County, KY","Hickman County, KY","Hopkins County, KY","Jefferson County, KY","Larue County, KY","Livingston County, KY","Logan County, KY","Lyon County, KY","Marion County, KY","Marshall County, KY","McCracken County, KY","McLean County, KY","Meade County, KY","Metcalfe County, KY","Monroe County, KY","Muhlenberg County, KY","Nelson County, KY","Ohio County, KY","Oldham County, KY","Russell County, KY","Shelby County, KY","Simpson County, KY","Spencer County, KY","Taylor County, KY","Todd County, KY","Trigg County, KY","Trimble County, KY","Union County, KY","Warren County, KY","Washington County, KY","Webster County, KY"],"source":"Census 2024 county shapes, dissolved, simplified to ~0.08 degree for size","as_of":"2026-10-08"},"geometry":{"type":"MultiPolygon","coordinates":[[[[-89.47909,36.56821],[-89.53923,36.49793],[-89.48543,36.49749],[-89.47909,36.56821]]],[[[-89.15908,36.66635],[-89.41728,36.49901],[-88.05321,36.49713],[-88.07053,36.67812],[-84.97488,36.61555],[-85.06431,36.85874],[-84.83571,36.99761],[-85.16517,37.3104],[-85.04502,37.41225],[-85.00052,37.85472],[-85.17004,37.9947],[-84.99767,38.33559],[-84.86706,38.36199],[-85.07593,38.57802],[-84.93454,38.66213],[-85.02343,38.7621],[-85.4363,38.72848],[-85.42244,38.53293],[-85.82922,38.27651],[-86.04231,37.95817],[-86.35772,38.19881],[-86.63827,37.84272],[-86.82007,37.99939],[-87.11101,37.78235],[-87.41333,37.94471],[-87.59617,37.97486],[-87.64586,37.8259],[-87.90479,37.92489],[-87.90681,37.80762],[-88.15937,37.66185],[-88.06784,37.48587],[-88.47659,37.38688],[-88.46059,37.0743],[-89.02998,37.21114],[-89.18137,37.0463],[-89.15908,36.66635]]],[[[-84.42469,38.28112],[-84.28646,38.06703],[-83.96981,38.20417],[-84.19405,38.37175],[-84.42469,38.28112]]]]}},{"type":"Feature","properties":{"diocese_id":"diocese-of-lexington","name":"Episcopal Diocese of Lexington","state":"KY","province":"4","counties":["Anderson County, KY","Bath County, KY","Bell County, KY","Boone County, KY","Boyd County, KY","Boyle County, KY","Bracken County, KY","Breathitt County, KY","Campbell County, KY","Carter County, KY","Casey County, KY","Clark County, KY","Clay County, KY","Elliott County, KY","Estill County, KY","Fayette County, KY","Fleming County, KY","Floyd County, KY","Franklin County, KY","Gallatin County, KY","Garrard County, KY","Grant County, KY","Greenup County, KY","Harlan County, KY","Harrison County, KY","Jackson County, KY","Jessamine County, KY","Johnson County, KY","Kenton County, KY","Knott County, KY","Knox County, KY","Laurel County, KY","Lawrence County, KY","Lee County, KY","Leslie County, KY","Letcher County, KY","Lewis County, KY","Lincoln County, KY","Madison County, KY","Magoffin County, KY","Martin County, KY","Mason County, KY","McCreary County, KY","Menifee County, KY","Mercer County, KY","Montgomery County, KY","Morgan County, KY","Nicholas County, KY","Owen County, KY","Owsley County, KY","Pendleton County, KY","Perry County, KY","Pike County, KY","Powell County, KY","Pulaski County, KY","Robertson County, KY","Rockcastle County, KY","Rowan County, KY","Scott County, KY","Wayne County, KY","Whitley County, KY","Wolfe County, KY","Woodford County, KY"],"source":"Census 2024 county shapes, dissolved, simplified to ~0.08 degree for size","as_of":"2026-10-08"},"geometry":{"type":"Polygon","coordinates":[[[-84.99946,36.62456],[-83.69071,36.58258],[-83.13639,36.74309],[-81.96497,37.54303],[-82.30395,37.67576],[-82.5022,37.93305],[-82.64474,38.16549],[-82.60409,38.45984],[-82.84431,38.59086],[-82.87949,38.75148],[-83.29419,38.59659],[-83.52095,38.70305],[-83.67144,38.62738],[-84.2129,38.80571],[-84.44979,39.11775],[-84.75445,39.14666],[-84.89691,39.05747],[-84.81288,38.78609],[-85.02343,38.7621],[-84.93659,38.65209],[-85.07458,38.59684],[-84.86706,38.36199],[-84.99767,38.33559],[-85.16919,37.99792],[-85.00052,37.85472],[-85.04502,37.41225],[-85.16517,37.3104],[-84.83571,36.99761],[-85.06431,36.85874],[-84.99946,36.62456]],[[-84.44122,38.28194],[-84.19405,38.37175],[-83.96981,38.20417],[-84.28646,38.06703],[-84.44122,38.28194]]]}},{"type":"Feature","properties":{"diocese_id":"diocese-of-long-island","name":"Episcopal Diocese of Long Island","state":"NY","province":"2","counties":["Kings County, NY","Nassau County, NY","Queens County, NY","Suffolk County, NY"],"source":"Census 2024 county shapes, dissolved, simplified to ~0.08 degree for size","as_of":"2026-10-08"},"geometry":{"type":"MultiPolygon","coordinates":[[[[-74.04088,40.62892],[-73.93799,40.54374],[-73.20844,40.63088],[-72.4741,40.84084],[-71.85648,41.07104],[-72.10216,40.99151],[-72.27587,41.03657],[-72.27879,41.15872],[-72.63556,40.98196],[-73.48537,40.9464],[-73.46939,40.86643],[-73.91246,40.7961],[-74.04088,40.62892]]],[[[-72.07793,41.09987],[-72.14192,41.09437],[-72.087,41.05903],[-72.07793,41.09987]]],[[[-72.16154,41.18878],[-72.20868,41.17943],[-72.212,41.17354],[-72.16154,41.18878]]],[[[-71.92261,41.29234],[-72.03685,41.24979],[-72.00246,41.25287],[-71.92261,41.29234]]]]}},{"type":"Feature","properties":{"diocese_id":"diocese-of-los-angeles","name":"Episcopal Diocese of Los Angeles","state":"CA","province":"8","counties":["Los Angeles County, CA","Orange County, CA","Santa Barbara County, CA","Ventura County, CA"],"source":"Census 2024 county shapes, dissolved, simplified to ~0.08 degree for size","as_of":"2026-10-08"},"geometry":{"type":"MultiPolygon","coordinates":[[[[-119.52878,33.28542],[-119.54621,33.23256],[-119.4344,33.22702],[-119.52878,33.28542]]],[[[-120.23368,34.00866],[-120.12182,33.89571],[-119.96864,33.94288],[-120.04326,34.03581],[-120.23368,34.00866]]],[[[-119.37927,34.00957],[-119.442,34.01355],[-119.39082,34.00286],[-119.37927,34.00957]]],[[[-119.37233,34.01209],[-119.37258,34.01556],[-119.37449,34.01415],[-119.37233,34.01209]]],[[[-119.92289,34.06714],[-119.81825,33.95986],[-119.52064,34.03426],[-119.63774,34.01318],[-119.92289,34.06714]]],[[[-120.36828,34.07646],[-120.45413,34.02808],[-120.30722,34.02237],[-120.36828,34.07646]]],[[[-120.66421,34.92086],[-120.64924,34.57671],[-120.47138,34.44785],[-119.56399,34.41532],[-119.12925,34.10084],[-118.52436,34.03068],[-118.41047,33.74104],[-118.1327,33.75322],[-117.596,33.38779],[-117.4139,33.65765],[-117.80245,33.96831],[-117.64637,34.28917],[-117.66746,34.82253],[-119.24253,34.81432],[-120.08208,35.11468],[-120.32382,35.01731],[-120.30183,34.90557],[-120.66421,34.92086]]],[[[-118.58673,33.03175],[-118.50621,32.85298],[-118.35419,32.82092],[-118.4995,32.93365],[-118.58673,33.03175]]],[[[-118.57035,33.47531],[-118.46537,33.32606],[-118.30508,33.31032],[-118.37032,33.40928],[-118.57035,33.47531]]],[[[-119.03852,33.46569],[-119.03046,33.48833],[-119.04809,33.48206],[-119.03852,33.46569]]]]}},{"type":"Feature","properties":{"diocese_id":"diocese-of-louisiana","name":"Episcopal Diocese of Louisiana","state":"LA","province":"4","counties":["Ascension Parish, LA","Assumption Parish, LA","East Baton Rouge Parish, LA","East Feliciana Parish, LA","Iberville Parish, LA","Jefferson Parish, LA","LaSalle Parish, LA","Lafourche Parish, LA","Livingston Parish, LA","Orleans Parish, LA","Plaquemines Parish, LA","Pointe Coupee Parish, LA","St. Bernard Parish, LA","St. Charles Parish, LA","St. Helena Parish, LA","St. James Parish, LA","St. John the Baptist Parish, LA","St. Mary Parish, LA","St. Tammany Parish, LA","Tangipahoa Parish, LA","Terrebonne Parish, LA","Washington Parish, LA","West Baton Rouge Parish, LA","West Feliciana Parish, LA"],"source":"Census 2024 county shapes, dissolved, simplified to ~0.08 degree for size","as_of":"2026-10-08"},"geometry":{"type":"MultiPolygon","coordinates":[[[[-90.80616,29.05379],[-90.86814,29.0572],[-90.83433,29.04492],[-90.80616,29.05379]]],[[[-90.92649,29.04912],[-90.91553,29.04987],[-90.93681,29.05443],[-90.92649,29.04912]]],[[[-90.71178,29.06233],[-90.75932,29.04689],[-90.66167,29.06261],[-90.71178,29.06233]]],[[[-90.52917,29.07805],[-90.42366,29.06086],[-90.55032,29.09214],[-90.52917,29.07805]]],[[[-91.04013,29.18869],[-91.03633,29.19025],[-91.04156,29.1918],[-91.04013,29.18869]]],[[[-90.61692,29.19807],[-90.61457,29.19284],[-90.61338,29.19315],[-90.61692,29.19807]]],[[[-90.44296,29.25434],[-90.43512,29.25341],[-90.44439,29.26253],[-90.44296,29.25434]]],[[[-91.31263,29.30571],[-91.21518,29.22697],[-90.95243,29.18329],[-90.80593,29.06446],[-90.4344,29.34855],[-90.22287,29.08707],[-90.04785,29.18958],[-89.99178,29.45063],[-89.8364,29.47491],[-89.59545,29.35601],[-89.84264,29.31882],[-89.39965,29.12368],[-89.29503,29.19887],[-89.41987,28.92971],[-89.25173,29.08317],[-89.14287,28.99162],[-89.02597,29.21515],[-89.56129,29.39521],[-89.68345,29.54927],[-89.52489,29.72657],[-89.44565,29.65188],[-89.3947,29.79015],[-89.28574,29.76339],[-89.3857,29.83549],[-89.22788,29.97048],[-89.37006,29.89213],[-89.45777,29.99819],[-89.37268,30.04985],[-89.48442,30.07883],[-89.65003,29.86214],[-89.85456,29.98279],[-89.52809,30.18898],[-89.85189,30.6612],[-89.72962,31.00393],[-91.80373,30.97791],[-91.75621,30.49813],[-91.4639,30.10268],[-91.22355,30.04079],[-91.08947,29.75555],[-91.38649,29.78368],[-91.47195,29.9563],[-91.88075,29.71084],[-91.6279,29.74108],[-91.54138,29.52633],[-91.2664,29.47609],[-91.11773,29.25828],[-91.23699,29.37134],[-91.31263,29.30571]]],[[[-92.37196,31.61694],[-92.00803,31.32581],[-92.00562,31.92738],[-92.31252,31.92766],[-92.37196,31.61694]]],[[[-90.3216,29.07086],[-90.32856,29.06525],[-90.31931,29.06989],[-90.3216,29.07086]]],[[[-90.35603,29.10193],[-90.34314,29.10618],[-90.36169,29.10308],[-90.35603,29.10193]]],[[[-90.34373,29.11853],[-90.35252,29.11978],[-90.37617,29.10867],[-90.34373,29.11853]]],[[[-90.34456,29.18412],[-90.34697,29.18644],[-90.34765,29.17769],[-90.34456,29.18412]]],[[[-90.41075,29.21068],[-90.41087,29.20269],[-90.40778,29.20394],[-90.41075,29.21068]]],[[[-89.98816,29.26015],[-90.04322,29.2003],[-89.94968,29.26488],[-89.98816,29.26015]]],[[[-90.01086,29.23775],[-90.01692,29.25061],[-90.02464,29.24107],[-90.01086,29.23775]]],[[[-90.0269,29.26004],[-90.02096,29.26647],[-90.0288,29.2645],[-90.0269,29.26004]]],[[[-89.97948,29.27756],[-89.96938,29.2843],[-89.97913,29.28109],[-89.97948,29.27756]]],[[[-89.91584,29.28648],[-89.94302,29.27653],[-89.95041,29.2755],[-89.94422,29.27172],[-89.91584,29.28648]]],[[[-89.95793,29.30247],[-89.95976,29.30678],[-89.96246,29.30431],[-89.95793,29.30247]]],[[[-89.97047,29.30334],[-89.98404,29.32081],[-89.97432,29.30124],[-89.97047,29.30334]]],[[[-89.86124,29.31166],[-89.89024,29.32389],[-89.90117,29.31488],[-89.86124,29.31166]]],[[[-89.29996,29.38518],[-89.29697,29.38251],[-89.29832,29.38543],[-89.29996,29.38518]]],[[[-89.59967,29.50759],[-89.60288,29.53903],[-89.62796,29.53314],[-89.59967,29.50759]]],[[[-89.6667,29.55309],[-89.65684,29.55102],[-89.66337,29.55609],[-89.6667,29.55309]]],[[[-89.6396,29.55568],[-89.64507,29.55661],[-89.64329,29.55371],[-89.6396,29.55568]]],[[[-89.64364,29.56405],[-89.63033,29.5687],[-89.64578,29.56529],[-89.64364,29.56405]]],[[[-89.5805,29.57949],[-89.57602,29.57407],[-89.56913,29.57521],[-89.5805,29.57949]]],[[[-89.25612,29.82371],[-89.2495,29.82865],[-89.26293,29.82473],[-89.25612,29.82371]]],[[[-88.86406,29.84658],[-88.86271,29.85678],[-88.86566,29.86262],[-88.86406,29.84658]]],[[[-88.87882,29.87236],[-88.87486,29.88062],[-88.87531,29.88195],[-88.87882,29.87236]]],[[[-88.82654,29.84709],[-88.82416,29.97046],[-88.85558,30.03441],[-88.88145,30.0532],[-88.82825,29.92072],[-88.87509,29.75982],[-88.82654,29.84709]]],[[[-89.36252,29.92267],[-89.35253,29.92792],[-89.35776,29.934],[-89.36252,29.92267]]],[[[-89.32663,29.94698],[-89.3195,29.95233],[-89.32591,29.95532],[-89.32663,29.94698]]],[[[-89.33566,29.96283],[-89.334,29.95913],[-89.33221,29.96242],[-89.33566,29.96283]]],[[[-89.35182,29.97292],[-89.36905,29.95254],[-89.36489,29.95068],[-89.35182,29.97292]]],[[[-89.34742,29.97519],[-89.34041,29.97622],[-89.3435,29.98126],[-89.34742,29.97519]]],[[[-89.33958,29.99402],[-89.33673,29.98795],[-89.33673,29.99423],[-89.33958,29.99402]]],[[[-89.28777,29.99958],[-89.29335,29.99475],[-89.28991,29.99516],[-89.28777,29.99958]]],[[[-89.37844,30.00421],[-89.37975,30.01461],[-89.38141,30.00905],[-89.37844,30.00421]]],[[[-89.18572,30.157],[-89.34216,30.05917],[-89.33322,30.03477],[-89.20158,30.00143],[-89.18572,30.157]]],[[[-89.44656,30.13028],[-89.41769,30.14368],[-89.44209,30.14437],[-89.44656,30.13028]]]]}},{"type":"Feature","properties":{"diocese_id":"diocese-of-maine","name":"Episcopal Diocese of Maine","state":"ME","province":"1","counties":["Androscoggin County, ME","Aroostook County, ME","Cumberland County, ME","Franklin County, ME","Hancock County, ME","Kennebec County, ME","Knox County, ME","Lincoln County, ME","Oxford County, ME","Penobscot County, ME","Piscataquis County, ME","Sagadahoc County, ME","Somerset County, ME","Waldo County, ME","Washington County, ME","York County, ME"],"source":"Census 2024 county shapes, dissolved, simplified to ~0.08 degree for size","as_of":"2026-10-08"},"geometry":{"type":"MultiPolygon","coordinates":[[[[-70.61467,42.99291],[-70.60783,42.97776],[-70.60135,42.98108],[-70.61467,42.99291]]],[[[-70.37912,43.5072],[-70.2014,43.56074],[-70.25141,43.68518],[-70.19427,43.7686],[-70.0192,43.85873],[-69.94504,43.85996],[-70.04501,43.73667],[-69.8734,43.77838],[-69.8368,43.69973],[-69.67708,43.92698],[-69.65561,43.78104],[-69.63881,43.84784],[-69.50329,43.83767],[-69.43773,43.97575],[-69.1235,43.97901],[-68.99838,44.42559],[-68.80586,44.52429],[-68.8272,44.31216],[-68.73931,44.33317],[-68.62425,44.30211],[-68.52279,44.2281],[-68.56517,44.39905],[-68.42534,44.49827],[-68.35427,44.40054],[-68.43095,44.29862],[-68.33383,44.22129],[-68.31719,44.29431],[-68.1745,44.34518],[-68.36568,44.43534],[-68.21143,44.52014],[-68.12135,44.47895],[-68.04933,44.33073],[-68.02746,44.48251],[-67.89862,44.3956],[-67.84778,44.563],[-67.56472,44.53207],[-67.54337,44.62655],[-67.36827,44.62467],[-67.39478,44.695],[-67.29918,44.70571],[-67.32618,44.65671],[-67.24637,44.62638],[-66.95057,44.81454],[-67.15792,45.161],[-67.34558,45.12639],[-67.48933,45.28128],[-67.42972,45.58377],[-67.81789,45.69371],[-67.79051,47.06792],[-68.15515,47.32542],[-68.90009,47.17772],[-69.05025,47.25588],[-69.0427,47.42665],[-69.22442,47.45969],[-69.99709,46.69523],[-70.05695,46.41515],[-70.29274,46.1916],[-70.25912,45.89075],[-70.72285,45.51277],[-70.63466,45.38361],[-70.79803,45.42671],[-70.85704,45.22916],[-71.08392,45.30545],[-70.98596,43.38002],[-70.70382,43.05982],[-70.37912,43.5072]]],[[[-70.238,43.54729],[-70.22784,43.53826],[-70.2244,43.5472],[-70.238,43.54729]]],[[[-70.19261,43.64696],[-70.20593,43.63363],[-70.1907,43.64558],[-70.19261,43.64696]]],[[[-70.17959,43.65538],[-70.20069,43.66295],[-70.19974,43.64937],[-70.17959,43.65538]]],[[[-70.19308,43.67344],[-70.20189,43.68548],[-70.21313,43.66297],[-70.19308,43.67344]]],[[[-70.08726,43.69103],[-70.10123,43.67547],[-70.09604,43.67228],[-70.08726,43.69103]]],[[[-70.15172,43.68169],[-70.17134,43.68755],[-70.17028,43.67544],[-70.15172,43.68169]]],[[[-70.08762,43.69991],[-70.09311,43.71052],[-70.11829,43.68334],[-70.08762,43.69991]]],[[[-70.11869,43.70781],[-70.12225,43.70008],[-70.11179,43.71004],[-70.11869,43.70781]]],[[[-69.75409,43.70712],[-69.76031,43.71044],[-69.75718,43.70334],[-69.75409,43.70712]]],[[[-70.15318,43.71264],[-70.1467,43.70889],[-70.14519,43.71472],[-70.15318,43.71264]]],[[[-70.0713,43.71377],[-70.07876,43.7152],[-70.07928,43.70699],[-70.0713,43.71377]]],[[[-70.08161,43.71606],[-70.08969,43.71503],[-70.08826,43.71296],[-70.08161,43.71606]]],[[[-70.19665,43.7152],[-70.18952,43.71657],[-70.18666,43.72327],[-70.19665,43.7152]]],[[[-70.02884,43.72636],[-70.02742,43.71778],[-70.021,43.72465],[-70.02884,43.72636]]],[[[-70.04025,43.72671],[-70.04905,43.72276],[-70.04667,43.72018],[-70.04025,43.72671]]],[[[-70.0904,43.73134],[-70.08541,43.73083],[-70.08636,43.73237],[-70.0904,43.73134]]],[[[-69.93429,43.72667],[-69.93901,43.72382],[-69.93116,43.72413],[-69.93429,43.72667]]],[[[-70.10733,43.72541],[-70.13814,43.72756],[-70.12815,43.70856],[-70.10733,43.72541]]],[[[-70.18856,43.73684],[-70.17834,43.74062],[-70.17668,43.74543],[-70.18856,43.73684]]],[[[-70.06132,43.7421],[-70.04617,43.75726],[-70.04477,43.76483],[-70.06132,43.7421]]],[[[-70.12344,43.75762],[-70.14554,43.77581],[-70.16028,43.74972],[-70.12344,43.75762]]],[[[-70.06022,43.76723],[-70.05333,43.76517],[-70.05499,43.77066],[-70.06022,43.76723]]],[[[-69.61396,43.75108],[-69.6053,43.78027],[-69.61885,43.75744],[-69.61396,43.75108]]],[[[-69.58153,43.77186],[-69.5889,43.77478],[-69.58819,43.77049],[-69.58153,43.77186]]],[[[-70.09604,43.78838],[-70.10202,43.77681],[-70.08965,43.78519],[-70.09604,43.78838]]],[[[-70.06355,43.78902],[-70.07448,43.77993],[-70.06307,43.78765],[-70.06355,43.78902]]],[[[-70.12343,43.79391],[-70.12492,43.79077],[-70.12221,43.79378],[-70.12343,43.79391]]],[[[-70.03906,43.78508],[-70.02981,43.81112],[-70.04656,43.782],[-70.03906,43.78508]]],[[[-69.5996,43.80326],[-69.59885,43.79391],[-69.59389,43.80412],[-69.5996,43.80326]]],[[[-70.07353,43.80138],[-70.06996,43.79674],[-70.06664,43.80429],[-70.07353,43.80138]]],[[[-69.62673,43.80516],[-69.63551,43.80925],[-69.63413,43.80349],[-69.62673,43.80516]]],[[[-70.00935,43.81132],[-70.00531,43.82744],[-70.01886,43.81458],[-70.00935,43.81132]]],[[[-69.99034,43.84253],[-69.99034,43.8319],[-69.98654,43.84356],[-69.99034,43.84253]]],[[[-69.42205,43.92305],[-69.42894,43.91654],[-69.42728,43.91226],[-69.42205,43.92305]]],[[[-69.42015,43.93588],[-69.43298,43.95214],[-69.44252,43.90906],[-69.42015,43.93588]]],[[[-69.39483,43.96487],[-69.39147,43.95766],[-69.38735,43.9672],[-69.39483,43.96487]]],[[[-69.31432,43.75671],[-69.31363,43.77276],[-69.32256,43.75588],[-69.31432,43.75671]]],[[[-68.88672,43.8222],[-68.89109,43.83552],[-68.89911,43.82193],[-68.88672,43.8222]]],[[[-68.82654,43.84767],[-68.80967,43.85693],[-68.81116,43.86021],[-68.82654,43.84767]]],[[[-68.87883,43.8583],[-68.90238,43.86917],[-68.9077,43.84935],[-68.87883,43.8583]]],[[[-69.29822,43.86498],[-69.28348,43.87372],[-69.2956,43.87595],[-69.29822,43.86498]]],[[[-69.32351,43.86057],[-69.30588,43.87742],[-69.31525,43.88284],[-69.32351,43.86057]]],[[[-69.12055,43.87167],[-69.12792,43.89496],[-69.13038,43.86845],[-69.12055,43.87167]]],[[[-69.31913,43.89668],[-69.30796,43.89102],[-69.32294,43.90164],[-69.31913,43.89668]]],[[[-69.0078,43.90728],[-69.01122,43.89976],[-69.0048,43.9013],[-69.0078,43.90728]]],[[[-69.38472,43.90918],[-69.38354,43.89565],[-69.37166,43.91449],[-69.38472,43.90918]]],[[[-69.31467,43.91728],[-69.30724,43.90869],[-69.3074,43.91811],[-69.31467,43.91728]]],[[[-69.03546,43.91141],[-69.0376,43.9162],[-69.0376,43.91346],[-69.03546,43.91141]]],[[[-69.2202,43.91494],[-69.22252,43.92544],[-69.22751,43.9162],[-69.2202,43.91494]]],[[[-69.34646,43.92253],[-69.35169,43.92715],[-69.35188,43.92254],[-69.34646,43.92253]]],[[[-69.29299,43.94239],[-69.29299,43.93332],[-69.28586,43.93144],[-69.29299,43.94239]]],[[[-69.07848,43.97301],[-69.07753,43.98413],[-69.08313,43.98152],[-69.07848,43.97301]]],[[[-69.07801,43.98618],[-69.0666,43.99696],[-69.0963,43.97929],[-69.07801,43.98618]]],[[[-69.05471,43.99285],[-69.04904,44.01113],[-69.06208,44.00003],[-69.05471,43.99285]]],[[[-69.06265,44.01493],[-69.07159,44.00482],[-69.05614,44.01217],[-69.06265,44.01493]]],[[[-68.89313,44.03659],[-68.88431,44.03078],[-68.88905,44.03943],[-68.89313,44.03659]]],[[[-69.07228,44.03662],[-69.07135,44.04293],[-69.07539,44.039],[-69.07228,44.03662]]],[[[-68.91805,44.04575],[-68.90633,44.04487],[-68.91353,44.05378],[-68.91805,44.04575]]],[[[-68.89523,44.04934],[-68.89927,44.06693],[-68.90854,44.05805],[-68.89523,44.04934]]],[[[-69.04996,44.0689],[-69.04711,44.06599],[-69.04283,44.06821],[-69.04996,44.0689]]],[[[-68.8061,44.11678],[-68.86284,44.02504],[-68.77449,44.06437],[-68.8061,44.11678]]],[[[-69.03809,44.08584],[-69.03618,44.07436],[-69.03204,44.07934],[-69.03809,44.08584]]],[[[-68.82131,44.13401],[-68.80776,44.14407],[-68.82654,44.1364],[-68.82131,44.13401]]],[[[-68.80254,44.13742],[-68.79445,44.14254],[-68.79136,44.14697],[-68.80087,44.14407],[-68.80254,44.13742]]],[[[-68.84612,44.18443],[-68.94253,44.10927],[-68.80206,44.15055],[-68.84612,44.18443]]],[[[-68.98008,44.17264],[-68.98127,44.1769],[-68.9841,44.17209],[-68.98008,44.17264]]],[[[-68.95869,44.19209],[-68.96439,44.20076],[-68.96511,44.1919],[-68.95869,44.19209]]],[[[-68.82584,44.22308],[-68.82488,44.22606],[-68.83037,44.21684],[-68.82584,44.22308]]],[[[-68.84919,44.23613],[-68.85233,44.22866],[-68.84817,44.22929],[-68.84919,44.23613]]],[[[-68.93968,44.22648],[-68.94039,44.24487],[-68.95085,44.21711],[-68.93968,44.22648]]],[[[-68.83106,44.23114],[-68.81822,44.24325],[-68.82762,44.24035],[-68.83106,44.23114]]],[[[-68.86005,44.25585],[-68.86304,44.259],[-68.86209,44.25521],[-68.86005,44.25585]]],[[[-68.82941,44.26098],[-68.81795,44.25732],[-68.81632,44.25841],[-68.82941,44.26098]]],[[[-68.93326,44.27279],[-68.96684,44.25089],[-68.95529,44.24362],[-68.93326,44.27279]]],[[[-68.79809,44.28534],[-68.79523,44.28049],[-68.78518,44.28411],[-68.79809,44.28534]]],[[[-68.81917,44.2904],[-68.82283,44.29311],[-68.82559,44.29244],[-68.81917,44.2904]]],[[[-68.8044,44.29355],[-68.81347,44.29465],[-68.8004,44.2887],[-68.8044,44.29355]]],[[[-68.88008,44.39309],[-68.93024,44.23096],[-68.86044,44.36491],[-68.88008,44.39309]]],[[[-68.73134,43.89026],[-68.73555,43.88953],[-68.7515,43.88412],[-68.74184,43.88301],[-68.73134,43.89026]]],[[[-68.55596,44.03947],[-68.55926,44.04502],[-68.55919,44.04062],[-68.55596,44.03947]]],[[[-68.6017,44.01251],[-68.6711,44.0759],[-68.6547,44.00209],[-68.6017,44.01251]]],[[[-68.58815,44.07231],[-68.59055,44.05866],[-68.5841,44.07159],[-68.58815,44.07231]]],[[[-68.5731,44.10165],[-68.5765,44.09519],[-68.57127,44.09997],[-68.5731,44.10165]]],[[[-68.47301,44.0982],[-68.47273,44.10296],[-68.47781,44.10197],[-68.47301,44.0982]]],[[[-68.65127,44.10142],[-68.64123,44.10858],[-68.65879,44.11021],[-68.65127,44.10142]]],[[[-68.50361,44.09657],[-68.51127,44.12508],[-68.51772,44.10468],[-68.50361,44.09657]]],[[[-68.61898,44.11955],[-68.61881,44.13034],[-68.62974,44.12318],[-68.61898,44.11955]]],[[[-68.62974,44.12881],[-68.63996,44.12812],[-68.63983,44.1236],[-68.62974,44.12881]]],[[[-68.65137,44.12966],[-68.65763,44.12706],[-68.65042,44.12812],[-68.65137,44.12966]]],[[[-68.64115,44.13358],[-68.64757,44.13392],[-68.64709,44.13051],[-68.64115,44.13358]]],[[[-68.62879,44.13341],[-68.63212,44.13768],[-68.6345,44.13768],[-68.62879,44.13341]]],[[[-68.61025,44.14314],[-68.6055,44.13546],[-68.60146,44.1387],[-68.61025,44.14314]]],[[[-68.61714,44.13665],[-68.61762,44.14228],[-68.62356,44.14058],[-68.61714,44.13665]]],[[[-68.79222,44.13683],[-68.78281,44.14083],[-68.78114,44.14493],[-68.79222,44.13683]]],[[[-68.50377,44.14561],[-68.50095,44.14156],[-68.49783,44.14305],[-68.50377,44.14561]]],[[[-68.65256,44.14109],[-68.65541,44.14587],[-68.65565,44.14416],[-68.65256,44.14109]]],[[[-68.59884,44.14467],[-68.59338,44.14518],[-68.59855,44.14595],[-68.59884,44.14467]]],[[[-68.58594,44.14863],[-68.58173,44.14348],[-68.57866,44.14819],[-68.58594,44.14863]]],[[[-68.62665,44.15149],[-68.63378,44.14501],[-68.6238,44.14791],[-68.62665,44.15149]]],[[[-68.64068,44.15269],[-68.64804,44.14774],[-68.64068,44.15115],[-68.64068,44.15269]]],[[[-68.61738,44.15644],[-68.60956,44.1482],[-68.61334,44.15763],[-68.61738,44.15644]]],[[[-68.42444,44.19075],[-68.43852,44.11618],[-68.38327,44.15584],[-68.42444,44.19075]]],[[[-68.59863,44.1746],[-68.59671,44.17758],[-68.60693,44.17605],[-68.59863,44.1746]]],[[[-68.46479,44.20698],[-68.45918,44.19768],[-68.45384,44.20168],[-68.46479,44.20698]]],[[[-68.49027,44.19991],[-68.47121,44.20732],[-68.48143,44.21686],[-68.49027,44.19991]]],[[[-68.67062,44.27985],[-68.6819,44.13821],[-68.60241,44.21038],[-68.56414,44.19164],[-68.67062,44.27985]]],[[[-68.77639,44.20323],[-68.78732,44.21141],[-68.78336,44.20125],[-68.77639,44.20323]]],[[[-68.46978,44.21311],[-68.46788,44.21618],[-68.46978,44.21515],[-68.46978,44.21311]]],[[[-68.56795,44.21771],[-68.56462,44.21192],[-68.55963,44.21311],[-68.56795,44.21771]]],[[[-68.54489,44.22026],[-68.52828,44.2252],[-68.55297,44.22759],[-68.54489,44.22026]]],[[[-68.48202,44.22102],[-68.47002,44.22878],[-68.48262,44.22776],[-68.48202,44.22102]]],[[[-68.59171,44.22997],[-68.57817,44.22674],[-68.57603,44.22929],[-68.59171,44.22997]]],[[[-68.79945,44.23593],[-68.78553,44.22483],[-68.78119,44.22626],[-68.79945,44.23593]]],[[[-68.7607,44.23985],[-68.75007,44.24473],[-68.76474,44.24564],[-68.7607,44.23985]]],[[[-68.45952,44.25593],[-68.45338,44.25619],[-68.46123,44.26011],[-68.45952,44.25593]]],[[[-68.75396,44.26259],[-68.73931,44.26896],[-68.75746,44.2706],[-68.75396,44.26259]]],[[[-68.48657,44.2691],[-68.46741,44.2676],[-68.49331,44.28257],[-68.48657,44.2691]]],[[[-68.68443,44.2753],[-68.68774,44.2738],[-68.6845,44.27242],[-68.68443,44.2753]]],[[[-68.686,44.28588],[-68.68341,44.28774],[-68.68735,44.28752],[-68.686,44.28588]]],[[[-68.69478,44.29161],[-68.74264,44.29686],[-68.6899,44.27626],[-68.69478,44.29161]]],[[[-68.74754,44.30067],[-68.74848,44.29897],[-68.74771,44.29907],[-68.74754,44.30067]]],[[[-68.45618,44.31183],[-68.44756,44.3004],[-68.45029,44.3137],[-68.45618,44.31183]]],[[[-68.47882,44.32493],[-68.53348,44.32996],[-68.49142,44.31178],[-68.47882,44.32493]]],[[[-68.40371,44.10773],[-68.40722,44.11112],[-68.40852,44.10849],[-68.40371,44.10773]]],[[[-68.33047,44.10923],[-68.37544,44.11628],[-68.36862,44.0983],[-68.33047,44.10923]]],[[[-68.36144,44.12617],[-68.366,44.12552],[-68.3657,44.12427],[-68.36144,44.12617]]],[[[-68.36853,44.13913],[-68.37257,44.14322],[-68.37186,44.13793],[-68.36853,44.13913]]],[[[-68.38089,44.13913],[-68.38208,44.14407],[-68.38339,44.14176],[-68.38089,44.13913]]],[[[-68.25301,44.15509],[-68.24232,44.15738],[-68.24613,44.1584],[-68.25301,44.15509]]],[[[-68.24202,44.17666],[-68.24548,44.17023],[-68.23923,44.1746],[-68.24202,44.17666]]],[[[-68.35403,44.18022],[-68.33478,44.17681],[-68.33882,44.18465],[-68.35403,44.18022]]],[[[-68.37043,44.18022],[-68.35416,44.19949],[-68.37884,44.18447],[-68.37043,44.18022]]],[[[-68.31434,44.19761],[-68.33336,44.20868],[-68.34334,44.19062],[-68.31434,44.19761]]],[[[-68.20263,44.24547],[-68.19507,44.23791],[-68.1936,44.24411],[-68.20263,44.24547]]],[[[-68.27443,44.2371],[-68.25064,44.25756],[-68.27472,44.25867],[-68.27443,44.2371]]],[[[-68.21137,44.25685],[-68.23972,44.26476],[-68.24096,44.2528],[-68.21137,44.25685]]],[[[-68.27013,44.27577],[-68.24874,44.27015],[-68.24565,44.27424],[-68.27013,44.27577]]],[[[-68.30127,44.28325],[-68.30293,44.27696],[-68.29105,44.27594],[-68.30127,44.28325]]],[[[-68.26942,44.28564],[-68.26609,44.28274],[-68.26562,44.28496],[-68.26942,44.28564]]],[[[-68.43009,44.28819],[-68.43659,44.29195],[-68.43205,44.2859],[-68.43009,44.28819]]],[[[-68.03522,44.33274],[-68.0315,44.3251],[-68.02913,44.33598],[-68.03522,44.33274]]],[[[-68.41464,44.35722],[-68.45688,44.34429],[-68.44055,44.32119],[-68.41464,44.35722]]],[[[-68.0971,44.36198],[-68.10328,44.35824],[-68.09472,44.35145],[-68.0971,44.36198]]],[[[-67.86598,44.36627],[-67.87133,44.37466],[-67.87436,44.37428],[-67.86598,44.36627]]],[[[-68.17791,44.38645],[-68.18409,44.38804],[-68.18425,44.38672],[-68.17791,44.38645]]],[[[-68.14055,44.3768],[-68.12943,44.40479],[-68.14915,44.38696],[-68.14055,44.3768]]],[[[-68.21095,44.39681],[-68.20263,44.40037],[-68.21404,44.39885],[-68.21095,44.39681]]],[[[-68.19499,44.39909],[-68.19086,44.40123],[-68.19669,44.4002],[-68.19499,44.39909]]],[[[-68.17649,44.40258],[-68.17839,44.40734],[-68.18169,44.40423],[-68.17649,44.40258]]],[[[-68.15937,44.41209],[-68.16579,44.40037],[-68.15462,44.41345],[-68.15937,44.41209]]],[[[-68.38422,44.40632],[-68.3942,44.40971],[-68.39064,44.40326],[-68.38422,44.40632]]],[[[-68.1261,44.41854],[-68.128,44.40666],[-68.11778,44.40954],[-68.1261,44.41854]]],[[[-68.34524,44.43636],[-68.34167,44.42856],[-68.33454,44.43263],[-68.34524,44.43636]]],[[[-67.86554,44.4181],[-67.86299,44.45452],[-67.86941,44.45672],[-67.87606,44.44044],[-67.86554,44.4181]]],[[[-68.13394,44.42737],[-68.13465,44.45011],[-68.14012,44.4255],[-68.13394,44.42737]]],[[[-67.82114,44.44543],[-67.82586,44.44282],[-67.82414,44.44113],[-67.82114,44.44543]]],[[[-67.84516,44.44977],[-67.85562,44.44977],[-67.84611,44.44756],[-67.84516,44.44977]]],[[[-67.83816,44.46418],[-67.83848,44.45095],[-67.83063,44.45665],[-67.83816,44.46418]]],[[[-68.14868,44.46131],[-68.16223,44.46521],[-68.14559,44.4574],[-68.14868,44.46131]]],[[[-68.1917,44.46741],[-68.16627,44.463],[-68.16603,44.46453],[-68.1917,44.46741]]],[[[-68.20382,44.47505],[-68.21285,44.47657],[-68.21309,44.47487],[-68.20382,44.47505]]],[[[-67.78902,44.47236],[-67.79216,44.48081],[-67.79596,44.47618],[-67.78902,44.47236]]],[[[-67.83209,44.47962],[-67.82615,44.49065],[-67.83589,44.48183],[-67.83209,44.47962]]],[[[-68.20121,44.49065],[-68.20097,44.49404],[-68.20643,44.49302],[-68.20121,44.49065]]],[[[-67.80404,44.4842],[-67.81046,44.51268],[-67.81949,44.51065],[-67.80404,44.4842]]],[[[-67.80594,44.51726],[-67.80214,44.51675],[-67.80404,44.51912],[-67.80594,44.51726]]],[[[-67.8328,44.51997],[-67.82567,44.54081],[-67.8328,44.53996],[-67.8328,44.51997]]],[[[-67.83898,44.54234],[-67.82591,44.54945],[-67.83803,44.55131],[-67.83898,44.54234]]],[[[-67.59995,44.44175],[-67.6018,44.44475],[-67.60275,44.44424],[-67.59995,44.44175]]],[[[-67.61194,44.45271],[-67.6116,44.44358],[-67.6056,44.44593],[-67.61194,44.45271]]],[[[-67.70435,44.4606],[-67.70683,44.4569],[-67.70493,44.45808],[-67.70435,44.4606]]],[[[-67.66952,44.46063],[-67.67227,44.46331],[-67.67688,44.463],[-67.66952,44.46063]]],[[[-67.61843,44.46019],[-67.62293,44.46446],[-67.62295,44.46239],[-67.61843,44.46019]]],[[[-67.74675,44.46524],[-67.7432,44.46351],[-67.74296,44.46521],[-67.74675,44.46524]]],[[[-67.73773,44.463],[-67.73417,44.46928],[-67.74085,44.47006],[-67.73773,44.463]]],[[[-67.67265,44.47329],[-67.67522,44.46605],[-67.67379,44.46555],[-67.67265,44.47329]]],[[[-67.68039,44.48037],[-67.67055,44.48117],[-67.6639,44.48479],[-67.68039,44.48037]]],[[[-67.57731,44.52173],[-67.5892,44.44729],[-67.56661,44.45577],[-67.57731,44.52173]]],[[[-67.69265,44.48365],[-67.69875,44.48776],[-67.69994,44.48692],[-67.69265,44.48365]]],[[[-67.67189,44.48776],[-67.66429,44.49505],[-67.67379,44.49048],[-67.67189,44.48776]]],[[[-67.63293,44.49919],[-67.63032,44.49003],[-67.6296,44.49868],[-67.63293,44.49919]]],[[[-67.51136,44.49461],[-67.56377,44.51055],[-67.54309,44.47375],[-67.51136,44.49461]]],[[[-67.75983,44.49624],[-67.753,44.50509],[-67.75501,44.50481],[-67.75983,44.49624]]],[[[-67.64173,44.50461],[-67.64482,44.51749],[-67.64886,44.51105],[-67.64173,44.50461]]],[[[-67.66288,44.51461],[-67.6586,44.51309],[-67.65932,44.51597],[-67.66288,44.51461]]],[[[-67.665,44.53149],[-67.66524,44.52166],[-67.65858,44.53082],[-67.665,44.53149]]],[[[-67.53382,44.52916],[-67.53297,44.53288],[-67.53687,44.53211],[-67.53382,44.52916]]],[[[-67.76221,44.52929],[-67.76292,44.53268],[-67.76649,44.53099],[-67.76221,44.52929]]],[[[-67.76744,44.53437],[-67.76126,44.53742],[-67.7634,44.53844],[-67.76744,44.53437]]],[[[-67.43343,44.55892],[-67.43518,44.55562],[-67.43162,44.55731],[-67.43343,44.55892]]],[[[-67.48104,44.56505],[-67.48302,44.56],[-67.47844,44.5651],[-67.48104,44.56505]]],[[[-67.47424,44.56665],[-67.46965,44.56798],[-67.47448,44.56833],[-67.47424,44.56665]]],[[[-67.36792,44.57001],[-67.36142,44.57306],[-67.36245,44.5739],[-67.36792,44.57001]]],[[[-67.40619,44.56798],[-67.40765,44.57284],[-67.40804,44.56901],[-67.40619,44.56798]]],[[[-67.45372,44.57238],[-67.46486,44.57098],[-67.46454,44.57015],[-67.45372,44.57238]]],[[[-67.3943,44.57644],[-67.39588,44.57245],[-67.39216,44.57441],[-67.3943,44.57644]]],[[[-67.48153,44.58041],[-67.53328,44.56435],[-67.49175,44.55612],[-67.48153,44.58041]]],[[[-67.35556,44.58372],[-67.35528,44.57618],[-67.35058,44.58416],[-67.35556,44.58372]]],[[[-67.39668,44.58846],[-67.39264,44.58491],[-67.39335,44.58965],[-67.39668,44.58846]]],[[[-67.42948,44.59743],[-67.42615,44.59743],[-67.42686,44.59879],[-67.42948,44.59743]]],[[[-67.36856,44.60193],[-67.37291,44.59286],[-67.36666,44.59966],[-67.36856,44.60193]]],[[[-67.38836,44.60319],[-67.39026,44.59574],[-67.38361,44.60166],[-67.38836,44.60319]]],[[[-67.48652,44.60015],[-67.49032,44.60437],[-67.49151,44.60166],[-67.48652,44.60015]]],[[[-67.28212,44.61994],[-67.31415,44.59747],[-67.26167,44.6046],[-67.28212,44.61994]]],[[[-67.49888,44.62197],[-67.50387,44.61706],[-67.49769,44.62146],[-67.49888,44.62197]]],[[[-67.35223,44.64294],[-67.35437,44.64463],[-67.35556,44.64108],[-67.35223,44.64294]]],[[[-67.36103,44.65207],[-67.35675,44.64683],[-67.35675,44.65393],[-67.36103,44.65207]]],[[[-67.33441,44.64852],[-67.32724,44.65127],[-67.3287,44.65326],[-67.33441,44.64852]]],[[[-67.36673,44.66441],[-67.35033,44.66932],[-67.36935,44.66915],[-67.36673,44.66441]]],[[[-67.33393,44.67794],[-67.33298,44.68284],[-67.33797,44.67979],[-67.33393,44.67794]]]]}},{"type":"Feature","properties":{"diocese_id":"diocese-of-maryland","name":"Episcopal Diocese of Maryland","state":"MD","province":"3","counties":["Allegany County, MD","Anne Arundel County, MD","Baltimore County, MD","Baltimore city, MD","Calvert County, MD","Carroll County, MD","Frederick County, MD","Garrett County, MD","Harford County, MD","Howard County, MD","Washington County, MD"],"source":"Census 2024 county shapes, dissolved, simplified to ~0.08 degree for size","as_of":"2026-10-08"},"geometry":{"type":"MultiPolygon","coordinates":[[[[-76.53324,39.23925],[-76.42528,39.20571],[-76.35487,39.39527],[-76.28175,39.29966],[-76.24149,39.46127],[-76.22698,39.34991],[-76.06046,39.44834],[-76.23326,39.72131],[-79.47666,39.72108],[-79.47321,39.20211],[-78.77524,39.64569],[-78.47117,39.5161],[-78.17663,39.69597],[-77.83801,39.60612],[-77.75961,39.33733],[-77.45892,39.22034],[-77.1688,39.3535],[-76.69846,38.98378],[-76.67412,38.49962],[-76.42138,38.31893],[-76.55988,38.76736],[-76.3945,39.01268],[-76.53324,39.23925]]],[[[-76.39343,39.23186],[-76.39442,39.23397],[-76.39551,39.23217],[-76.39343,39.23186]]],[[[-76.37148,39.23795],[-76.35685,39.26095],[-76.3847,39.24224],[-76.37148,39.23795]]],[[[-76.25799,39.28779],[-76.26995,39.28341],[-76.27226,39.27455],[-76.25799,39.28779]]],[[[-76.3248,39.31284],[-76.32143,39.31285],[-76.3257,39.31397],[-76.3248,39.31284]]],[[[-76.08822,39.53603],[-76.0921,39.53522],[-76.09031,39.53383],[-76.08822,39.53603]]]]}},{"type":"Feature","properties":{"diocese_id":"diocese-of-massachusetts","name":"Episcopal Diocese of Massachusetts","state":"MA","province":"1","counties":["Barnstable County, MA","Bristol County, MA","Dukes County, MA","Essex County, MA","Middlesex County, MA","Nantucket County, MA","Norfolk County, MA","Plymouth County, MA","Suffolk County, MA"],"source":"Census 2024 county shapes, dissolved, simplified to ~0.08 degree for size","as_of":"2026-10-08"},"geometry":{"type":"MultiPolygon","coordinates":[[[[-70.92748,41.43181],[-70.95095,41.41188],[-70.90859,41.42242],[-70.92748,41.43181]]],[[[-71.60222,42.2181],[-71.03836,41.4811],[-70.71874,41.73574],[-70.61757,41.70114],[-70.65663,41.51478],[-70.01421,41.67197],[-70.00386,41.54055],[-69.93042,41.69194],[-69.9686,41.9117],[-70.08262,42.05466],[-70.18931,42.08234],[-70.24538,42.06373],[-70.0956,42.03283],[-70.00846,41.80079],[-70.25119,41.70734],[-70.35731,41.70253],[-70.27388,41.72431],[-70.71003,41.99954],[-70.59789,42.00455],[-70.76634,42.25474],[-71.03931,42.28549],[-70.8752,42.54434],[-70.59147,42.63982],[-70.90277,42.88653],[-71.29421,42.69699],[-71.89877,42.71142],[-71.53878,42.54303],[-71.62583,42.34972],[-71.48635,42.31045],[-71.60222,42.2181]]],[[[-70.93733,42.28492],[-70.93527,42.3021],[-70.94902,42.28595],[-70.93733,42.28492]]],[[[-70.95809,42.31165],[-70.9524,42.31098],[-70.94852,42.31194],[-70.95809,42.31165]]],[[[-71.01149,42.3093],[-71.00636,42.32091],[-71.01718,42.31175],[-71.01149,42.3093]]],[[[-70.93076,42.31903],[-70.92597,42.32191],[-70.93025,42.32229],[-70.93076,42.31903]]],[[[-70.96573,42.31347],[-70.96755,42.3229],[-70.97722,42.31025],[-70.96573,42.31347]]],[[[-70.98916,42.3283],[-70.98567,42.31873],[-70.98308,42.32716],[-70.98916,42.3283]]],[[[-70.94278,42.32718],[-70.93654,42.32487],[-70.93495,42.32681],[-70.94278,42.32718]]],[[[-70.9226,42.32614],[-70.92972,42.33397],[-70.93246,42.33223],[-70.9226,42.32614]]],[[[-70.80331,41.25023],[-70.83204,41.2595],[-70.83233,41.25836],[-70.80331,41.25023]]],[[[-70.8571,41.45025],[-70.9055,41.42525],[-70.84856,41.43284],[-70.8571,41.45025]]],[[[-70.81011,41.44369],[-70.83251,41.45795],[-70.84156,41.44913],[-70.81011,41.44369]]],[[[-70.92578,41.44958],[-70.91535,41.45248],[-70.92352,41.45437],[-70.92578,41.44958]]],[[[-70.81844,41.59084],[-70.83845,41.59646],[-70.82314,41.58286],[-70.81844,41.59084]]],[[[-70.8923,42.32839],[-70.88915,42.32774],[-70.88895,42.3289],[-70.8923,42.32839]]],[[[-70.89608,42.33035],[-70.89706,42.33395],[-70.89859,42.3305],[-70.89608,42.33035]]],[[[-70.8918,42.33813],[-70.88478,42.33933],[-70.89176,42.33886],[-70.8918,42.33813]]],[[[-70.89841,42.34027],[-70.8946,42.34238],[-70.8956,42.34389],[-70.89841,42.34027]]],[[[-70.87395,42.34363],[-70.88021,42.34231],[-70.88347,42.34004],[-70.87395,42.34363]]],[[[-70.83347,42.48199],[-70.83429,42.48534],[-70.83536,42.48226],[-70.83347,42.48199]]],[[[-70.81407,42.5104],[-70.81509,42.51405],[-70.81743,42.51403],[-70.81407,42.5104]]],[[[-70.24281,41.30338],[-70.27726,41.31051],[-70.24274,41.28919],[-70.24281,41.30338]]],[[[-70.04905,41.3917],[-70.23714,41.28512],[-70.10049,41.24055],[-69.96018,41.26455],[-70.02038,41.36901],[-70.04905,41.3917]]],[[[-70.307,41.33239],[-70.30432,41.33842],[-70.30925,41.33458],[-70.307,41.33239]]],[[[-70.60356,41.48238],[-70.77567,41.30098],[-70.44623,41.39648],[-70.60356,41.48238]]],[[[-70.71022,41.51891],[-70.7904,41.44653],[-70.67519,41.51395],[-70.71022,41.51891]]],[[[-70.78562,42.53121],[-70.78824,42.53684],[-70.7894,42.53193],[-70.78562,42.53121]]],[[[-70.79667,42.54646],[-70.80163,42.55147],[-70.80334,42.5483],[-70.79667,42.54646]]],[[[-70.78161,42.55402],[-70.7823,42.55183],[-70.78069,42.55364],[-70.78161,42.55402]]],[[[-70.72374,42.56702],[-70.72048,42.56888],[-70.72122,42.56993],[-70.72374,42.56702]]],[[[-70.58825,42.63061],[-70.58804,42.62641],[-70.58682,42.62816],[-70.58825,42.63061]]],[[[-70.57509,42.63978],[-70.57565,42.63445],[-70.57338,42.63951],[-70.57509,42.63978]]],[[[-70.59368,42.66045],[-70.58757,42.66191],[-70.5881,42.66264],[-70.59368,42.66045]]]]}},{"type":"Feature","properties":{"diocese_id":"diocese-of-michigan","name":"Episcopal Diocese of Michigan","state":"MI","province":"5","counties":["Clinton County, MI","Hillsdale County, MI","Ingham County, MI","Jackson County, MI","Lenawee County, MI","Livingston County, MI","Macomb County, MI","Monroe County, MI","Oakland County, MI","Washtenaw County, MI","Wayne County, MI"],"source":"Census 2024 county shapes, dissolved, simplified to ~0.08 degree for size","as_of":"2026-10-08","boundary_verified":false},"geometry":{"type":"MultiPolygon","coordinates":[[[[-84.71849,42.42152],[-84.806,41.69612],[-83.42756,41.74197],[-82.70537,42.68669],[-82.73901,42.89754],[-84.36366,42.77578],[-84.36776,43.11794],[-84.83689,43.11885],[-84.83709,42.77048],[-84.60276,42.76988],[-84.6004,42.42198],[-84.71849,42.42152]]],[[[-83.19159,42.03537],[-83.18921,42.03334],[-83.18993,42.03599],[-83.19159,42.03537]]]]}},{"type":"Feature","properties":{"diocese_id":"diocese-of-minnesota","name":"Episcopal Diocese of Minnesota","state":"MN","province":"6","counties":["Aitkin County, MN","Anoka County, MN","Becker County, MN","Beltrami County, MN","Benton County, MN","Big Stone County, MN","Blue Earth County, MN","Brown County, MN","Carlton County, MN","Carver County, MN","Cass County, MN","Chippewa County, MN","Chisago County, MN","Clay County, MN","Clearwater County, MN","Cook County, MN","Cottonwood County, MN","Crow Wing County, MN","Dakota County, MN","Dodge County, MN","Douglas County, MN","Faribault County, MN","Fillmore County, MN","Freeborn County, MN","Goodhue County, MN","Grant County, MN","Hennepin County, MN","Houston County, MN","Hubbard County, MN","Isanti County, MN","Itasca County, MN","Jackson County, MN","Kanabec County, MN","Kandiyohi County, MN","Kittson County, MN","Koochiching County, MN","Lac qui Parle County, MN","Lake County, MN","Lake of the Woods County, MN","Le Sueur County, MN","Lincoln County, MN","Lyon County, MN","Mahnomen County, MN","Marshall County, MN","Martin County, MN","McLeod County, MN","Meeker County, MN","Mille Lacs County, MN","Morrison County, MN","Mower County, MN","Murray County, MN","Nicollet County, MN","Nobles County, MN","Norman County, MN","Olmsted County, MN","Otter Tail County, MN","Pennington County, MN","Pine County, MN","Pipestone County, MN","Polk County, MN","Pope County, MN","Ramsey County, MN","Red Lake County, MN","Redwood County, MN","Renville County, MN","Rice County, MN","Rock County, MN","Roseau County, MN","Scott County, MN","Sherburne County, MN","Sibley County, MN","St. Louis County, MN","Stearns County, MN","Steele County, MN","Stevens County, MN","Swift County, MN","Todd County, MN","Traverse County, MN","Wabasha County, MN","Wadena County, MN","Waseca County, MN","Washington County, MN","Watonwan County, MN","Wilkin County, MN","Winona County, MN","Wright County, MN","Yellow Medicine County, MN"],"source":"Census 2024 county shapes, dissolved, simplified to ~0.08 degree for size","as_of":"2026-10-08"},"geometry":{"type":"MultiPolygon","coordinates":[[[[-96.45326,43.50039],[-91.21771,43.50055],[-91.24413,43.77467],[-91.43252,43.99683],[-92.80732,44.75036],[-92.6466,45.44163],[-92.88375,45.57548],[-92.86919,45.71757],[-92.29403,46.07438],[-92.29129,46.66814],[-92.01529,46.70647],[-92.09429,46.78842],[-90.777,47.60623],[-89.62453,47.99466],[-89.60103,47.9803],[-89.49398,48.00471],[-90.75161,48.09097],[-90.88548,48.24578],[-91.56725,48.04372],[-92.05523,48.35921],[-92.36917,48.22027],[-92.45633,48.4142],[-92.71256,48.46301],[-92.63493,48.54287],[-92.95488,48.63149],[-93.79445,48.51602],[-93.84435,48.63022],[-94.64539,48.74408],[-94.81622,49.32099],[-94.95746,49.37019],[-95.15331,49.38436],[-95.15371,48.9989],[-97.23352,48.99817],[-97.09033,48.68451],[-97.14667,48.1432],[-96.85105,47.59794],[-96.79794,46.62911],[-96.55451,46.08398],[-96.58308,45.82002],[-96.85775,45.60596],[-96.45307,45.29812],[-96.45326,43.50039]]],[[[-91.55132,47.08794],[-91.55375,47.08965],[-91.55158,47.08734],[-91.55132,47.08794]]],[[[-89.66012,47.95079],[-89.66174,47.95479],[-89.66464,47.95338],[-89.66012,47.95079]]],[[[-89.55926,47.97937],[-89.58639,47.95878],[-89.55349,47.97334],[-89.55926,47.97937]]]]}},{"type":"Feature","properties":{"diocese_id":"diocese-of-mississippi","name":"Episcopal Diocese of Mississippi","state":"MS","province":"4","counties":["Adams County, MS","Alcorn County, MS","Amite County, MS","Attala County, MS","Benton County, MS","Bolivar County, MS","Calhoun County, MS","Carroll County, MS","Chickasaw County, MS","Choctaw County, MS","Claiborne County, MS","Clarke County, MS","Clay County, MS","Coahoma County, MS","Copiah County, MS","Covington County, MS","DeSoto County, MS","Forrest County, MS","Franklin County, MS","George County, MS","Greene County, MS","Grenada County, MS","Hancock County, MS","Harrison County, MS","Hinds County, MS","Holmes County, MS","Humphreys County, MS","Issaquena County, MS","Itawamba County, MS","Jackson County, MS","Jasper County, MS","Jefferson County, MS","Jefferson Davis County, MS","Jones County, MS","Kemper County, MS","Lafayette County, MS","Lamar County, MS","Lauderdale County, MS","Lawrence County, MS","Leake County, MS","Lee County, MS","Leflore County, MS","Lincoln County, MS","Lowndes County, MS","Madison County, MS","Marion County, MS","Marshall County, MS","Monroe County, MS","Montgomery County, MS","Neshoba County, MS","Newton County, MS","Noxubee County, MS","Oktibbeha County, MS","Panola County, MS","Pearl River County, MS","Perry County, MS","Pike County, MS","Pontotoc County, MS","Prentiss County, MS","Quitman County, MS","Rankin County, MS","Scott County, MS","Sharkey County, MS","Simpson County, MS","Smith County, MS","Stone County, MS","Sunflower County, MS","Tallahatchie County, MS","Tate County, MS","Tippah County, MS","Tishomingo County, MS","Tunica County, MS","Union County, MS","Walthall County, MS","Warren County, MS","Washington County, MS","Wayne County, MS","Webster County, MS","Wilkinson County, MS","Winston County, MS","Yalobusha County, MS","Yazoo County, MS"],"source":"Census 2024 county shapes, dissolved, simplified to ~0.08 degree for size","as_of":"2026-10-08"},"geometry":{"type":"MultiPolygon","coordinates":[[[[-91.63694,30.99942],[-89.72815,31.00243],[-89.85226,30.66293],[-89.57445,30.1817],[-89.33594,30.37402],[-89.28574,30.3031],[-88.85779,30.43019],[-88.39455,30.35009],[-88.47323,31.89386],[-88.09789,34.8922],[-88.20006,34.99563],[-90.30836,34.99569],[-90.30738,34.8462],[-90.47604,34.88584],[-90.475,34.72389],[-90.54417,34.79167],[-90.46282,34.68407],[-90.5701,34.69343],[-90.58623,34.40917],[-90.93555,34.23785],[-90.80756,34.16182],[-90.95864,34.13548],[-90.87108,34.08118],[-90.96617,33.96466],[-91.0862,34.00642],[-90.98847,33.78453],[-91.14881,33.73136],[-91.03392,33.67356],[-91.22828,33.68828],[-91.12868,33.60847],[-91.23518,33.43897],[-91.05808,33.44654],[-91.21397,32.9272],[-91.0868,32.97627],[-91.15356,32.62618],[-91.01429,32.64048],[-91.0804,32.55644],[-90.9872,32.49566],[-91.11601,32.48314],[-90.87563,32.37243],[-90.99516,32.19212],[-91.16417,32.19689],[-91.00411,32.14615],[-91.25561,31.81266],[-91.34571,31.84286],[-91.26341,31.75447],[-91.51546,31.63037],[-91.40542,31.57647],[-91.52254,31.52208],[-91.47887,31.36495],[-91.57627,31.4105],[-91.51561,31.27821],[-91.65403,31.25575],[-91.55991,31.05412],[-91.63694,30.99942]]],[[[-89.08507,30.21322],[-89.06826,30.24716],[-89.13258,30.22759],[-89.08507,30.21322]]],[[[-88.41309,30.20634],[-88.45344,30.20124],[-88.50657,30.21406],[-88.45365,30.19658],[-88.41309,30.20634]]],[[[-88.97564,30.20834],[-88.95188,30.21278],[-88.98041,30.21052],[-88.97564,30.20834]]],[[[-88.5955,30.22417],[-88.7153,30.25226],[-88.76452,30.24375],[-88.5955,30.22417]]],[[[-88.89799,30.22988],[-88.87277,30.24777],[-88.90381,30.22847],[-88.89799,30.22988]]],[[[-88.56867,30.33113],[-88.58371,30.33799],[-88.58257,30.33134],[-88.56867,30.33113]]],[[[-88.81882,30.36092],[-88.83617,30.37407],[-88.86677,30.38297],[-88.81882,30.36092]]]]}},{"type":"Feature","properties":{"diocese_id":"diocese-of-missouri","name":"Episcopal Diocese of Missouri","state":"MO","province":"5","counties":["Adair County, MO","Audrain County, MO","Bollinger County, MO","Boone County, MO","Butler County, MO","Callaway County, MO","Cape Girardeau County, MO","Carter County, MO","Chariton County, MO","Clark County, MO","Cole County, MO","Cooper County, MO","Crawford County, MO","Dent County, MO","Dunklin County, MO","Franklin County, MO","Gasconade County, MO","Howard County, MO","Howell County, MO","Iron County, MO","Jackson County, MO","Jefferson County, MO","Knox County, MO","Lewis County, MO","Lincoln County, MO","Linn County, MO","Macon County, MO","Madison County, MO","Maries County, MO","Marion County, MO","Mississippi County, MO","Moniteau County, MO","Monroe County, MO","Montgomery County, MO","New Madrid County, MO","Oregon County, MO","Osage County, MO","Pemiscot County, MO","Perry County, MO","Phelps County, MO","Pike County, MO","Putnam County, MO","Ralls County, MO","Randolph County, MO","Reynolds County, MO","Ripley County, MO","Schuyler County, MO","Scotland County, MO","Scott County, MO","Shannon County, MO","Shelby County, MO","St. Charles County, MO","St. Francois County, MO","St. Louis County, MO","St. Louis city, MO","Ste. Genevieve County, MO","Stoddard County, MO","Sullivan County, MO","Texas County, MO","Warren County, MO","Washington County, MO","Wayne County, MO"],"source":"Census 2024 county shapes, dissolved, simplified to ~0.08 degree for size","as_of":"2026-10-08","boundary_verified":false},"geometry":{"type":"MultiPolygon","coordinates":[[[[-92.25077,37.53732],[-92.25136,37.05965],[-92.08871,37.05625],[-92.12039,36.49886],[-90.15248,36.49795],[-90.06398,36.30304],[-90.37789,35.99568],[-89.70693,36.00098],[-89.59161,36.1441],[-89.70351,36.24341],[-89.53475,36.25258],[-89.56682,36.56422],[-89.45308,36.46128],[-89.11656,36.76756],[-89.10288,36.9697],[-89.37828,37.03961],[-89.51703,37.28192],[-89.42105,37.38767],[-89.51668,37.69276],[-90.35956,38.22452],[-90.11333,38.84931],[-90.44008,38.96736],[-90.62512,38.88865],[-90.72996,39.25589],[-91.37001,39.73252],[-91.51032,40.12799],[-91.42232,40.38094],[-91.72911,40.61364],[-93.37439,40.58033],[-93.27675,39.45986],[-92.84883,39.22938],[-93.04824,38.9726],[-93.05997,38.69308],[-92.19448,38.33554],[-92.18537,38.01514],[-92.02116,38.01064],[-92.02926,37.60254],[-92.25077,37.53732]]],[[[-94.60735,39.11344],[-94.60803,38.84721],[-94.11879,38.83321],[-94.10482,39.14351],[-94.28987,39.23711],[-94.60735,39.11344]]]]}},{"type":"Feature","properties":{"diocese_id":"diocese-of-montana","name":"Episcopal Diocese of Montana","state":"MT","province":"6","counties":["Beaverhead County, MT","Big Horn County, MT","Blaine County, MT","Broadwater County, MT","Carbon County, MT","Carter County, MT","Cascade County, MT","Chouteau County, MT","Custer County, MT","Daniels County, MT","Dawson County, MT","Deer Lodge County, MT","Fallon County, MT","Fergus County, MT","Flathead County, MT","Gallatin County, MT","Garfield County, MT","Glacier County, MT","Golden Valley County, MT","Granite County, MT","Hill County, MT","Jefferson County, MT","Judith Basin County, MT","Lake County, MT","Lewis and Clark County, MT","Liberty County, MT","Lincoln County, MT","Madison County, MT","McCone County, MT","Meagher County, MT","Mineral County, MT","Missoula County, MT","Musselshell County, MT","Park County, MT","Petroleum County, MT","Phillips County, MT","Pondera County, MT","Powder River County, MT","Powell County, MT","Prairie County, MT","Ravalli County, MT","Richland County, MT","Roosevelt County, MT","Rosebud County, MT","Sanders County, MT","Sheridan County, MT","Silver Bow County, MT","Stillwater County, MT","Sweet Grass County, MT","Teton County, MT","Toole County, MT","Treasure County, MT","Valley County, MT","Wheatland County, MT","Wibaux County, MT","Yellowstone County, MT"],"source":"Census 2024 county shapes, dissolved, simplified to ~0.08 degree for size","as_of":"2026-10-08"},"geometry":{"type":"Polygon","coordinates":[[[-111.38789,44.75312],[-111.05578,44.4768],[-111.05456,45.00095],[-104.03969,44.99807],[-104.04874,48.99988],[-116.04909,49.00085],[-116.04911,47.97684],[-115.72279,47.69472],[-115.75566,47.5483],[-115.62997,47.47963],[-115.7593,47.42386],[-115.32015,47.2567],[-114.76727,46.6972],[-114.32112,46.64751],[-114.5271,46.14622],[-114.3873,45.88775],[-114.56646,45.77331],[-114.56497,45.55781],[-114.32958,45.45997],[-113.93526,45.69434],[-113.45204,45.05917],[-113.45507,44.86542],[-113.13183,44.77304],[-112.85509,44.35997],[-112.77984,44.48461],[-112.38734,44.4476],[-112.28604,44.5686],[-111.46827,44.53898],[-111.51617,44.64406],[-111.38789,44.75312]]]}},{"type":"Feature","properties":{"diocese_id":"diocese-of-navajoland","name":"Missionary Diocese of Navajoland","state":"AZ, NM, UT","province":"8","counties":["Apache County, AZ","Coconino County, AZ","Navajo County, AZ","Bernalillo County, NM","Cibola County, NM","McKinley County, NM","San Juan County, NM","San Juan County, UT"],"source":"Census 2024 county shapes, dissolved, simplified to ~0.08 degree for size","as_of":"2026-10-08","boundary_verified":false},"geometry":{"type":"MultiPolygon","coordinates":[[[[-110.27125,35.09786],[-110.25228,35.0978],[-110.26084,35.11236],[-110.27125,35.09786]]],[[[-110.34139,35.1121],[-110.341,35.12658],[-110.35,35.11932],[-110.34139,35.1121]]],[[[-110.27098,35.11237],[-110.27072,35.12689],[-110.28829,35.12679],[-110.27098,35.11237]]],[[[-109.36602,35.12969],[-109.36657,35.14552],[-109.38702,35.14557],[-109.36602,35.12969]]],[[[-110.27045,35.1414],[-110.27019,35.15592],[-110.28771,35.15579],[-110.27045,35.1414]]],[[[-111.27054,35.17112],[-111.26182,35.16566],[-111.25506,35.17113],[-111.27054,35.17112]]],[[[-109.36883,35.19143],[-109.37899,35.19104],[-109.37906,35.18294],[-109.36883,35.19143]]],[[[-109.40727,35.19486],[-109.41776,35.19154],[-109.41791,35.18762],[-109.40727,35.19486]]],[[[-109.01804,35.20639],[-109.0181,35.19006],[-108.99996,35.19051],[-109.01804,35.20639]]],[[[-109.34394,35.20781],[-109.3676,35.21275],[-109.3681,35.19754],[-109.35031,35.19694],[-109.34394,35.20781]],[[-109.35965,35.20324],[-109.36236,35.20327],[-109.36214,35.20578],[-109.35965,35.20324]]],[[[-109.03579,35.26351],[-108.99969,35.24873],[-108.98244,35.19105],[-108.80396,35.16221],[-108.68161,35.21879],[-108.725,35.32481],[-108.63535,35.37925],[-108.62576,35.53365],[-108.47834,35.49785],[-108.44993,35.53883],[-108.39665,35.5386],[-108.38723,35.52347],[-108.37054,35.52341],[-108.35233,35.45222],[-108.24794,35.40912],[-108.01449,35.53762],[-107.96325,35.50699],[-107.9813,35.56643],[-107.92686,35.58066],[-107.94967,35.73954],[-108.11076,35.76893],[-108.02208,36.00231],[-108.14841,36.07643],[-108.09455,36.13379],[-108.13097,36.12636],[-108.13077,36.15513],[-108.18569,36.16994],[-108.19352,36.19174],[-108.2717,36.1769],[-108.23841,36.2172],[-108.07353,36.22757],[-108.09237,36.26395],[-108.17674,36.26412],[-108.1263,36.40751],[-108.01032,36.42238],[-107.99966,36.35049],[-107.92077,36.36519],[-107.91931,36.41627],[-108.00982,36.45099],[-107.98337,36.56028],[-108.10462,36.69043],[-108.19284,36.64672],[-108.19251,36.6761],[-108.25298,36.66994],[-108.25213,36.73558],[-108.53761,36.74639],[-108.53641,36.99932],[-109.04522,36.99908],[-109.04584,37.35972],[-109.2224,37.375],[-109.23562,37.39279],[-109.19225,37.43225],[-109.40366,37.447],[-109.33153,37.26819],[-109.85682,37.14425],[-110.15074,37.32045],[-110.55839,37.18301],[-110.56926,37.18888],[-110.57332,37.19716],[-110.56398,37.20909],[-110.70074,37.26665],[-110.69005,37.14518],[-110.86658,37.19544],[-111.19863,37.0701],[-111.12443,36.98299],[-111.40615,37.00148],[-111.3243,36.95223],[-111.30491,36.91605],[-111.27626,36.91475],[-111.27915,36.89856],[-111.24776,36.88984],[-111.24628,36.88215],[-111.23407,36.87909],[-111.21504,36.85981],[-111.18337,36.86133],[-111.17942,36.85102],[-111.21622,36.8438],[-111.23441,36.87797],[-111.23762,36.87562],[-111.2476,36.88085],[-111.25509,36.88969],[-111.26171,36.88774],[-111.26462,36.89356],[-111.28421,36.89747],[-111.27977,36.91171],[-111.31441,36.91329],[-111.33152,36.92642],[-111.32607,36.95015],[-111.34608,36.95153],[-111.35983,36.96026],[-111.37438,36.97985],[-111.4434,36.96411],[-111.85827,36.50122],[-111.74636,35.67207],[-111.32054,35.7571],[-111.24294,35.15662],[-110.80189,35.17012],[-110.80182,35.05776],[-110.48397,34.93699],[-110.37714,34.95202],[-110.37581,35.17004],[-109.68609,35.17011],[-109.66005,35.06661],[-109.42113,35.25673],[-109.30127,35.21159],[-109.31315,35.09882],[-109.5628,35.13965],[-109.5265,34.90449],[-109.31599,35.004],[-109.31042,35.00387],[-109.31435,34.90791],[-109.04594,34.90416],[-109.03579,35.26351]],[[-109.30127,35.21159],[-109.3014,35.21345],[-109.29763,35.21353],[-109.30127,35.21159]],[[-111.51949,35.74273],[-111.53614,35.74284],[-111.53663,35.75253],[-111.51949,35.74273]],[[-110.98232,37.07958],[-110.98231607220217,37.0795778820698],[-110.98232164676821,37.07957690407575],[-110.98232,37.07958]],[[-110.98501,37.07085],[-110.98237,37.07081],[-110.98199,37.07049],[-110.98237,37.06934],[-110.98233,37.0706],[-110.9851,37.07059],[-110.98522,37.07133],[-110.98501,37.07085]],[[-107.95446,36.37915],[-107.96347,36.37916],[-107.96355,36.38614],[-107.95446,36.37915]],[[-107.9913,36.3937],[-107.9913,36.38688],[-108.00041,36.38688],[-107.9913,36.3937]],[[-108.22047,36.16982],[-108.2121,36.16979],[-108.21223,36.16249],[-108.22047,36.16982]],[[-108.19353,36.18503],[-108.19353,36.17732],[-108.20238,36.1773],[-108.19353,36.18503]],[[-108.07571,36.00254],[-108.07509,35.98753],[-108.09381,35.98756],[-108.07571,36.00254]],[[-108.11102,35.78328],[-108.12822,35.78333],[-108.12796,35.79832],[-108.11102,35.78328]],[[-108.07435,35.73998],[-108.07437,35.72546],[-108.09241,35.72534],[-108.07435,35.73998]],[[-107.9813,35.56662],[-108.05142,35.55207],[-108.06949,35.58087],[-108.04001,35.58013],[-108.00651,35.60139],[-107.9813,35.56662]],[[-108.01449,35.53762],[-108.03369,35.5378],[-108.02414,35.55161],[-108.01449,35.53762]],[[-108.24731,35.43103],[-108.22921,35.43789],[-108.22955,35.42378],[-108.24731,35.43103]],[[-108.63717,35.46554],[-108.63142,35.46544],[-108.63137,35.45884],[-108.63717,35.46554]],[[-108.98288,35.23078],[-108.94657,35.23415],[-108.95213,35.21921],[-108.98288,35.23078]],[[-108.98226,35.23438],[-108.98226,35.24862],[-108.96468,35.24873],[-108.98226,35.23438]],[[-109.01783,35.27077],[-109.0,35.27769],[-109.00007,35.26344],[-109.01783,35.27077]],[[-109.03579,35.26351],[-109.04617,35.26355],[-109.04626,35.27741],[-109.03579,35.26351]],[[-109.0358,35.27741],[-109.03581,35.2923],[-109.02706,35.29233],[-109.0358,35.27741]],[[-109.04635,35.29234],[-109.04334,35.32148],[-109.0087,35.33591],[-109.00863,35.32144],[-109.04635,35.29234]],[[-108.99999,35.32144],[-109.00056,35.29234],[-109.0177,35.29229],[-109.01769,35.30696],[-108.99999,35.32144]],[[-109.0087,35.34352],[-108.99977,35.34355],[-108.99958,35.33591],[-109.0087,35.34352]],[[-109.04305,35.33631],[-109.04305,35.35121],[-109.02702,35.35122],[-109.04305,35.33631]],[[-108.98991,35.56542],[-108.97352,35.56498],[-108.97354,35.55958],[-108.98991,35.56542]],[[-108.98992,35.58008],[-109.04649,35.55299],[-109.04625,35.6607],[-108.97306,35.63838],[-108.89462,35.65969],[-108.74921,35.6594],[-108.75799,35.63739],[-108.73128,35.65944],[-108.65762,35.65975],[-108.7058,35.59456],[-108.63519,35.52294],[-108.68881,35.52293],[-108.70695,35.45064],[-108.74216,35.47957],[-108.77773,35.45828],[-108.78665,35.47957],[-108.81297,35.47557],[-108.83909,35.47928],[-108.84777,35.49265],[-109.04305,35.42363],[-109.04667,35.43746],[-109.04359,35.52238],[-108.95601,35.55132],[-108.98992,35.58008]],[[-108.93629,35.43571],[-108.9223,35.43568],[-108.9223,35.42227],[-108.93629,35.43571]],[[-108.89921,35.40872],[-108.88315,35.44358],[-108.84807,35.39351],[-108.93598,35.36478],[-108.89921,35.40872]],[[-108.95481,35.40765],[-108.95485,35.3928],[-108.96347,35.39249],[-108.95481,35.40765]],[[-108.88338,35.36452],[-108.86575,35.37867],[-108.86624,35.33823],[-108.88338,35.36452]],[[-108.75963,35.42201],[-108.75966,35.40075],[-108.81295,35.37899],[-108.75963,35.42201]],[[-108.81295,35.37899],[-108.79542,35.379],[-108.79542,35.37203],[-108.81295,35.37899]],[[-108.90833,35.4511],[-108.90833,35.43594],[-108.91884,35.43569],[-108.90833,35.4511]],[[-108.70677,35.44463],[-108.68946,35.39303],[-108.70674,35.3932],[-108.70663,35.42985],[-108.72471,35.42985],[-108.70677,35.44463]],[[-108.63092,35.52295],[-108.63092,35.5211],[-108.63535,35.52112],[-108.63092,35.52295]],[[-108.65336,35.60917],[-108.65333,35.59486],[-108.67031,35.59472],[-108.65336,35.60917]],[[-111.27584,36.04283],[-111.20635,36.16235],[-111.08272,36.14426],[-111.13902,35.96554],[-111.27584,36.04283]],[[-111.00071,35.54888],[-110.99994,36.27972],[-110.31307,36.43057],[-110.61674,36.04148],[-110.12415,35.99373],[-110.00068,35.64836],[-110.25055,35.51865],[-111.00071,35.54888]],[[-109.02695,35.36536],[-109.04678,35.36163],[-109.04677,35.37954],[-109.02695,35.36536]],[[-109.02695,35.36536],[-109.01762,35.36192],[-109.01755,35.35839],[-109.02695,35.36536]],[[-109.02672,35.39232],[-109.02638,35.3998],[-109.01864,35.39949],[-109.02672,35.39232]],[[-108.97345,35.41333],[-108.9909,35.40643],[-108.99067,35.3921],[-109.00927,35.39246],[-108.99091,35.41],[-108.97345,35.41333]],[[-108.99067,35.3921],[-108.95564,35.38319],[-108.95546,35.37899],[-108.99067,35.3921]],[[-108.99067,35.37924],[-108.99082,35.36522],[-109.00862,35.36529],[-108.99067,35.37924]],[[-108.95528,35.37224],[-108.93679,35.36044],[-108.95519,35.33603],[-108.99089,35.35093],[-108.99082,35.36516],[-108.95528,35.37224]],[[-108.99089,35.35093],[-108.99094,35.34356],[-108.99958,35.34355],[-108.99089,35.35093]],[[-108.97276,35.33584],[-108.97261,35.32165],[-108.99086,35.32144],[-108.97276,35.33584]],[[-108.94687,35.33613],[-108.94686,35.32851],[-108.95027,35.33283],[-108.94687,35.33613]],[[-108.98212,35.39874],[-108.98605,35.39874],[-108.98605,35.40249],[-108.98212,35.39874]],[[-108.98241,35.27757],[-108.98231,35.29218],[-108.96523,35.29216],[-108.98241,35.27757]],[[-108.94537,35.27798],[-108.94538,35.26334],[-108.96479,35.26343],[-108.94537,35.27798]],[[-108.97329,35.41011],[-108.9731,35.40647],[-108.98041,35.40247],[-108.97329,35.41011]],[[-108.9731,35.40647],[-108.96818,35.4068],[-108.96818,35.39225],[-108.9731,35.40647]],[[-108.94759,35.29954],[-108.96456,35.29954],[-108.96341,35.30732],[-108.94759,35.29954]],[[-108.94998,35.32171],[-108.95542,35.32173],[-108.9554,35.3255],[-108.94998,35.32171]],[[-108.93682,35.32844],[-108.93678,35.3217],[-108.94694,35.32169],[-108.93682,35.32844]],[[-108.91946,35.32512],[-108.90172,35.32927],[-108.91237,35.29236],[-108.91946,35.32512]],[[-108.92937,35.27774],[-108.91244,35.27764],[-108.9161,35.26348],[-108.92937,35.27774]],[[-108.91107,35.2487],[-108.91107,35.24139],[-108.92898,35.24126],[-108.91107,35.2487]],[[-108.92869,35.20594],[-108.9286,35.21274],[-108.91976,35.20867],[-108.92869,35.20594]],[[-108.91208,35.66008],[-108.90667,35.65976],[-108.90664,35.65703],[-108.91208,35.66008]],[[-108.89272,35.22025],[-108.91092,35.21314],[-108.91128,35.23451],[-108.89272,35.22025]],[[-108.90202,35.2418],[-108.89664,35.26183],[-108.87565,35.24903],[-108.90202,35.2418]],[[-108.90094,35.21314],[-108.89252,35.21314],[-108.89235,35.20553],[-108.90094,35.21314]],[[-108.90089,35.45105],[-108.90081,35.45804],[-108.88323,35.45779],[-108.90089,35.45105]],[[-108.86594,35.22047],[-108.86591,35.21241],[-108.87558,35.21256],[-108.86594,35.22047]],[[-108.85646,35.21234],[-108.85646,35.20645],[-108.86582,35.20645],[-108.85646,35.21234]],[[-108.84962,35.30712],[-108.8652,35.30699],[-108.865,35.32274],[-108.84962,35.30712]],[[-108.84689,35.2357],[-108.85753,35.2357],[-108.85752,35.24921],[-108.84689,35.2357]],[[-108.8395,35.26282],[-108.85715,35.26282],[-108.8395,35.29209],[-108.8395,35.26282]],[[-108.82192,35.29204],[-108.82185,35.29908],[-108.80366,35.29908],[-108.82192,35.29204]],[[-108.80366,35.29205],[-108.78744,35.29205],[-108.78742,35.27831],[-108.80366,35.29205]],[[-108.78744,35.29205],[-108.77957,35.32306],[-108.76127,35.32308],[-108.78744,35.29205]],[[-108.79554,35.30705],[-108.83034,35.3071],[-108.83041,35.32306],[-108.79554,35.30705]],[[-108.79562,35.3365],[-108.80481,35.33648],[-108.80475,35.34969],[-108.79562,35.3365]],[[-108.83182,35.33633],[-108.84903,35.3363],[-108.84901,35.34976],[-108.83182,35.33633]],[[-108.83175,35.34973],[-108.83175,35.36462],[-108.82157,35.36488],[-108.83175,35.34973]],[[-108.83175,35.36462],[-108.84128,35.36416],[-108.841,35.37084],[-108.83175,35.36462]],[[-108.83949,35.2194],[-108.82127,35.21955],[-108.82148,35.20606],[-108.83949,35.2194]],[[-108.80367,35.24922],[-108.80386,35.23429],[-108.822,35.2343],[-108.80367,35.24922]],[[-108.80367,35.25666],[-108.79561,35.25666],[-108.79561,35.24927],[-108.80367,35.25666]],[[-108.81277,35.4507],[-108.79565,35.45133],[-108.7964,35.43626],[-108.81277,35.4507]],[[-108.81292,35.46537],[-108.81314,35.47203],[-108.80479,35.47215],[-108.81292,35.46537]],[[-108.75221,35.24958],[-108.75254,35.23495],[-108.78781,35.24924],[-108.75221,35.24958]],[[-108.77671,35.37875],[-108.75924,35.37875],[-108.75916,35.36475],[-108.77671,35.37875]],[[-108.74178,35.36473],[-108.7417,35.35064],[-108.75911,35.35064],[-108.74178,35.36473]],[[-108.73412,35.26416],[-108.76938,35.26395],[-108.7547,35.27863],[-108.73412,35.26416]],[[-108.76011,35.28588],[-108.75993,35.28214],[-108.7688,35.28214],[-108.76011,35.28588]],[[-108.75955,35.42201],[-108.75963,35.45081],[-108.74183,35.45079],[-108.75955,35.42201]],[[-108.75018,35.40786],[-108.74128,35.40805],[-108.74155,35.39323],[-108.75018,35.40786]],[[-108.71424,35.40775],[-108.74248,35.40847],[-108.74227,35.41552],[-108.71424,35.40775]],[[-108.71569,35.27848],[-108.72433,35.27847],[-108.72435,35.28512],[-108.71569,35.27848]],[[-108.67981,35.47944],[-108.6797,35.46532],[-108.68431,35.46525],[-108.67981,35.47944]],[[-108.67175,35.47954],[-108.67169,35.46536],[-108.67531,35.46534],[-108.67175,35.47954]],[[-108.6719,35.49414],[-108.66244,35.49398],[-108.65759,35.47973],[-108.6719,35.49414]],[[-108.65786,35.39813],[-108.66432,35.39812],[-108.66415,35.40767],[-108.65786,35.39813]],[[-108.65403,35.42179],[-108.66183,35.42179],[-108.6619,35.43718],[-108.65403,35.42179]],[[-108.65403,35.42179],[-108.63533,35.4218],[-108.63536,35.4077],[-108.65403,35.42179]],[[-108.64496,35.44368],[-108.64508,35.451],[-108.63707,35.45099],[-108.64496,35.44368]],[[-108.62564,35.65272],[-108.64154,35.65242],[-108.64167,35.65977],[-108.62564,35.65272]],[[-108.60864,35.65249],[-108.60907,35.63854],[-108.61817,35.63857],[-108.60864,35.65249]],[[-108.59949,35.5593],[-108.59976,35.53766],[-108.61712,35.53778],[-108.59949,35.5593]],[[-108.61742,35.57982],[-108.61734,35.58796],[-108.61306,35.58783],[-108.61742,35.57982]],[[-108.60822,35.60923],[-108.61726,35.60938],[-108.61719,35.61626],[-108.60822,35.60923]],[[-108.58248,35.62387],[-108.6006,35.62393],[-108.60071,35.63851],[-108.58248,35.62387]],[[-108.57332,35.64537],[-108.58242,35.64518],[-108.58242,35.65233],[-108.57332,35.64537]],[[-108.56532,35.56592],[-108.5822,35.5946],[-108.56513,35.58001],[-108.56532,35.56592]],[[-108.56532,35.56592],[-108.56541,35.55218],[-108.58205,35.55211],[-108.56532,35.56592]],[[-108.54757,35.56616],[-108.52952,35.56661],[-108.52927,35.55421],[-108.54757,35.56616]],[[-108.57373,35.6241],[-108.56566,35.62407],[-108.56566,35.6195],[-108.57373,35.6241]],[[-108.56566,35.62407],[-108.56579,35.63887],[-108.54789,35.63854],[-108.56566,35.62407]],[[-108.52932,35.62401],[-108.5294,35.6101],[-108.54773,35.61002],[-108.52932,35.62401]],[[-108.5294,35.6101],[-108.51175,35.60238],[-108.51169,35.5952],[-108.5294,35.6101]],[[-108.54789,35.63854],[-108.53856,35.6597],[-108.51679,35.65303],[-108.54789,35.63854]],[[-108.56952,35.65226],[-108.56953,35.65962],[-108.55714,35.65965],[-108.56952,35.65226]],[[-108.54731,35.60208],[-108.54728,35.59465],[-108.55621,35.59454],[-108.54731,35.60208]],[[-108.54572,35.53524],[-108.54572,35.53817],[-108.52872,35.53811],[-108.54572,35.53524]],[[-108.51833,35.58054],[-108.51116,35.58038],[-108.51025,35.56627],[-108.51833,35.58054]],[[-108.51025,35.56627],[-108.49326,35.56676],[-108.49326,35.5515],[-108.51025,35.56627]],[[-108.49326,35.56676],[-108.4934,35.58059],[-108.47576,35.58054],[-108.49326,35.56676]],[[-108.47581,35.5667],[-108.45801,35.56665],[-108.45808,35.55249],[-108.47581,35.5667]],[[-108.45801,35.56665],[-108.45796,35.58045],[-108.44143,35.58037],[-108.45801,35.56665]],[[-108.44143,35.58037],[-108.44138,35.59593],[-108.42374,35.58868],[-108.44143,35.58037]],[[-108.51116,35.58038],[-108.51135,35.58777],[-108.5023,35.5877],[-108.51116,35.58038]],[[-108.48457,35.65955],[-108.47592,35.62417],[-108.49428,35.63852],[-108.48457,35.65955]],[[-108.47592,35.62417],[-108.46682,35.62421],[-108.46712,35.61691],[-108.47592,35.62417]],[[-108.45108,35.617],[-108.44107,35.60162],[-108.46799,35.60177],[-108.45108,35.617]],[[-108.44064,35.60986],[-108.44021,35.62388],[-108.42257,35.62398],[-108.44064,35.60986]],[[-108.45761,35.62444],[-108.45756,35.62785],[-108.44034,35.62738],[-108.45761,35.62444]],[[-108.49362,35.61771],[-108.49368,35.6102],[-108.50622,35.61018],[-108.49362,35.61771]],[[-108.48528,35.60197],[-108.48512,35.59475],[-108.49356,35.59485],[-108.48528,35.60197]],[[-108.45775,35.59603],[-108.45786,35.58799],[-108.47608,35.58749],[-108.45775,35.59603]],[[-108.44644,35.65908],[-108.44651,35.65373],[-108.46696,35.65389],[-108.44644,35.65908]],[[-108.3876,35.55937],[-108.38764,35.55251],[-108.40622,35.55256],[-108.3876,35.55937]],[[-108.40503,35.62446],[-108.39688,35.62445],[-108.39688,35.61756],[-108.40503,35.62446]],[[-108.37898,35.63918],[-108.37909,35.61036],[-108.40456,35.654],[-108.37898,35.63918]],[[-108.3791,35.58839],[-108.37032,35.59618],[-108.37035,35.56672],[-108.3791,35.58839]],[[-108.33965,35.65227],[-108.36158,35.64585],[-108.35788,35.65729],[-108.33965,35.65227]],[[-108.33518,35.61005],[-108.33547,35.60276],[-108.35314,35.60291],[-108.33518,35.61005]],[[-108.33571,35.52376],[-108.33565,35.53815],[-108.31735,35.53842],[-108.33571,35.52376]],[[-108.31735,35.53842],[-108.3175,35.54398],[-108.30851,35.54396],[-108.31735,35.53842]],[[-108.31743,35.62517],[-108.31756,35.6102],[-108.3349,35.61029],[-108.31743,35.62517]],[[-108.30742,35.58008],[-108.31133,35.58011],[-108.31133,35.58161],[-108.30742,35.58008]],[[-108.30045,35.63916],[-108.30047,35.65332],[-108.26981,35.65854],[-108.30045,35.63916]],[[-108.2619,35.89293],[-108.27136,35.89296],[-108.27139,35.9004],[-108.2619,35.89293]],[[-108.25321,35.90035],[-108.27181,36.10423],[-108.23882,36.11905],[-108.16702,36.06085],[-108.16553,35.98785],[-108.23587,35.98668],[-108.21898,35.9867],[-108.21947,35.94385],[-108.18364,35.9586],[-108.16515,35.94381],[-108.16464,35.91435],[-108.25321,35.90035]],[[-108.18364,35.9586],[-108.18364,35.9719],[-108.14725,35.96953],[-108.18364,35.9586]],[[-108.19998,35.9719],[-108.19998,35.98047],[-108.18364,35.9804],[-108.19998,35.9719]],[[-108.22041,36.11162],[-108.21182,36.11161],[-108.21193,36.10424],[-108.22041,36.11162]],[[-108.25602,36.11909],[-108.27187,36.11913],[-108.2718,36.1334],[-108.25602,36.11909]],[[-108.25598,36.1334],[-108.27185,36.15531],[-108.22091,36.14816],[-108.25598,36.1334]],[[-108.25728,36.24995],[-108.27164,36.28664],[-108.2117,36.28657],[-108.25728,36.24995]],[[-108.21735,35.82721],[-108.25276,35.82745],[-108.27082,35.87073],[-108.21735,35.82721]],[[-108.2698,35.69664],[-108.25279,35.69673],[-108.25232,35.68109],[-108.2698,35.69664]],[[-108.25232,35.68109],[-108.24163,35.68151],[-108.24187,35.67372],[-108.25232,35.68109]],[[-108.25436,35.62454],[-108.2544,35.61756],[-108.26421,35.61768],[-108.25436,35.62454]],[[-108.24524,35.8777],[-108.25305,35.87764],[-108.2531,35.88549],[-108.24524,35.8777]],[[-108.20845,35.65944],[-108.25169,35.65281],[-108.2522,35.6666],[-108.20845,35.65944]],[[-108.21241,36.22765],[-108.23828,36.22139],[-108.23837,36.23593],[-108.21241,36.22765]],[[-108.22097,35.62436],[-108.22044,35.61797],[-108.22859,35.61778],[-108.22097,35.62436]],[[-108.21043,35.59543],[-108.2104,35.58106],[-108.22893,35.5811],[-108.21043,35.59543]],[[-108.21555,36.66933],[-108.21556,36.66215],[-108.21998,36.66221],[-108.21555,36.66933]],[[-108.19902,35.72601],[-108.19869,35.71138],[-108.21887,35.71135],[-108.19902,35.72601]],[[-108.18968,35.72598],[-108.19902,35.72601],[-108.19927,35.7327],[-108.18978,35.73243],[-108.18968,35.72598]],[[-108.21828,35.73997],[-108.21827,35.7542],[-108.20824,35.7546],[-108.21828,35.73997]],[[-108.19639,36.37893],[-108.19638,36.36483],[-108.21409,36.36483],[-108.19639,36.37893]],[[-108.20279,36.14102],[-108.21153,36.14113],[-108.21152,36.14843],[-108.20279,36.14102]],[[-108.20121,35.63173],[-108.21047,35.63187],[-108.21043,35.63868],[-108.20121,35.63173]],[[-108.19365,36.11919],[-108.20251,36.1192],[-108.20251,36.13319],[-108.19365,36.11919]],[[-108.19196,35.81219],[-108.201,35.81207],[-108.20105,35.81945],[-108.19196,35.81219]],[[-108.1911,35.66727],[-108.19989,35.66649],[-108.19991,35.67385],[-108.1911,35.66727]],[[-108.18545,36.155],[-108.18459,36.14824],[-108.19405,36.14846],[-108.18545,36.155]],[[-108.17612,35.65272],[-108.17531,35.6387],[-108.19239,35.63877],[-108.17612,35.65272]],[[-108.16676,36.10404],[-108.16692,36.08991],[-108.18457,36.08971],[-108.16676,36.10404]],[[-108.18147,35.68918],[-108.16164,35.69638],[-108.15785,35.68458],[-108.18147,35.68918]],[[-108.15777,35.56644],[-108.17543,35.56636],[-108.15781,35.59552],[-108.15777,35.56644]],[[-108.15278,36.61095],[-108.15277,36.60333],[-108.16108,36.60339],[-108.15278,36.61095]],[[-108.1596,36.08806],[-108.15945,36.09172],[-108.15527,36.09162],[-108.15516,36.08989],[-108.1596,36.08806]],[[-108.1278,35.65257],[-108.15823,35.63941],[-108.14571,35.66747],[-108.1278,35.65257]],[[-108.13103,35.63946],[-108.12291,35.62401],[-108.14044,35.62421],[-108.13103,35.63946]],[[-108.1053,35.62371],[-108.1054,35.60933],[-108.11432,35.60952],[-108.1053,35.62371]],[[-108.10532,35.60054],[-108.08727,35.61649],[-108.05159,35.60941],[-108.06936,35.58828],[-108.10532,35.60054]],[[-108.10507,35.58065],[-108.12262,35.58089],[-108.12128,35.59495],[-108.10507,35.58065]],[[-108.12262,35.58089],[-108.12261,35.57395],[-108.13102,35.5739],[-108.12262,35.58089]],[[-108.05157,35.59454],[-108.04234,35.59455],[-108.04258,35.5884],[-108.05157,35.59454]],[[-108.13967,35.50741],[-108.15739,35.50826],[-108.15749,35.5215],[-108.13967,35.50741]],[[-108.13008,36.00269],[-108.15058,36.00278],[-108.14723,36.01705],[-108.13008,36.00269]],[[-108.13793,35.92229],[-108.14616,35.92226],[-108.1463,35.92895],[-108.13793,35.92229]],[[-108.12837,35.91463],[-108.12806,35.89914],[-108.14607,35.89977],[-108.12837,35.91463]],[[-108.12756,35.75444],[-108.12778,35.7433],[-108.14572,35.74689],[-108.12756,35.75444]],[[-108.12665,36.43695],[-108.1454,36.4373],[-108.14465,36.4522],[-108.12665,36.43695]],[[-108.10844,36.42157],[-108.14457,36.42163],[-108.14465,36.42916],[-108.10844,36.42157]],[[-108.13972,36.62608],[-108.13959,36.62255],[-108.14425,36.62253],[-108.13972,36.62608]],[[-108.13447,36.61104],[-108.13457,36.60447],[-108.14395,36.60439],[-108.13447,36.61104]],[[-108.13523,36.56758],[-108.11718,36.56768],[-108.11721,36.55355],[-108.13523,36.56758]],[[-108.12812,35.95841],[-108.12929,35.97313],[-108.11013,35.97337],[-108.12812,35.95841]],[[-108.12815,35.87128],[-108.12804,35.88406],[-108.10985,35.88434],[-108.11076,35.87101],[-108.12815,35.87128]],[[-108.12604,36.48844],[-108.11714,36.48864],[-108.11713,36.4809],[-108.12604,36.48844]],[[-108.12177,35.52148],[-108.12192,35.53796],[-108.10552,35.5378],[-108.12177,35.52148]],[[-108.09592,35.52174],[-108.09595,35.51376],[-108.10602,35.51384],[-108.09592,35.52174]],[[-108.11303,36.03239],[-108.11304,36.01732],[-108.12045,36.01732],[-108.11303,36.03239]],[[-108.11893,35.66714],[-108.11897,35.67406],[-108.10988,35.67405],[-108.11893,35.66714]],[[-108.1187,35.65268],[-108.1187,35.65993],[-108.11009,35.65996],[-108.1187,35.65268]],[[-108.10068,35.68928],[-108.11015,35.68928],[-108.10991,35.69594],[-108.10068,35.68928]],[[-108.0542,36.58193],[-108.05431,36.54588],[-108.09029,36.54587],[-108.0542,36.58193]],[[-108.07222,36.4372],[-108.06316,36.4223],[-108.08567,36.42231],[-108.07222,36.4372]],[[-108.07935,35.57338],[-108.07923,35.56615],[-108.08687,35.56628],[-108.07935,35.57338]],[[-108.07447,35.66669],[-108.08291,35.66667],[-108.0828,35.68134],[-108.07447,35.66669]],[[-108.07447,35.66669],[-108.05656,35.66668],[-108.0565,35.65295],[-108.07447,35.66669]],[[-108.07058,36.46678],[-108.04511,36.45935],[-108.04503,36.45186],[-108.07058,36.46678]],[[-108.05774,36.61482],[-108.05446,36.61493],[-108.05433,36.6114],[-108.05774,36.61482]],[[-107.98441,35.71068],[-107.98421,35.69608],[-108.05632,35.70713],[-107.98441,35.71068]],[[-108.05421,36.58925],[-108.05422,36.59668],[-108.03641,36.59653],[-108.05421,36.58925]],[[-108.05401,36.53859],[-108.01819,36.53903],[-108.00883,36.52466],[-108.05401,36.53859]],[[-108.0184,36.45157],[-108.01823,36.43635],[-108.03602,36.43631],[-108.0184,36.45157]],[[-108.02421,35.64552],[-108.02418,35.6385],[-108.03309,35.63835],[-108.02421,35.64552]],[[-108.0034,35.72493],[-108.01211,35.72505],[-108.01211,35.73192],[-108.0034,35.72493]],[[-108.0035,35.65295],[-108.00308,35.66678],[-107.995,35.66648],[-108.0035,35.65295]],[[-107.96378,35.5872],[-107.96791,35.58719],[-107.96802,35.59216],[-107.96378,35.5872]],[[-108.1488,36.12655],[-108.18422,36.1439],[-108.14867,36.14789],[-108.13943,36.13346],[-108.1488,36.12655]]],[[[-108.14876,36.19303],[-108.16739,36.19309],[-108.16723,36.17726],[-108.14876,36.19303]]],[[[-108.13021,36.17706],[-108.14865,36.17713],[-108.14857,36.16263],[-108.13021,36.17706]]],[[[-108.09455,36.13379],[-108.05958,36.14833],[-108.05971,36.17709],[-108.07692,36.17716],[-108.09455,36.13379]]],[[[-108.05803,36.07583],[-108.02226,36.07526],[-108.00302,36.17602],[-108.05803,36.07583]],[[-108.03113,36.08901],[-108.03118,36.08222],[-108.04063,36.08222],[-108.03113,36.08901]]],[[[-108.07634,36.06095],[-108.05817,36.06081],[-108.05803,36.07583],[-108.07634,36.06095]]],[[[-108.05806,36.04603],[-108.03996,36.04611],[-108.04015,36.06083],[-108.05806,36.04603]]],[[[-107.9092,35.60834],[-107.92721,35.6082],[-107.92703,35.59404],[-107.9092,35.60834]]],[[[-108.40467,35.50912],[-108.38753,35.50915],[-108.38723,35.52347],[-108.40467,35.50912]]],[[[-109.03578,35.2488],[-109.03581,35.23458],[-109.01793,35.2345],[-109.03578,35.2488]]],[[[-108.88183,35.58718],[-108.88177,35.59481],[-108.90032,35.59482],[-108.88183,35.58718]]],[[[-108.73991,35.59445],[-108.72421,35.59445],[-108.7237,35.60855],[-108.73991,35.59445]]],[[[-109.03394,35.63949],[-109.03393,35.64691],[-109.042,35.64685],[-109.03394,35.63949]]],[[[-108.97234,35.47993],[-108.97279,35.46514],[-108.93625,35.48316],[-108.97234,35.47993]]],[[[-108.95508,35.53659],[-108.93608,35.53738],[-108.93607,35.55132],[-108.95508,35.53659]]],[[[-108.93608,35.53738],[-108.88375,35.48717],[-108.9007,35.52237],[-108.93608,35.53738]]],[[[-108.93708,35.50791],[-108.93701,35.51506],[-108.95501,35.5223],[-108.93708,35.50791]]],[[[-108.92788,35.50777],[-108.93703,35.50794],[-108.93671,35.50086],[-108.92788,35.50777]]],[[[-108.91896,35.49343],[-108.91889,35.50073],[-108.92789,35.5008],[-108.91896,35.49343]]],[[[-108.66978,35.53747],[-108.67149,35.55068],[-108.69035,35.55013],[-108.66978,35.53747]]],[[[-108.77777,35.49354],[-108.77809,35.47984],[-108.75981,35.47958],[-108.77777,35.49354]]],[[[-108.86473,35.56485],[-108.86459,35.58061],[-108.88189,35.58065],[-108.86473,35.56485]]],[[[-108.70648,35.52292],[-108.70671,35.50832],[-108.69778,35.50847],[-108.70648,35.52292]]],[[[-108.71965,35.50859],[-108.71963,35.50141],[-108.71139,35.50133],[-108.71965,35.50859]]],[[[-108.77776,35.49381],[-108.77774,35.50078],[-108.79536,35.50055],[-108.77776,35.49381]]],[[[-108.86585,35.49252],[-108.85142,35.49249],[-108.8606,35.49516],[-108.86585,35.49252]]],[[[-108.88232,35.54464],[-108.88201,35.53736],[-108.86484,35.53739],[-108.88232,35.54464]]],[[[-108.88228,35.52966],[-108.88201,35.53736],[-108.90046,35.53728],[-108.88228,35.52966]]],[[[-108.909,35.54454],[-108.90912,35.53729],[-108.90046,35.53728],[-108.909,35.54454]]],[[[-108.90028,35.56542],[-108.90027,35.57282],[-108.90936,35.57304],[-108.90028,35.56542]]],[[[-108.92755,35.47983],[-108.91808,35.47981],[-108.91855,35.48688],[-108.92755,35.47983]]],[[[-108.77563,35.63741],[-108.77547,35.65272],[-108.79278,35.65302],[-108.77563,35.63741]]],[[[-108.23619,35.92173],[-108.23619,35.92885],[-108.2536,35.92885],[-108.23619,35.92173]]],[[[-108.23816,36.07499],[-108.25597,36.07505],[-108.25598,36.06044],[-108.23816,36.07499]]],[[[-108.26446,36.07509],[-108.25597,36.07505],[-108.25587,36.08962],[-108.26446,36.07509]]],[[[-108.07627,36.05464],[-108.09434,36.0546],[-108.09432,36.04671],[-108.07627,36.05464]]],[[[-108.22067,36.19867],[-108.21109,36.19866],[-108.21109,36.20722],[-108.22067,36.19867]]],[[[-111.37681,35.61149],[-111.37673,35.62631],[-111.38576,35.6262],[-111.37681,35.61149]]],[[[-111.41293,35.63354],[-111.3949,35.62624],[-111.39481,35.6408],[-111.41293,35.63354]]],[[[-110.1462,35.80964],[-110.23083,35.69728],[-110.08169,35.70028],[-110.1462,35.80964]]],[[[-109.84462,37.15886],[-109.84704,37.15681],[-109.84158,37.15678],[-109.84462,37.15886]]],[[[-109.22215,37.3928],[-109.22187,37.38911],[-109.20501,37.38894],[-109.22215,37.3928]]],[[[-108.39675,34.75513],[-108.39708,34.74084],[-108.37921,34.74036],[-108.39675,34.75513]]],[[[-108.43194,34.76954],[-108.44985,34.76949],[-108.45006,34.75516],[-108.43194,34.76954]]],[[[-108.41446,34.7552],[-108.39675,34.75513],[-108.39669,34.76966],[-108.41446,34.7552]]],[[[-108.57272,34.85706],[-108.57175,34.78452],[-108.36235,34.7987],[-108.36168,34.72592],[-108.32784,34.71176],[-108.32789,34.69687],[-108.25624,34.7118],[-108.25595,34.93446],[-108.29243,34.94513],[-108.30153,34.97465],[-108.38033,34.94419],[-108.45085,34.95916],[-108.43371,34.92888],[-108.46897,34.90025],[-108.45051,34.8859],[-108.57272,34.85706]],[[-108.43377,34.88608],[-108.43317,34.87178],[-108.45041,34.87159],[-108.43377,34.88608]],[[-108.43371,34.92888],[-108.41612,34.93053],[-108.41658,34.91633],[-108.43371,34.92888]],[[-108.41612,34.93053],[-108.41581,34.94413],[-108.39812,34.94416],[-108.41612,34.93053]],[[-108.37981,34.93012],[-108.38064,34.91578],[-108.39828,34.91566],[-108.37981,34.93012]],[[-108.273,34.85763],[-108.28998,34.857],[-108.2909,34.87188],[-108.273,34.85763]],[[-108.34434,34.72578],[-108.34434,34.73994],[-108.32687,34.74021],[-108.34434,34.72578]],[[-108.32691,34.75551],[-108.30987,34.75553],[-108.30983,34.74031],[-108.32691,34.75551]],[[-108.53767,34.7991],[-108.53766,34.80642],[-108.53315,34.80656],[-108.53767,34.7991]],[[-108.53322,34.81017],[-108.52874,34.81001],[-108.529,34.80674],[-108.53322,34.81017]],[[-108.53775,34.84253],[-108.52009,34.84283],[-108.51985,34.82829],[-108.53775,34.84253]],[[-108.51223,34.82823],[-108.51117,34.82069],[-108.51995,34.82062],[-108.51223,34.82823]],[[-108.41476,34.84252],[-108.41475,34.82813],[-108.43213,34.82809],[-108.41476,34.84252]],[[-108.38005,34.87183],[-108.37962,34.85719],[-108.39731,34.85709],[-108.38005,34.87183]],[[-108.37933,34.87183],[-108.38005,34.87183],[-108.38005,34.88633],[-108.36238,34.88663],[-108.36229,34.87193],[-108.37933,34.87183]],[[-108.36209,34.81691],[-108.37089,34.81689],[-108.37086,34.82064],[-108.36209,34.81691]],[[-108.35304,34.83542],[-108.35317,34.83916],[-108.34904,34.83913],[-108.35304,34.83542]],[[-108.3453,34.88679],[-108.32673,34.88658],[-108.32672,34.87168],[-108.3453,34.88679]],[[-108.32683,34.78422],[-108.34471,34.7843],[-108.34372,34.79882],[-108.32683,34.78422]],[[-108.32712,34.82825],[-108.32552,34.84271],[-108.30757,34.84265],[-108.32712,34.82825]],[[-108.32648,34.91591],[-108.32682,34.92937],[-108.30883,34.92985],[-108.32648,34.91591]],[[-108.29171,34.78435],[-108.30938,34.78386],[-108.30851,34.79877],[-108.29171,34.78435]],[[-108.29171,34.78435],[-108.27415,34.78453],[-108.27402,34.77082],[-108.29188,34.77075],[-108.29171,34.78435]],[[-108.29189,34.76623],[-108.29188,34.76243],[-108.29621,34.76244],[-108.29189,34.76623]]],[[[-108.46861,34.94412],[-108.46926,34.92924],[-108.45105,34.92923],[-108.46861,34.94412]]],[[[-108.50321,34.92968],[-108.50334,34.93337],[-108.5127,34.93288],[-108.50321,34.92968]]],[[[-108.5146,34.94068],[-108.50572,34.94381],[-108.51928,34.9442],[-108.5146,34.94068]]],[[[-108.41673,34.97357],[-108.41679,34.98099],[-108.4355,34.98853],[-108.41673,34.97357]]],[[[-108.50402,34.97425],[-108.4951,34.97397],[-108.49611,34.98787],[-108.50402,34.97425]]],[[[-108.39913,34.98777],[-108.39915,34.98031],[-108.38174,34.98006],[-108.39913,34.98777]]],[[[-108.39922,35.00247],[-108.41701,35.00259],[-108.417,34.99512],[-108.39922,35.00247]]],[[[-108.48753,34.9877],[-108.46962,34.98839],[-108.46992,35.00312],[-108.48753,34.9877]]],[[[-108.45346,34.98882],[-108.4355,34.98853],[-108.43491,35.00267],[-108.45346,34.98882]]],[[[-108.52378,34.99054],[-108.50497,34.98794],[-108.50546,35.00335],[-108.52378,34.99054]]],[[[-108.46993,35.01034],[-108.46992,35.00312],[-108.45221,35.00314],[-108.46993,35.01034]]],[[[-108.3992,35.00262],[-108.38161,35.00147],[-108.38151,35.01711],[-108.3992,35.00262]]],[[[-108.50546,35.00335],[-108.48725,35.00235],[-108.48859,35.01793],[-108.50546,35.00335]]],[[[-108.41674,35.04633],[-108.43439,35.046],[-108.43481,35.03554],[-108.41674,35.04633]]],[[[-108.40711,35.04618],[-108.399,35.06067],[-108.41683,35.06008],[-108.41674,35.04633],[-108.40711,35.04618]]],[[[-108.52158,35.10436],[-108.54163,35.03323],[-108.43413,35.09005],[-108.452,35.13325],[-108.52158,35.10436]],[[-108.49632,35.10459],[-108.49187,35.09713],[-108.50412,35.09716],[-108.49632,35.10459]],[[-108.46989,35.07579],[-108.48741,35.07554],[-108.48771,35.09032],[-108.46989,35.07579]]],[[[-108.41674,35.07501],[-108.45194,35.07547],[-108.45241,35.06099],[-108.41674,35.07501]]],[[[-108.4698,35.06084],[-108.46987,35.04648],[-108.45227,35.04624],[-108.4698,35.06084]]],[[[-108.39901,35.0752],[-108.399,35.06067],[-108.38152,35.06066],[-108.39901,35.0752]]],[[[-108.39901,35.0752],[-108.39936,35.08984],[-108.41645,35.08984],[-108.39901,35.0752]]],[[[-108.39946,35.11912],[-108.41713,35.1189],[-108.41684,35.1043],[-108.39946,35.11912]]],[[[-108.51376,35.14792],[-108.52253,35.14796],[-108.52259,35.14045],[-108.51376,35.14792]]],[[[-108.5222,35.16237],[-108.53991,35.16246],[-108.53989,35.14802],[-108.5222,35.16237]]],[[[-108.59932,35.32123],[-108.617,35.32077],[-108.61712,35.30683],[-108.59932,35.32123]]],[[[-108.59912,35.32123],[-108.58177,35.32143],[-108.58244,35.33575],[-108.59912,35.32123]]],[[[-108.67016,35.3071],[-108.63516,35.30667],[-108.59963,35.33564],[-108.63554,35.36469],[-108.67016,35.3071]],[[-108.61819,35.33548],[-108.62687,35.33553],[-108.6269,35.33728],[-108.61819,35.33548]]],[[[-108.44071,35.52329],[-108.44032,35.50929],[-108.42362,35.50924],[-108.44071,35.52329]]],[[[-108.34491,34.69693],[-108.34466,34.71166],[-108.36205,34.71183],[-108.34491,34.69693]]],[[[-108.25643,34.94537],[-108.25639,34.9593],[-108.27358,34.9598],[-108.25643,34.94537]]],[[[-108.34598,34.97378],[-108.34603,34.97035],[-108.32871,34.97035],[-108.34598,34.97378]]],[[[-108.31969,34.97402],[-108.31965,34.98139],[-108.32864,34.98143],[-108.31969,34.97402]]],[[[-108.36432,34.97349],[-108.34598,34.97378],[-108.34597,34.98845],[-108.36432,34.97349]]],[[[-108.32868,35.00328],[-108.3463,35.00341],[-108.34597,34.98845],[-108.32868,35.00328]]],[[[-108.35933,35.04245],[-108.36403,35.04245],[-108.36403,35.03184],[-108.35933,35.04245]]],[[[-108.36141,35.07521],[-108.36367,35.07521],[-108.36378,35.0607],[-108.34625,35.06075],[-108.36141,35.07521]]],[[[-108.38244,35.09063],[-108.38192,35.0755],[-108.36367,35.07521],[-108.38244,35.09063]]],[[[-108.11784,35.27788],[-108.10019,35.2777],[-108.10011,35.2917],[-108.11784,35.27788]]],[[[-108.12355,35.30617],[-108.08337,35.29165],[-108.0701,35.3217],[-108.12355,35.30617]]],[[[-108.08775,35.33495],[-108.07016,35.33457],[-108.06958,35.34922],[-108.08775,35.33495]]],[[[-108.05259,35.32176],[-108.05235,35.33462],[-108.07016,35.33457],[-108.05259,35.32176]]],[[[-108.12382,35.35022],[-108.12377,35.33564],[-108.1046,35.33506],[-108.12382,35.35022]]],[[[-108.13913,35.3505],[-108.13898,35.36285],[-108.1574,35.36285],[-108.13913,35.3505]]],[[[-108.08792,35.37848],[-108.1241,35.38653],[-108.12428,35.3631],[-108.08792,35.37848]]],[[[-108.15791,35.39554],[-108.15732,35.37981],[-108.14008,35.37974],[-108.15791,35.39554]]],[[[-108.12303,35.43054],[-108.13983,35.43045],[-108.13994,35.42381],[-108.12303,35.43054]]],[[[-108.13139,35.45122],[-108.13169,35.45812],[-108.14114,35.4581],[-108.13139,35.45122]]],[[[-108.11593,35.87321],[-108.11533,35.88116],[-108.12336,35.88097],[-108.11593,35.87321]]],[[[-108.12217,36.16261],[-108.1221,36.15499],[-108.11361,36.15507],[-108.12217,36.16261]]],[[[-108.12208,36.17787],[-108.07751,36.18097],[-108.0777,36.19114],[-108.12208,36.17787]]],[[[-108.09825,36.36466],[-108.08033,36.35029],[-108.08022,36.36483],[-108.09825,36.36466]]],[[[-108.09834,36.38585],[-108.10836,36.38582],[-108.10834,36.37907],[-108.09834,36.38585]]],[[[-108.20875,36.69006],[-108.20871,36.69486],[-108.21356,36.69405],[-108.20875,36.69006]]],[[[-108.24352,36.70752],[-108.23388,36.7075],[-108.23384,36.71128],[-108.24352,36.70752]]],[[[-108.06507,35.26269],[-108.06511,35.27011],[-108.08334,35.27015],[-108.06507,35.26269]]],[[[-108.06538,35.29161],[-108.08337,35.29165],[-108.08326,35.27732],[-108.06538,35.29161]]],[[[-108.06538,35.29161],[-108.04733,35.29154],[-108.04747,35.30581],[-108.06538,35.29161]]],[[[-107.94816,35.33344],[-107.94799,35.3269],[-107.93074,35.32693],[-107.94816,35.33344]]],[[[-107.91353,35.33399],[-107.91373,35.34811],[-107.93118,35.3482],[-107.91353,35.33399]]],[[[-108.05224,35.3491],[-108.05215,35.35699],[-108.0699,35.35642],[-108.05224,35.3491]]],[[[-107.93926,35.3557],[-107.93181,35.392],[-108.00034,35.37701],[-107.9829,35.34791],[-107.93926,35.3557]],[[-107.98279,35.36252],[-107.98228,35.36954],[-107.96542,35.36953],[-107.98279,35.36252]]],[[[-108.05272,35.37199],[-108.07039,35.37199],[-108.07037,35.36412],[-108.05272,35.37199]]],[[[-107.93172,35.3775],[-107.93147,35.36193],[-107.91619,35.36224],[-107.93172,35.3775]]],[[[-107.98232,35.40602],[-108.00017,35.40588],[-108.00003,35.39117],[-107.98232,35.40602]]],[[[-107.93108,35.41994],[-107.94838,35.41354],[-107.94849,35.40601],[-107.93108,35.41994]]],[[[-107.91341,35.4269],[-107.91339,35.43433],[-107.93048,35.43441],[-107.91341,35.4269]]],[[[-107.99058,35.42856],[-107.99072,35.43623],[-108.00027,35.43549],[-107.99058,35.42856]]],[[[-107.94693,35.47838],[-107.91047,35.47823],[-107.92787,35.50101],[-107.94693,35.47838]]],[[[-107.95525,35.50734],[-107.89136,35.54298],[-107.8916,35.56548],[-107.95525,35.50734]]],[[[-108.03333,35.57479],[-108.04332,35.57479],[-108.04332,35.56618],[-108.03333,35.57479]]],[[[-108.00296,35.57142],[-108.00296,35.57722],[-108.00717,35.57722],[-108.00296,35.57142]]],[[[-107.91384,35.76866],[-107.9136,35.7835],[-107.93151,35.78358],[-107.91384,35.76866]]],[[[-107.93065,35.79039],[-107.93071,35.79798],[-107.94848,35.79804],[-107.93065,35.79039]]],[[[-108.0037,36.00223],[-108.0138,36.00228],[-108.0138,35.99452],[-108.0037,36.00223]]],[[[-108.01208,36.08946],[-108.01215,36.08187],[-108.00197,36.08182],[-108.01208,36.08946]]],[[[-107.98564,36.09614],[-107.98566,36.10331],[-108.002,36.10319],[-107.98564,36.09614]]],[[[-107.9757,36.11051],[-107.9756,36.11751],[-107.98515,36.11763],[-107.9757,36.11051]]],[[[-107.93006,36.10285],[-107.9124,36.13206],[-107.93115,36.11835],[-107.93006,36.10285]]],[[[-107.96593,36.14723],[-107.98504,36.14715],[-107.97558,36.11882],[-107.96593,36.14723]]],[[[-107.98571,36.15372],[-107.98553,36.16127],[-108.00335,36.16175],[-107.98571,36.15372]]],[[[-108.0777,36.19114],[-108.06845,36.19114],[-108.0683,36.20613],[-108.0777,36.19114]]],[[[-107.9564,36.19756],[-107.94719,36.19742],[-107.94705,36.20472],[-107.9564,36.19756]]],[[[-107.95628,36.20463],[-107.95636,36.21166],[-107.96518,36.21156],[-107.95628,36.20463]]],[[[-108.01854,36.1975],[-108.05379,36.24139],[-108.05952,36.17714],[-108.01854,36.1975]]],[[[-107.96857,36.2267],[-107.96851,36.23329],[-107.97743,36.23346],[-107.96857,36.2267]]],[[[-107.92003,36.23393],[-107.91999,36.24078],[-107.92901,36.24084],[-107.92003,36.23393]]],[[[-107.95479,36.2409],[-107.96414,36.24089],[-107.96417,36.23387],[-107.95479,36.2409]]],[[[-108.01717,36.26284],[-108.03498,36.26249],[-108.0346,36.24133],[-108.01717,36.26284]]],[[[-107.94552,36.26245],[-107.95411,36.26246],[-107.9541,36.25558],[-107.94552,36.26245]]],[[[-108.0254,36.27048],[-108.02529,36.27796],[-108.03501,36.27766],[-108.0254,36.27048]]],[[[-107.92849,36.28431],[-107.91903,36.2843],[-107.91892,36.29137],[-107.92849,36.28431]]],[[[-107.9818,36.29172],[-107.98158,36.28426],[-107.96354,36.28445],[-107.9818,36.29172]]],[[[-108.02575,36.29315],[-108.02602,36.29963],[-108.03416,36.29977],[-108.02575,36.29315]]],[[[-107.97196,36.31349],[-107.95432,36.27711],[-107.92842,36.27723],[-107.97196,36.31349]]],[[[-108.01634,36.30027],[-107.98127,36.30641],[-108.00698,36.30689],[-108.01634,36.30027]]],[[[-107.9635,36.32052],[-107.96371,36.33483],[-107.97233,36.33483],[-107.9635,36.32052]]],[[[-108.06323,36.3216],[-108.06311,36.33551],[-108.07121,36.33535],[-108.06323,36.3216]]],[[[-108.03513,36.32144],[-108.00853,36.32127],[-108.01747,36.33605],[-108.03513,36.32144]]],[[[-107.94604,36.33475],[-107.95405,36.33484],[-107.95408,36.3277],[-107.94604,36.33475]]],[[[-107.90192,36.35009],[-107.94656,36.35795],[-107.93835,36.3136],[-107.90192,36.35009]]],[[[-107.97315,36.3428],[-107.96369,36.34289],[-107.96396,36.35018],[-107.97315,36.3428]]],[[[-108.06341,36.35775],[-108.07178,36.35774],[-108.07175,36.35021],[-108.06341,36.35775]]],[[[-108.07201,36.36486],[-108.07205,36.37186],[-108.08032,36.37181],[-108.07201,36.36486]]],[[[-108.05435,36.36509],[-108.05439,36.37227],[-108.06299,36.37227],[-108.05435,36.36509]]],[[[-108.04508,36.3794],[-108.04463,36.35829],[-108.03636,36.35831],[-108.04508,36.3794]]],[[[-108.01034,36.41586],[-108.01909,36.41586],[-108.01913,36.40815],[-108.01034,36.41586]]],[[[-107.92936,36.43019],[-107.92921,36.43771],[-107.93852,36.43784],[-107.92936,36.43019]]],[[[-107.94653,36.47346],[-107.94676,36.48023],[-107.95499,36.4802],[-107.94653,36.47346]]],[[[-107.95554,36.49513],[-107.96423,36.49498],[-107.96423,36.48808],[-107.95554,36.49513]]],[[[-107.859,35.33369],[-107.87556,35.33371],[-107.87536,35.31972],[-107.859,35.33369]]],[[[-107.91353,35.33399],[-107.91332,35.3195],[-107.89173,35.31975],[-107.91353,35.33399]]],[[[-107.89547,35.34827],[-107.89546,35.3413],[-107.87751,35.34135],[-107.89547,35.34827]]],[[[-107.86808,35.36289],[-107.87805,35.36288],[-107.87749,35.34808],[-107.86808,35.36289]]],[[[-107.85808,35.36292],[-107.84046,35.36923],[-107.84053,35.37762],[-107.85808,35.36292]]],[[[-107.91296,35.37745],[-107.87805,35.36288],[-107.89646,35.37676],[-107.91296,35.37745]]],[[[-107.82258,35.39182],[-107.84041,35.39163],[-107.84053,35.37762],[-107.82258,35.39182]]],[[[-107.89596,35.39211],[-107.87821,35.39229],[-107.87786,35.40611],[-107.89596,35.39211]]],[[[-107.89612,35.40588],[-107.8963,35.4198],[-107.91343,35.4198],[-107.89612,35.40588]]],[[[-107.9123,35.46351],[-107.93031,35.45619],[-107.93054,35.44893],[-107.9123,35.46351]]],[[[-107.89458,35.46358],[-107.89461,35.4565],[-107.88529,35.45655],[-107.89458,35.46358]]],[[[-107.9123,35.46351],[-107.89458,35.46358],[-107.89939,35.47859],[-107.9123,35.46351]]],[[[-107.86532,35.49965],[-107.86534,35.4932],[-107.85694,35.49318],[-107.86532,35.49965]]],[[[-107.87488,35.49955],[-107.86532,35.49965],[-107.86531,35.50754],[-107.87488,35.49955]]],[[[-107.87462,35.50758],[-107.86592,35.5365],[-107.90974,35.52252],[-107.87462,35.50758]]],[[[-107.86589,35.52909],[-107.86577,35.52145],[-107.85702,35.5215],[-107.86589,35.52909]]],[[[-107.92801,35.6228],[-107.90936,35.62278],[-107.90952,35.63761],[-107.92801,35.6228]]],[[[-107.78722,35.63797],[-107.78709,35.64586],[-107.79607,35.64579],[-107.78722,35.63797]]],[[[-107.77205,35.754],[-107.78006,35.75414],[-107.78017,35.74671],[-107.77205,35.754]]],[[[-107.77213,35.76796],[-107.7717,35.78284],[-107.78887,35.78287],[-107.77213,35.76796]]],[[[-107.75275,35.79699],[-107.7714,35.79694],[-107.7717,35.78284],[-107.75275,35.79699]]],[[[-107.78936,35.79649],[-107.7714,35.79694],[-107.75335,35.82623],[-107.78936,35.79649]]],[[[-107.76212,35.87123],[-107.77032,35.8406],[-107.70096,35.84838],[-107.70075,35.82684],[-107.75275,35.79699],[-107.60937,35.81226],[-107.68272,35.84069],[-107.68285,35.88574],[-107.76212,35.87123]],[[-107.66508,35.82646],[-107.66451,35.81222],[-107.67321,35.81228],[-107.66508,35.82646]],[[-107.72695,35.87119],[-107.72699,35.85539],[-107.73576,35.85523],[-107.72695,35.87119]]],[[[-107.7888,35.84861],[-107.77864,35.8483],[-107.77039,35.87128],[-107.7888,35.84861]]],[[[-107.66355,35.90016],[-107.68287,35.90025],[-107.68285,35.88574],[-107.66355,35.90016]]],[[[-107.67266,35.91396],[-107.66355,35.90016],[-107.64527,35.90001],[-107.66312,35.92859],[-107.67266,35.91396]]],[[[-107.6816,35.93596],[-107.64509,35.92841],[-107.62665,35.90676],[-107.59121,35.90678],[-107.56833,35.85606],[-107.55748,35.89287],[-107.52237,35.90782],[-107.66208,36.00787],[-107.69984,36.00073],[-107.6816,35.93596]],[[-107.68117,35.95687],[-107.68142,35.97802],[-107.67314,35.97788],[-107.68117,35.95687]],[[-107.62678,35.91401],[-107.62695,35.92822],[-107.60954,35.92795],[-107.62678,35.91401]],[[-107.64509,35.92841],[-107.64484,35.94242],[-107.6352,35.94235],[-107.64509,35.92841]]],[[[-107.64561,35.8856],[-107.62653,35.88552],[-107.62652,35.8999],[-107.64561,35.8856]]],[[[-107.66413,35.88567],[-107.66464,35.87077],[-107.64598,35.87085],[-107.66413,35.88567]]],[[[-107.62654,35.85557],[-107.62653,35.87114],[-107.66518,35.85567],[-107.62654,35.85557]]],[[[-107.59287,35.80492],[-107.60998,35.79753],[-107.60674,35.79773],[-107.59144,35.79751],[-107.59287,35.80492]]],[[[-107.62739,35.79757],[-107.62749,35.78393],[-107.6098,35.78388],[-107.62739,35.79757]]],[[[-107.75205,35.76787],[-107.73494,35.76778],[-107.73482,35.78278],[-107.75205,35.76787]]],[[[-107.77213,35.76796],[-107.77205,35.754],[-107.75212,35.75364],[-107.77213,35.76796]]],[[[-107.70445,35.83074],[-107.70439,35.83514],[-107.71403,35.83504],[-107.70445,35.83074]]],[[[-107.80446,35.97184],[-107.80561,35.98617],[-107.82192,35.98654],[-107.80446,35.97184]]],[[[-107.80561,36.00125],[-107.80561,35.98617],[-107.78627,35.98617],[-107.80561,36.00125]]],[[[-107.83888,35.98654],[-107.82192,35.98654],[-107.82192,36.00135],[-107.83888,35.98654]]],[[[-107.88205,36.01605],[-107.89522,36.01613],[-107.89518,36.00899],[-107.88205,36.01605]]],[[[-107.85012,36.13095],[-107.91258,36.12454],[-107.91283,36.10286],[-107.85012,36.13095]]],[[[-107.81336,36.09596],[-107.77757,36.10326],[-107.77757,36.1183],[-107.78624,36.11052],[-107.81336,36.09596]]],[[[-107.68646,36.10303],[-107.70434,36.16855],[-107.7683,36.08891],[-107.85362,36.08094],[-107.81249,36.05521],[-107.68646,36.10303]],[[-107.69574,36.12473],[-107.71406,36.11801],[-107.71335,36.13943],[-107.69574,36.12473]]],[[[-107.74964,36.13306],[-107.74063,36.13294],[-107.74056,36.1395],[-107.74964,36.13306]]],[[[-107.82936,36.14688],[-107.84019,36.1469],[-107.84018,36.1392],[-107.82936,36.14688]]],[[[-107.75778,36.13232],[-107.73931,36.16899],[-107.78558,36.18319],[-107.75778,36.13232]]],[[[-107.75762,36.17618],[-107.74933,36.17615],[-107.74916,36.18307],[-107.75762,36.17618]]],[[[-107.89367,36.14699],[-107.85914,36.15431],[-107.84807,36.21912],[-107.90186,36.19746],[-107.89367,36.14699]]],[[[-107.84789,36.20482],[-107.83915,36.20484],[-107.83918,36.21235],[-107.84789,36.20482]]],[[[-107.83927,36.21941],[-107.83016,36.21954],[-107.8303,36.23401],[-107.83927,36.21941]]],[[[-107.86619,36.24014],[-107.8662,36.2479],[-107.87451,36.24785],[-107.86619,36.24014]]],[[[-107.87444,36.26986],[-107.90105,36.26971],[-107.91098,36.24079],[-107.87444,36.26986]]],[[[-107.83016,36.26292],[-107.83015,36.27035],[-107.83846,36.27035],[-107.83016,36.26292]]],[[[-107.84775,36.27032],[-107.84774,36.2775],[-107.85666,36.27754],[-107.84775,36.27032]]],[[[-107.77595,36.20509],[-107.74987,36.38667],[-107.76793,36.37966],[-107.77708,36.34959],[-107.79452,36.35739],[-107.76824,36.27802],[-107.83016,36.26292],[-107.8214,36.20788],[-107.83045,36.18198],[-107.77595,36.20509]]],[[[-107.87009,36.28873],[-107.87849,36.28876],[-107.87858,36.28081],[-107.87009,36.28873]]],[[[-107.902,36.28444],[-107.89059,36.28457],[-107.88815,36.29886],[-107.902,36.28444]]],[[[-107.87425,36.29222],[-107.86546,36.29214],[-107.86538,36.29945],[-107.87425,36.29222]]],[[[-107.82115,36.29952],[-107.82111,36.30636],[-107.82976,36.30634],[-107.82115,36.29952]]],[[[-107.85736,36.32106],[-107.85727,36.32838],[-107.86549,36.32843],[-107.85736,36.32106]]],[[[-107.79514,36.32147],[-107.79543,36.32861],[-107.80415,36.32854],[-107.79514,36.32147]]],[[[-107.87443,36.3209],[-107.87451,36.33526],[-107.88333,36.33546],[-107.87443,36.3209]]],[[[-107.85807,36.35759],[-107.86608,36.35759],[-107.86608,36.3507],[-107.85807,36.35759]]],[[[-107.77699,36.36484],[-107.77711,36.37208],[-107.78611,36.37188],[-107.77699,36.36484]]],[[[-107.79531,36.37989],[-107.79543,36.38758],[-107.80418,36.38759],[-107.79531,36.37989]]],[[[-107.86634,36.37202],[-107.83877,36.39409],[-107.86588,36.37936],[-107.8932,36.41555],[-107.91124,36.37938],[-107.86634,36.37202]],[[-107.87494,36.37909],[-107.88392,36.37927],[-107.88383,36.38676],[-107.87494,36.37909]]],[[[-107.79647,36.43017],[-107.8524,36.4307],[-107.83418,36.3905],[-107.79647,36.43017]]],[[[-107.85649,36.40825],[-107.85618,36.43738],[-107.87458,36.4375],[-107.85649,36.40825]]],[[[-107.72316,36.50943],[-107.73213,36.50959],[-107.74025,36.45126],[-107.72316,36.50943]]],[[[-107.73078,36.6392],[-107.73955,36.63935],[-107.78506,36.58227],[-107.73078,36.6392]]],[[[-107.73097,36.64726],[-107.73087,36.65421],[-107.73922,36.65409],[-107.73097,36.64726]]],[[[-107.51538,34.31847],[-107.533,34.31832],[-107.53294,34.30384],[-107.51538,34.31847]]],[[[-107.57239,34.39086],[-107.57255,34.37627],[-107.56405,34.37624],[-107.57239,34.39086]]],[[[-107.56785,34.43445],[-107.58556,34.42726],[-107.55016,34.43415],[-107.56785,34.43445]]],[[[-107.58497,34.44723],[-107.57505,34.44714],[-107.56761,34.46346],[-107.58497,34.44723]]],[[[-107.62026,34.46377],[-107.62034,34.44934],[-107.61167,34.45661],[-107.62026,34.46377]]],[[[-107.59488,34.49255],[-107.5948,34.50689],[-107.60297,34.50714],[-107.59488,34.49255]]],[[[-107.5854,34.51387],[-107.56804,34.50689],[-107.56797,34.52155],[-107.5854,34.51387]]],[[[-107.56795,34.53623],[-107.56797,34.52155],[-107.5591,34.52147],[-107.56795,34.53623]]],[[[-107.56795,34.53623],[-107.56796,34.55061],[-107.58542,34.55078],[-107.56795,34.53623]]],[[[-107.64707,35.66746],[-107.64707,35.67428],[-107.6642,35.67428],[-107.64707,35.66746]]],[[[-107.7357,35.67751],[-107.70119,35.65184],[-107.70016,35.72553],[-107.73523,35.7107],[-107.7357,35.67751]],[[-107.72578,35.68937],[-107.71733,35.68938],[-107.71797,35.68208],[-107.72578,35.68937]]],[[[-107.68179,35.70994],[-107.68181,35.69653],[-107.66417,35.69651],[-107.68179,35.70994]]],[[[-107.64686,35.70992],[-107.64686,35.69667],[-107.62932,35.69667],[-107.64686,35.70992]]],[[[-107.66415,35.70992],[-107.64686,35.70992],[-107.64686,35.72535],[-107.66415,35.70992]]],[[[-107.66409,35.73326],[-107.66409,35.73999],[-107.67396,35.73999],[-107.66409,35.73326]]],[[[-107.53064,35.76879],[-107.53065,35.77681],[-107.54001,35.77662],[-107.53064,35.76879]]],[[[-107.50448,35.77573],[-107.50448,35.78271],[-107.51418,35.78271],[-107.50448,35.77573]]],[[[-107.59149,35.78355],[-107.59149,35.79044],[-107.59982,35.79044],[-107.59149,35.78355]]],[[[-107.52233,35.80469],[-107.57399,35.81214],[-107.57469,35.78341],[-107.52233,35.80469]]],[[[-107.59135,35.85532],[-107.59129,35.86314],[-107.60041,35.86319],[-107.59135,35.85532]]],[[[-107.54063,35.88549],[-107.50485,35.88537],[-107.50443,35.9073],[-107.54063,35.88549]]],[[[-107.54552,36.02242],[-107.59013,36.02977],[-107.57619,35.98614],[-107.54552,36.02242]]],[[[-107.53169,36.00014],[-107.52832,36.00746],[-107.53733,36.00727],[-107.53169,36.00014]]],[[[-107.62638,36.03042],[-107.62642,35.99332],[-107.60865,36.02295],[-107.62638,36.03042]]],[[[-107.66153,36.03085],[-107.68001,36.03787],[-107.67955,36.01525],[-107.66153,36.03085]]],[[[-107.55457,36.03666],[-107.56318,36.03646],[-107.5632,36.02974],[-107.55457,36.03666]]],[[[-107.48406,36.02861],[-107.4829,36.05797],[-107.53713,36.04421],[-107.48406,36.02861]]],[[[-107.53709,36.04434],[-107.53716,36.05161],[-107.54552,36.05166],[-107.53709,36.04434]]],[[[-107.60797,36.04457],[-107.60761,36.05188],[-107.61687,36.05195],[-107.60797,36.04457]]],[[[-107.53659,36.07356],[-107.54528,36.07361],[-107.5455,36.05828],[-107.53659,36.07356]]],[[[-107.62628,36.05912],[-107.61683,36.08843],[-107.6808,36.05927],[-107.62628,36.05912]]],[[[-107.55391,36.0645],[-107.554,36.07373],[-107.56295,36.07363],[-107.55391,36.0645]]],[[[-107.53652,36.08144],[-107.53659,36.07356],[-107.50983,36.07361],[-107.53652,36.08144]]],[[[-107.53627,36.08858],[-107.54516,36.08844],[-107.54523,36.0812],[-107.53627,36.08858]]],[[[-107.55403,36.08842],[-107.55419,36.09576],[-107.56304,36.09575],[-107.55403,36.08842]]],[[[-107.69665,36.08889],[-107.69675,36.09592],[-107.70503,36.09597],[-107.69665,36.08889]]],[[[-107.51881,36.10326],[-107.51872,36.11053],[-107.52752,36.1106],[-107.51881,36.10326]]],[[[-107.66075,36.13239],[-107.67858,36.13219],[-107.6785,36.12485],[-107.66075,36.13239]]],[[[-107.65246,36.13263],[-107.65237,36.1395],[-107.66072,36.13929],[-107.65246,36.13263]]],[[[-107.55372,36.18227],[-107.65175,36.13967],[-107.58108,36.10339],[-107.49206,36.13191],[-107.49195,36.13934],[-107.54473,36.13211],[-107.55372,36.18227]],[[-107.56257,36.16215],[-107.56255,36.15445],[-107.57189,36.15428],[-107.56257,36.16215]],[[-107.56663,36.14012],[-107.55369,36.14009],[-107.55341,36.13253],[-107.56663,36.14012]]],[[[-107.72279,36.14699],[-107.72264,36.15387],[-107.73136,36.15385],[-107.72279,36.14699]]],[[[-107.53746,36.14729],[-107.52699,36.14715],[-107.52682,36.15567],[-107.53746,36.14729]]],[[[-107.51712,36.15416],[-107.50936,36.15414],[-107.50949,36.16159],[-107.51712,36.15416]]],[[[-107.73139,36.20474],[-107.73931,36.16899],[-107.62434,36.19069],[-107.73139,36.20474]],[[-107.72159,36.18272],[-107.72182,36.19661],[-107.69553,36.197],[-107.72159,36.18272]]],[[[-107.67815,36.21261],[-107.67846,36.21992],[-107.68745,36.21976],[-107.67815,36.21261]]],[[[-107.70415,36.21984],[-107.69567,36.21984],[-107.69536,36.23435],[-107.70415,36.21984]]],[[[-107.56904,36.23423],[-107.56904,36.22747],[-107.56132,36.22745],[-107.56904,36.23423]]],[[[-107.67881,36.29254],[-107.66066,36.25594],[-107.58873,36.23497],[-107.58867,36.24918],[-107.67881,36.29254]]],[[[-107.61184,36.28613],[-107.63353,36.28477],[-107.62424,36.27175],[-107.61184,36.28613]]],[[[-107.696,36.29992],[-107.69607,36.29258],[-107.67881,36.29254],[-107.696,36.29992]]],[[[-107.68655,36.41493],[-107.69674,36.43711],[-107.73187,36.43716],[-107.74987,36.38667],[-107.72266,36.39355],[-107.68655,36.41493]]],[[[-107.39427,34.405],[-107.37665,34.40529],[-107.37668,34.41235],[-107.39427,34.405]]],[[[-107.40308,34.40516],[-107.40345,34.39076],[-107.39438,34.39055],[-107.40308,34.40516]]],[[[-107.39438,34.37627],[-107.38492,34.37613],[-107.38482,34.39052],[-107.39438,34.37627]]],[[[-107.41101,34.49226],[-107.53278,34.52166],[-107.5331,34.33261],[-107.51556,34.33287],[-107.51538,34.31847],[-107.49781,34.31808],[-107.4979,34.30326],[-107.41101,34.49226]]],[[[-106.97243,35.02964],[-106.94545,35.11652],[-107.15438,35.24645],[-107.20373,35.0267],[-106.97243,35.02964]],[[-106.98177,35.05813],[-106.9819,35.069],[-106.97339,35.06912],[-106.98177,35.05813]]],[[[-107.29072,35.6603],[-107.29057,35.67501],[-107.30841,35.67492],[-107.29072,35.6603]]],[[[-107.34435,35.66883],[-107.32611,35.66859],[-107.33512,35.68952],[-107.34435,35.66883]]],[[[-107.29953,35.6827],[-107.27319,35.6751],[-107.27313,35.70433],[-107.29953,35.6827]]],[[[-107.44213,35.68984],[-107.50546,35.7266],[-107.52368,35.6606],[-107.45123,35.65325],[-107.44213,35.68984]],[[-107.46864,35.69615],[-107.45976,35.69651],[-107.4597,35.68994],[-107.46864,35.69615]]],[[[-107.32668,35.68286],[-107.30842,35.68284],[-107.30851,35.6971],[-107.32668,35.68286]]],[[[-107.20203,35.69665],[-107.18848,35.69693],[-107.18881,35.71175],[-107.20203,35.69665]]],[[[-107.29957,35.71157],[-107.29082,35.71156],[-107.29084,35.71925],[-107.29957,35.71157]]],[[[-107.40675,35.73254],[-107.41612,35.73255],[-107.41612,35.72448],[-107.40675,35.73254]]],[[[-107.30856,35.7116],[-107.3087,35.74],[-107.37152,35.73918],[-107.37133,35.72613],[-107.30856,35.7116]]],[[[-107.40675,35.73254],[-107.4063,35.73254],[-107.39775,35.73265],[-107.39787,35.7387],[-107.40672,35.7389],[-107.40675,35.73254]]],[[[-107.43297,35.79026],[-107.48675,35.77539],[-107.45101,35.75507],[-107.43297,35.79026]]],[[[-107.29125,35.76932],[-107.29126,35.77625],[-107.30032,35.7765],[-107.29125,35.76932]]],[[[-107.48659,35.78327],[-107.49604,35.78342],[-107.49569,35.77546],[-107.48659,35.78327]]],[[[-107.37057,35.77545],[-107.37055,35.78341],[-107.38026,35.78344],[-107.37057,35.77545]]],[[[-107.34431,35.77528],[-107.34421,35.79066],[-107.35393,35.79081],[-107.34431,35.77528]]],[[[-107.33622,35.79648],[-107.33617,35.7811],[-107.32659,35.781],[-107.33622,35.79648]]],[[[-107.39947,35.79846],[-107.40839,35.79848],[-107.40839,35.79125],[-107.39947,35.79846]]],[[[-107.39947,35.80439],[-107.39947,35.79846],[-107.38987,35.79846],[-107.39947,35.80439]]],[[[-107.35341,35.82573],[-107.27342,35.7764],[-107.29139,35.73306],[-107.23792,35.74719],[-107.25487,35.69693],[-107.14766,35.79864],[-107.18419,35.8198],[-107.20206,35.78394],[-107.29009,35.7906],[-107.21072,35.81169],[-107.2109,35.82662],[-107.28237,35.81985],[-107.30864,35.90681],[-107.35341,35.82573]],[[-107.25625,35.76917],[-107.25597,35.76215],[-107.27351,35.76215],[-107.25625,35.76917]],[[-107.23784,35.762],[-107.23782,35.75476],[-107.24655,35.75481],[-107.23784,35.762]],[[-107.2291,35.81954],[-107.22899,35.81266],[-107.23767,35.81275],[-107.2291,35.81954]],[[-107.2008,35.76913],[-107.21485,35.769],[-107.21484,35.77882],[-107.2008,35.76913]]],[[[-107.38989,35.80439],[-107.3698,35.80437],[-107.3698,35.81314],[-107.38989,35.80439]]],[[[-107.15788,35.81966],[-107.15796,35.82645],[-107.16663,35.82655],[-107.15788,35.81966]]],[[[-107.39842,35.84026],[-107.3984,35.82706],[-107.38145,35.82708],[-107.39842,35.84026]]],[[[-107.22012,35.84139],[-107.1843,35.82651],[-107.1846,35.85569],[-107.22012,35.84139]]],[[[-107.36193,35.84049],[-107.353,35.8331],[-107.37054,35.85584],[-107.36193,35.84049]]],[[[-107.22857,35.85587],[-107.23786,35.85589],[-107.23779,35.8488],[-107.22857,35.85587]]],[[[-107.22857,35.85587],[-107.22571,35.85588],[-107.21154,35.85577],[-107.21165,35.86295],[-107.22857,35.85587]]],[[[-107.26433,35.86353],[-107.26442,35.87081],[-107.28212,35.87099],[-107.26433,35.86353]]],[[[-107.23812,35.87807],[-107.19401,35.85564],[-107.18455,35.89632],[-107.23812,35.87807]]],[[[-107.32648,35.88445],[-107.3265,35.89183],[-107.33586,35.89181],[-107.32648,35.88445]]],[[[-107.41611,35.86988],[-107.3533,35.86306],[-107.35352,35.87813],[-107.37971,35.88456],[-107.41611,35.86988]]],[[[-107.36624,35.88827],[-107.36593,35.89589],[-107.37591,35.89579],[-107.36624,35.88827]]],[[[-107.26439,35.90587],[-107.27301,35.90584],[-107.2729,35.89911],[-107.26439,35.90587]]],[[[-107.34456,35.8994],[-107.34466,35.90696],[-107.3615,35.90696],[-107.34456,35.8994]]],[[[-107.46873,35.90051],[-107.46835,35.9147],[-107.49914,35.91518],[-107.46873,35.90051]]],[[[-107.26439,35.90587],[-107.25542,35.90578],[-107.25523,35.91291],[-107.26417,35.91286],[-107.26439,35.90587]]],[[[-107.37055,35.92722],[-107.38042,35.92729],[-107.38055,35.91342],[-107.37055,35.92722]]],[[[-107.23786,35.91927],[-107.23774,35.92718],[-107.2459,35.92731],[-107.23786,35.91927]]],[[[-107.45205,35.92041],[-107.45153,35.92878],[-107.45995,35.92883],[-107.45205,35.92041]]],[[[-107.40695,35.93566],[-107.41538,35.93566],[-107.41538,35.92823],[-107.40695,35.93566]]],[[[-107.45102,35.93491],[-107.45107,35.95035],[-107.47009,35.95038],[-107.45102,35.93491]]],[[[-107.41251,35.95632],[-107.41552,35.95632],[-107.41585,35.94917],[-107.40583,35.94911],[-107.41251,35.95632]]],[[[-107.41508,35.97057],[-107.46134,35.97142],[-107.44302,35.94913],[-107.41508,35.97057]]],[[[-107.345,35.99882],[-107.33664,35.95773],[-107.35191,35.91232],[-107.25541,35.91985],[-107.345,35.99882]],[[-107.31763,35.96274],[-107.31802,35.95784],[-107.3261,35.95778],[-107.31763,35.96274]]],[[[-107.35344,35.97731],[-107.35336,35.97054],[-107.34477,35.97056],[-107.35344,35.97731]]],[[[-107.39657,35.97022],[-107.36069,35.97072],[-107.36116,35.98448],[-107.39657,35.97022]]],[[[-107.37035,35.9846],[-107.37026,35.99177],[-107.3795,35.99183],[-107.37035,35.9846]]],[[[-107.5015,36.00726],[-107.51957,36.00718],[-107.51475,35.98548],[-107.5015,36.00726]]],[[[-107.32445,36.02734],[-107.33308,36.02762],[-107.33333,36.02034],[-107.32445,36.02734]]],[[[-107.35967,36.05705],[-107.36833,36.05737],[-107.36818,36.02918],[-107.35967,36.05705]]],[[[-107.46021,36.12347],[-107.50144,36.06554],[-107.43954,36.08695],[-107.39525,36.01323],[-107.42149,36.13131],[-107.46021,36.12347]],[[-107.44831,36.10187],[-107.45699,36.10188],[-107.45691,36.10863],[-107.44831,36.10187]],[[-107.47448,36.09408],[-107.46602,36.09399],[-107.46628,36.08727],[-107.47448,36.09408]],[[-107.42173,36.08742],[-107.43075,36.08702],[-107.43063,36.0943],[-107.42173,36.08742]]],[[[-107.32371,36.07105],[-107.32347,36.08517],[-107.35953,36.08526],[-107.32371,36.07105]]],[[[-107.3868,36.07859],[-107.3866,36.08537],[-107.40416,36.08563],[-107.3868,36.07859]]],[[[-107.45685,36.13152],[-107.44796,36.12755],[-107.44687,36.13893],[-107.45685,36.13152]]],[[[-107.4565,36.16073],[-107.50068,36.16789],[-107.50075,36.15341],[-107.4565,36.16073]]],[[[-107.48047,36.20085],[-107.47632,36.20763],[-107.49286,36.20766],[-107.48047,36.20085]]],[[[-107.49862,36.21799],[-107.49863,36.21178],[-107.4857,36.21176],[-107.49862,36.21799]]],[[[-108.95517,35.36516],[-108.9729,35.36519],[-108.97291,35.35093],[-108.95517,35.36516]]],[[[-109.04291,35.43747],[-109.02619,35.43758],[-109.02627,35.45076],[-109.04291,35.43747]]],[[[-109.0095,35.48011],[-109.02627,35.45076],[-109.00948,35.46515],[-109.0095,35.48011]]],[[[-109.02629,35.50837],[-109.04358,35.50841],[-109.0436,35.49401],[-109.02629,35.50837]]],[[[-108.99017,35.49365],[-108.97351,35.52248],[-108.99025,35.50839],[-109.00893,35.50845],[-108.99017,35.49365]]],[[[-109.00893,35.50845],[-109.00885,35.52225],[-109.02561,35.52225],[-109.00893,35.50845]]],[[[-109.00065,35.52231],[-109.00888,35.52965],[-109.00537,35.5177],[-109.00065,35.52231]]],[[[-108.98992,35.58008],[-108.98992,35.59555],[-109.00786,35.59573],[-108.98992,35.58008]]],[[[-109.02663,35.59593],[-109.00786,35.59573],[-109.00791,35.60973],[-109.02663,35.59593]]],[[[-109.02655,35.60978],[-109.02647,35.62401],[-109.04422,35.62413],[-109.02655,35.60978]]],[[[-109.00798,35.62391],[-109.00801,35.63816],[-109.02641,35.63813],[-109.00798,35.62391]]],[[[-108.98991,35.62384],[-109.00798,35.62391],[-109.00791,35.60973],[-108.98991,35.62384]]],[[[-108.98991,35.63827],[-108.98991,35.62384],[-108.97337,35.62374],[-108.98991,35.63827]]],[[[-108.95516,35.60962],[-108.95503,35.62368],[-108.97337,35.62374],[-108.97364,35.60968],[-108.95516,35.60962]]],[[[-108.95487,35.63849],[-108.95503,35.62368],[-108.93584,35.62359],[-108.95487,35.63849]]],[[[-108.91876,35.62396],[-108.93584,35.62359],[-108.9361,35.61015],[-108.91876,35.62396]]],[[[-108.90011,35.60894],[-108.91893,35.60909],[-108.91896,35.59486],[-108.90011,35.60894]]],[[[-108.93609,35.59485],[-108.95604,35.56524],[-108.91901,35.55106],[-108.93609,35.59485]]],[[[-108.95535,35.59509],[-108.93609,35.59485],[-108.93616,35.6025],[-108.95535,35.59509]]],[[[-108.95554,35.57993],[-108.95535,35.59509],[-108.97393,35.59535],[-108.95554,35.57993]]],[[[-108.98992,35.59555],[-108.97393,35.59535],[-108.97364,35.60968],[-108.98992,35.59555]]],[[[-109.02671,35.58139],[-109.02663,35.59593],[-109.04356,35.5961],[-109.02671,35.58139]]],[[[-108.81316,35.48634],[-108.82217,35.48648],[-108.82187,35.47922],[-108.81316,35.48634]]],[[[-108.86459,35.58061],[-108.84642,35.58061],[-108.84634,35.59473],[-108.86459,35.58061]]],[[[-108.84629,35.60993],[-108.84634,35.59473],[-108.82862,35.59464],[-108.84629,35.60993]]],[[[-108.81031,35.60947],[-108.84541,35.63853],[-108.84567,35.62359],[-108.81031,35.60947]]],[[[-108.82867,35.6383],[-108.81014,35.63782],[-108.81025,35.65248],[-108.82867,35.6383]]],[[[-108.81014,35.63782],[-108.81042,35.62365],[-108.79286,35.62345],[-108.81014,35.63782]]],[[[-108.77576,35.62353],[-108.79286,35.62345],[-108.79292,35.60907],[-108.77576,35.62353]]],[[[-108.75831,35.60842],[-108.77578,35.6088],[-108.77579,35.59436],[-108.75831,35.60842]]],[[[-108.77583,35.58023],[-108.77579,35.59436],[-108.79298,35.59445],[-108.77583,35.58023]]],[[[-108.79182,35.56578],[-108.79308,35.58048],[-108.81056,35.58055],[-108.79182,35.56578]]],[[[-108.82853,35.5806],[-108.81056,35.58055],[-108.81052,35.59455],[-108.82853,35.5806]]],[[[-108.82839,35.56604],[-108.82853,35.5806],[-108.84642,35.58061],[-108.82839,35.56604]]],[[[-108.90011,35.60894],[-108.89887,35.60894],[-108.88204,35.60899],[-108.8808,35.60904],[-108.88082,35.62382],[-108.90011,35.60894]]],[[[-108.86269,35.63854],[-108.88092,35.63867],[-108.88082,35.62382],[-108.86269,35.63854]]],[[[-108.08719,35.60893],[-108.08718,35.59486],[-108.06926,35.59475],[-108.08719,35.60893]]],[[[-108.72358,35.60871],[-108.7057,35.60894],[-108.70527,35.62354],[-108.72358,35.60871]]],[[[-108.74056,35.62356],[-108.75814,35.62357],[-108.75794,35.60875],[-108.74056,35.62356]]],[[[-108.73323,35.62334],[-108.72342,35.63758],[-108.74067,35.63748],[-108.74056,35.62356],[-108.73323,35.62334]]],[[[-108.77576,35.62353],[-108.75814,35.62357],[-108.75799,35.63739],[-108.77576,35.62353]]],[[[-108.70463,35.65273],[-108.72334,35.65271],[-108.72342,35.63758],[-108.70463,35.65273]]],[[[-108.2194,35.92184],[-108.21947,35.94385],[-108.23585,35.94378],[-108.2194,35.92184]]],[[[-108.18361,35.9439],[-108.20134,35.9439],[-108.20139,35.92863],[-108.18361,35.9439]]],[[[-108.23589,35.95868],[-108.25355,35.95917],[-108.25358,35.94382],[-108.23589,35.95868]]],[[[-108.25363,35.97269],[-108.23545,35.9725],[-108.23587,35.98668],[-108.25363,35.97269]]],[[[-108.22035,36.03152],[-108.23777,36.0312],[-108.23799,36.01652],[-108.22035,36.03152]]],[[[-108.20262,36.03151],[-108.20249,36.01693],[-108.18517,36.01699],[-108.20262,36.03151]]],[[[-108.20262,36.03151],[-108.20206,36.04609],[-108.22034,36.0459],[-108.22035,36.03152],[-108.20262,36.03151]]],[[[-108.18493,36.04629],[-108.1848,36.06071],[-108.20213,36.06065],[-108.18493,36.04629]]],[[[-108.20213,36.06065],[-108.20205,36.07493],[-108.22034,36.07496],[-108.20213,36.06065]]],[[[-108.23816,36.07499],[-108.22034,36.07496],[-108.22037,36.08965],[-108.23816,36.07499]]],[[[-108.11247,36.0895],[-108.13045,36.08958],[-108.13058,36.07619],[-108.11247,36.0895]]],[[[-108.07701,36.07589],[-108.11232,36.10446],[-108.11247,36.0895],[-108.07701,36.07589]]],[[[-108.09468,36.11889],[-108.09488,36.10431],[-108.07725,36.10405],[-108.09468,36.11889]]],[[[-108.07642,36.13368],[-108.07655,36.11878],[-108.0584,36.11867],[-108.07642,36.13368]]],[[[-108.15734,36.13357],[-108.14875,36.13352],[-108.14871,36.14014],[-108.15734,36.13357]]],[[[-108.81052,35.59455],[-108.79298,35.59445],[-108.79292,35.60907],[-108.81052,35.59455]]]]}},{"type":"Feature","properties":{"diocese_id":"diocese-of-nebraska","name":"Episcopal Diocese of Nebraska","state":"NE","province":"6","counties":["Adams County, NE","Antelope County, NE","Arthur County, NE","Banner County, NE","Blaine County, NE","Boone County, NE","Box Butte County, NE","Boyd County, NE","Brown County, NE","Buffalo County, NE","Burt County, NE","Butler County, NE","Cass County, NE","Cedar County, NE","Chase County, NE","Cherry County, NE","Cheyenne County, NE","Clay County, NE","Colfax County, NE","Cuming County, NE","Custer County, NE","Dakota County, NE","Dawes County, NE","Dawson County, NE","Deuel County, NE","Dixon County, NE","Dodge County, NE","Douglas County, NE","Dundy County, NE","Fillmore County, NE","Franklin County, NE","Frontier County, NE","Furnas County, NE","Gage County, NE","Garden County, NE","Garfield County, NE","Gosper County, NE","Grant County, NE","Greeley County, NE","Hall County, NE","Hamilton County, NE","Harlan County, NE","Hayes County, NE","Hitchcock County, NE","Holt County, NE","Hooker County, NE","Howard County, NE","Jefferson County, NE","Johnson County, NE","Kearney County, NE","Keith County, NE","Keya Paha County, NE","Kimball County, NE","Knox County, NE","Lancaster County, NE","Lincoln County, NE","Logan County, NE","Loup County, NE","Madison County, NE","McPherson County, NE","Merrick County, NE","Morrill County, NE","Nance County, NE","Nemaha County, NE","Nuckolls County, NE","Otoe County, NE","Pawnee County, NE","Perkins County, NE","Phelps County, NE","Pierce County, NE","Platte County, NE","Polk County, NE","Red Willow County, NE","Richardson County, NE","Rock County, NE","Saline County, NE","Sarpy County, NE","Saunders County, NE","Scotts Bluff County, NE","Seward County, NE","Sheridan County, NE","Sherman County, NE","Sioux County, NE","Stanton County, NE","Thayer County, NE","Thomas County, NE","Thurston County, NE","Valley County, NE","Washington County, NE","Wayne County, NE","Webster County, NE","Wheeler County, NE","York County, NE"],"source":"Census 2024 county shapes, dissolved, simplified to ~0.08 degree for size","as_of":"2026-10-08"},"geometry":{"type":"Polygon","coordinates":[[[-102.05161,41.00238],[-102.05174,40.00308],[-95.30829,40.0],[-95.88535,40.72109],[-95.87469,41.3071],[-96.09201,41.53391],[-96.06488,41.79623],[-96.34775,42.16681],[-96.38601,42.47449],[-97.23193,42.85133],[-97.84527,42.86773],[-98.03503,42.7642],[-98.49855,42.99856],[-104.05303,43.00059],[-104.05325,41.00141],[-102.05161,41.00238]]]}},{"type":"Feature","properties":{"diocese_id":"diocese-of-nevada","name":"Episcopal Diocese of Nevada","state":"NV","province":"8","counties":["Carson City, NV","Churchill County, NV","Clark County, NV","Douglas County, NV","Elko County, NV","Esmeralda County, NV","Eureka County, NV","Humboldt County, NV","Lander County, NV","Lincoln County, NV","Lyon County, NV","Mineral County, NV","Nye County, NV","Pershing County, NV","Storey County, NV","Washoe County, NV","White Pine County, NV"],"source":"Census 2024 county shapes, dissolved, simplified to ~0.08 degree for size","as_of":"2026-10-08"},"geometry":{"type":"Polygon","coordinates":[[[-120.00101,38.99957],[-114.63349,35.00186],[-114.56924,35.18348],[-114.7532,36.08951],[-114.37449,36.14366],[-114.15139,36.02313],[-114.04394,36.19335],[-114.04148,41.99387],[-119.99923,41.99494],[-120.00101,38.99957]]]}},{"type":"Feature","properties":{"diocese_id":"diocese-of-new-hampshire","name":"Episcopal Diocese of New Hampshire","state":"NH","province":"1","counties":["Belknap County, NH","Carroll County, NH","Cheshire County, NH","Coos County, NH","Grafton County, NH","Hillsborough County, NH","Merrimack County, NH","Rockingham County, NH","Strafford County, NH","Sullivan County, NH"],"source":"Census 2024 county shapes, dissolved, simplified to ~0.08 degree for size","as_of":"2026-10-08"},"geometry":{"type":"MultiPolygon","coordinates":[[[[-72.55423,42.86004],[-72.45852,42.72685],[-71.29421,42.69699],[-70.8173,42.87229],[-70.71209,43.04373],[-70.98765,43.38952],[-71.08392,45.30545],[-71.44337,45.23772],[-71.63188,44.75246],[-71.57676,44.50262],[-72.06543,44.27723],[-72.03184,44.07854],[-72.38015,43.57362],[-72.55423,42.86004]]],[[[-70.62232,42.96812],[-70.62696,42.96938],[-70.62246,42.96748],[-70.62232,42.96812]]],[[[-70.61062,42.97641],[-70.61702,42.97718],[-70.61399,42.97335],[-70.61062,42.97641]]],[[[-70.62449,42.97612],[-70.62734,42.97772],[-70.62776,42.97538],[-70.62449,42.97612]]]]}},{"type":"Feature","properties":{"diocese_id":"diocese-of-new-jersey","name":"Episcopal Diocese of New Jersey","state":"NJ","province":"2","counties":["Atlantic County, NJ","Burlington County, NJ","Camden County, NJ","Cape May County, NJ","Cumberland County, NJ","Gloucester County, NJ","Hunterdon County, NJ","Mercer County, NJ","Middlesex County, NJ","Monmouth County, NJ","Ocean County, NJ","Salem County, NJ","Somerset County, NJ"],"source":"Census 2024 county shapes, dissolved, simplified to ~0.08 degree for size","as_of":"2026-10-08","boundary_verified":false},"geometry":{"type":"Polygon","coordinates":[[[-74.96386,38.96688],[-74.79367,38.99414],[-74.0991,39.75682],[-73.98606,40.45443],[-74.26189,40.46471],[-74.21247,40.60282],[-74.45847,40.59481],[-74.40175,40.66428],[-74.55602,40.75829],[-74.88982,40.78773],[-75.19037,40.59164],[-74.72219,40.14994],[-75.55945,39.62981],[-75.53643,39.46056],[-75.1514,39.19],[-74.89985,39.17331],[-74.96386,38.96688]]]}},{"type":"Feature","properties":{"diocese_id":"diocese-of-new-york","name":"Episcopal Diocese of New York","state":"NY","province":"2","counties":["Bronx County, NY","Dutchess County, NY","New York County, NY","Orange County, NY","Putnam County, NY","Richmond County, NY","Rockland County, NY","Sullivan County, NY","Ulster County, NY","Westchester County, NY"],"source":"Census 2024 county shapes, dissolved, simplified to ~0.08 degree for size","as_of":"2026-10-08"},"geometry":{"type":"MultiPolygon","coordinates":[[[[-74.25192,40.51387],[-74.1354,40.53041],[-74.07149,40.64284],[-74.08648,40.6486],[-74.1544,40.63718],[-74.18771,40.64264],[-74.25192,40.51387]]],[[[-74.16125,40.64179],[-74.15883,40.64459],[-74.16154,40.64416],[-74.16125,40.64179]]],[[[-74.01343,40.68795],[-74.0195,40.69338],[-74.0263,40.68484],[-74.01343,40.68795]]],[[[-74.04741,40.69023],[-74.04358,40.69031],[-74.04708,40.69106],[-74.04741,40.69023]]],[[[-73.99846,40.70031],[-74.0074,40.68727],[-73.9975,40.69965],[-73.99846,40.70031]]],[[[-74.03762,40.69921],[-74.0422,40.69997],[-74.039,40.69762],[-74.03762,40.69921]]],[[[-73.90268,40.9973],[-74.01631,40.70171],[-73.79411,40.80054],[-73.81798,40.86364],[-73.66011,40.96912],[-73.72777,41.1007],[-73.48271,41.21276],[-73.48731,42.04964],[-74.45171,42.16922],[-75.14474,41.85168],[-74.98334,41.48089],[-73.90268,40.9973]]],[[[-73.78217,40.84672],[-73.79112,40.84719],[-73.78416,40.83711],[-73.78217,40.84672]]],[[[-73.76786,40.84569],[-73.77265,40.85946],[-73.76979,40.84497],[-73.76786,40.84569]]],[[[-73.78671,40.85877],[-73.78408,40.8594],[-73.7866,40.86044],[-73.78671,40.85877]]],[[[-73.77401,40.88264],[-73.76707,40.88603],[-73.77146,40.88745],[-73.77401,40.88264]]]]}},{"type":"Feature","properties":{"diocese_id":"diocese-of-newark","name":"Episcopal Diocese of Newark","state":"NJ","province":"2","counties":["Bergen County, NJ","Essex County, NJ","Hudson County, NJ","Morris County, NJ","Passaic County, NJ","Sussex County, NJ","Union County, NJ","Warren County, NJ"],"source":"Census 2024 county shapes, dissolved, simplified to ~0.08 degree for size","as_of":"2026-10-08","boundary_verified":false},"geometry":{"type":"MultiPolygon","coordinates":[[[[-74.454,40.60402],[-74.20515,40.59388],[-74.12057,40.71713],[-74.0702,40.66083],[-73.89363,40.99717],[-74.75324,41.34612],[-75.13057,40.99109],[-75.05103,40.86566],[-75.20135,40.61463],[-74.88982,40.78773],[-74.55602,40.75829],[-74.454,40.60402]]],[[[-74.0422,40.69997],[-74.04166,40.69644],[-74.039,40.69762],[-74.0422,40.69997]]]]}},{"type":"Feature","properties":{"diocese_id":"diocese-of-north-carolina","name":"Episcopal Diocese of North Carolina","state":"NC","province":"4","counties":["Alamance County, NC","Anson County, NC","Cabarrus County, NC","Caswell County, NC","Chatham County, NC","Davidson County, NC","Davie County, NC","Durham County, NC","Forsyth County, NC","Franklin County, NC","Gaston County, NC","Granville County, NC","Guilford County, NC","Halifax County, NC","Harnett County, NC","Hoke County, NC","Iredell County, NC","Johnston County, NC","Lee County, NC","Lincoln County, NC","Mecklenburg County, NC","Montgomery County, NC","Moore County, NC","Nash County, NC","Northampton County, NC","Orange County, NC","Person County, NC","Randolph County, NC","Richmond County, NC","Rockingham County, NC","Rowan County, NC","Scotland County, NC","Stanly County, NC","Stokes County, NC","Surry County, NC","Union County, NC","Vance County, NC","Wake County, NC","Warren County, NC","Yadkin County, NC"],"source":"Census 2024 county shapes, dissolved, simplified to ~0.08 degree for size","as_of":"2026-10-08","boundary_verified":false},"geometry":{"type":"Polygon","coordinates":[[[-79.71232,34.80523],[-79.46156,34.6303],[-79.34883,34.83886],[-79.03556,34.9552],[-79.09581,35.19207],[-78.155,35.34939],[-78.06478,35.58526],[-78.18897,35.73424],[-77.84474,35.83762],[-77.69796,36.15315],[-77.42454,36.00395],[-77.23058,36.10434],[-77.29825,36.20771],[-77.06645,36.49697],[-80.90166,36.56175],[-80.88159,36.05572],[-81.02883,36.04565],[-81.10951,35.77659],[-80.95362,35.55362],[-81.5376,35.56423],[-81.32804,35.16341],[-80.93495,35.10741],[-80.79754,34.81979],[-79.71232,34.80523]]]}},{"type":"Feature","properties":{"diocese_id":"diocese-of-north-dakota","name":"Episcopal Diocese of North Dakota","state":"ND","province":"6","counties":["Adams County, ND","Barnes County, ND","Benson County, ND","Billings County, ND","Bottineau County, ND","Bowman County, ND","Burke County, ND","Burleigh County, ND","Cass County, ND","Cavalier County, ND","Dickey County, ND","Divide County, ND","Dunn County, ND","Eddy County, ND","Emmons County, ND","Foster County, ND","Golden Valley County, ND","Grand Forks County, ND","Grant County, ND","Griggs County, ND","Hettinger County, ND","Kidder County, ND","LaMoure County, ND","Logan County, ND","McHenry County, ND","McIntosh County, ND","McKenzie County, ND","McLean County, ND","Mercer County, ND","Morton County, ND","Mountrail County, ND","Nelson County, ND","Oliver County, ND","Pembina County, ND","Pierce County, ND","Ramsey County, ND","Ransom County, ND","Renville County, ND","Richland County, ND","Rolette County, ND","Sargent County, ND","Sheridan County, ND","Sioux County, ND","Slope County, ND","Stark County, ND","Steele County, ND","Stutsman County, ND","Towner County, ND","Traill County, ND","Walsh County, ND","Ward County, ND","Wells County, ND","Williams County, ND"],"source":"Census 2024 county shapes, dissolved, simplified to ~0.08 degree for size","as_of":"2026-10-08"},"geometry":{"type":"Polygon","coordinates":[[[-104.04874,48.99988],[-104.04544,45.94531],[-96.56367,45.93524],[-96.55451,46.08398],[-96.79794,46.62911],[-96.85105,47.59794],[-97.14667,48.1432],[-97.09033,48.68451],[-97.22872,49.00056],[-104.04874,48.99988]]]}},{"type":"Feature","properties":{"diocese_id":"diocese-of-northern-california","name":"Episcopal Diocese of Northern California","state":"CA","province":"8","counties":["Amador County, CA","Butte County, CA","Colusa County, CA","Del Norte County, CA","El Dorado County, CA","Glenn County, CA","Humboldt County, CA","Lake County, CA","Lassen County, CA","Mendocino County, CA","Modoc County, CA","Napa County, CA","Nevada County, CA","Placer County, CA","Plumas County, CA","Sacramento County, CA","Shasta County, CA","Sierra County, CA","Siskiyou County, CA","Solano County, CA","Sonoma County, CA","Sutter County, CA","Tehama County, CA","Trinity County, CA","Yolo County, CA","Yuba County, CA"],"source":"Census 2024 county shapes, dissolved, simplified to ~0.08 degree for size","as_of":"2026-10-08"},"geometry":{"type":"MultiPolygon","coordinates":[[[[-122.15968,38.0334],[-121.56718,38.09732],[-121.47096,38.2599],[-120.89379,38.22128],[-120.49513,38.44962],[-120.07248,38.50987],[-120.07333,38.70109],[-119.87775,38.86831],[-120.00101,38.99957],[-119.99923,41.99494],[-124.21161,41.99846],[-124.20844,41.88819],[-124.25495,41.77817],[-124.06606,41.47026],[-124.11176,41.02688],[-124.40959,40.43808],[-124.3606,40.25721],[-123.8496,39.82767],[-123.72798,38.91943],[-123.05824,38.29836],[-122.15968,38.0334]]],[[[-124.21302,41.95102],[-124.21681,41.95183],[-124.21706,41.95023],[-124.21302,41.95102]]]]}},{"type":"Feature","properties":{"diocese_id":"diocese-of-northern-indiana","name":"Episcopal Diocese of Northern Indiana","state":"IN","province":"5","counties":["Adams County, IN","Allen County, IN","Benton County, IN","Blackford County, IN","Carroll County, IN","Cass County, IN","DeKalb County, IN","Elkhart County, IN","Fulton County, IN","Grant County, IN","Howard County, IN","Huntington County, IN","Jasper County, IN","Jay County, IN","Kosciusko County, IN","LaGrange County, IN","LaPorte County, IN","Lake County, IN","Marshall County, IN","Miami County, IN","Newton County, IN","Noble County, IN","Porter County, IN","Pulaski County, IN","St. Joseph County, IN","Starke County, IN","Steuben County, IN","Wabash County, IN","Wells County, IN","White County, IN","Whitley County, IN"],"source":"Census 2024 county shapes, dissolved, simplified to ~0.08 degree for size","as_of":"2026-10-08"},"geometry":{"type":"Polygon","coordinates":[[[-86.69467,40.43216],[-84.80366,40.31009],[-84.80588,41.76022],[-86.82483,41.76024],[-87.29902,41.61909],[-87.52416,41.70831],[-87.5266,40.47688],[-86.69535,40.56187],[-86.69467,40.43216]]]}},{"type":"Feature","properties":{"diocese_id":"diocese-of-northern-michigan","name":"Episcopal Diocese of Northern Michigan","state":"MI","province":"5","counties":["Alger County, MI","Baraga County, MI","Chippewa County, MI","Delta County, MI","Dickinson County, MI","Gogebic County, MI","Houghton County, MI","Iron County, MI","Keweenaw County, MI","Luce County, MI","Mackinac County, MI","Marquette County, MI","Menominee County, MI","Ontonagon County, MI","Schoolcraft County, MI"],"source":"Census 2024 county shapes, dissolved, simplified to ~0.08 degree for size","as_of":"2026-10-08"},"geometry":{"type":"MultiPolygon","coordinates":[[[[-87.87686,45.36854],[-87.65735,45.36875],[-87.73651,45.17339],[-87.59219,45.09476],[-86.97794,45.90562],[-86.96786,45.66826],[-86.78208,45.86019],[-86.53521,45.8858],[-86.55962,45.77224],[-86.71751,45.68029],[-86.61427,45.60012],[-86.27577,45.94355],[-85.65888,45.9658],[-85.50621,46.09639],[-85.33591,46.0926],[-85.01399,46.01077],[-84.75242,45.83974],[-84.65657,46.05265],[-84.42272,46.00203],[-84.39206,45.98544],[-84.435,45.96109],[-84.38159,45.9336],[-84.26722,45.99076],[-83.89546,45.98644],[-84.27302,46.20145],[-84.09777,46.25651],[-84.12892,46.53012],[-84.58331,46.41351],[-85.01521,46.47971],[-84.95625,46.77189],[-86.16168,46.66947],[-86.64471,46.4108],[-87.35941,46.50345],[-87.81679,46.89115],[-88.28342,46.82299],[-88.14295,46.9669],[-88.49733,46.75511],[-88.34995,47.07638],[-87.95706,47.38726],[-87.71242,47.4014],[-87.80118,47.4733],[-88.21815,47.44952],[-88.9728,47.0021],[-90.41814,46.56609],[-90.12049,46.33685],[-88.10291,45.92187],[-88.12946,45.80929],[-87.78081,45.68035],[-87.87686,45.36854]]],[[[-87.39929,46.59473],[-87.40263,46.59555],[-87.40383,46.59367],[-87.39929,46.59473]]],[[[-87.41008,46.60272],[-87.42013,46.60297],[-87.41765,46.59776],[-87.41008,46.60272]]],[[[-87.45716,46.6381],[-87.46045,46.63914],[-87.46126,46.63628],[-87.45716,46.6381]]],[[[-87.53905,46.7047],[-87.54226,46.70461],[-87.54264,46.70377],[-87.53905,46.7047]]],[[[-87.95909,46.9505],[-87.95546,46.94949],[-87.95654,46.95161],[-87.95909,46.9505]]],[[[-87.97189,46.9504],[-87.96363,46.95131],[-87.97826,46.95431],[-87.97189,46.9504]]],[[[-87.99836,46.95871],[-88.00385,46.96627],[-88.00542,46.96576],[-87.99836,46.95871]]],[[[-88.26871,47.06981],[-88.27409,47.07491],[-88.27608,47.07163],[-88.26871,47.06981]]],[[[-87.62367,47.42628],[-87.6523,47.41621],[-87.58622,47.41834],[-87.62367,47.42628]]],[[[-88.84506,47.91524],[-88.85064,47.91392],[-88.85127,47.91149],[-88.84506,47.91524]]],[[[-88.78231,47.94072],[-88.8129,47.93073],[-88.81835,47.92806],[-88.78231,47.94072]]],[[[-89.23992,47.87794],[-89.16205,47.82356],[-88.91166,47.89134],[-89.00509,47.89866],[-88.41824,48.18037],[-89.23992,47.87794]]],[[[-88.70549,48.11118],[-88.71969,48.10545],[-88.73405,48.10066],[-88.72122,48.10394],[-88.70549,48.11118]]],[[[-88.34989,48.23152],[-88.3525,48.23548],[-88.36779,48.22295],[-88.34989,48.23152]]],[[[-86.75755,45.50412],[-86.78353,45.4883],[-86.75999,45.47787],[-86.75755,45.50412]]],[[[-86.71389,45.4998],[-86.71695,45.50115],[-86.71614,45.49778],[-86.71389,45.4998]]],[[[-86.72065,45.51152],[-86.72111,45.50914],[-86.71669,45.50948],[-86.72065,45.51152]]],[[[-86.72509,45.52173],[-86.72738,45.52147],[-86.72309,45.52052],[-86.72509,45.52173]]],[[[-86.66996,45.52711],[-86.66118,45.53296],[-86.66785,45.53175],[-86.66996,45.52711]]],[[[-86.62216,45.56363],[-86.66031,45.57384],[-86.64107,45.54301],[-86.62216,45.56363]]],[[[-86.67727,45.61369],[-86.69017,45.59572],[-86.66789,45.60605],[-86.67727,45.61369]]],[[[-86.71069,45.60825],[-86.7052,45.61062],[-86.71245,45.60887],[-86.71069,45.60825]]],[[[-86.66031,45.736],[-86.65672,45.73974],[-86.65707,45.74264],[-86.66031,45.736]]],[[[-86.76546,45.74878],[-86.76082,45.74381],[-86.75928,45.74546],[-86.76546,45.74878]]],[[[-86.7588,45.79669],[-86.75571,45.80017],[-86.76272,45.80092],[-86.7588,45.79669]]],[[[-84.74539,45.83933],[-84.75112,45.83648],[-84.75137,45.83563],[-84.7446,45.83623],[-84.74539,45.83933]]],[[[-84.86899,45.85495],[-84.87384,45.86671],[-84.88039,45.86532],[-84.86899,45.85495]]],[[[-85.19954,46.04422],[-85.20477,46.04441],[-85.2048,46.04402],[-85.19954,46.04422]]],[[[-86.72245,46.4858],[-86.71932,46.47903],[-86.71674,46.4786],[-86.72245,46.4858]]],[[[-86.89308,46.48031],[-86.8934,46.48847],[-86.89996,46.48783],[-86.89308,46.48031]]],[[[-86.62633,46.5349],[-86.6876,46.45623],[-86.62308,46.4565],[-86.62633,46.5349]]],[[[-86.74417,46.50529],[-86.73729,46.51115],[-86.74819,46.5156],[-86.74417,46.50529]]],[[[-84.57373,45.81944],[-84.48142,45.73005],[-84.35595,45.77069],[-84.42033,45.81132],[-84.57373,45.81944]]],[[[-84.60734,45.82562],[-84.60052,45.83392],[-84.61194,45.83394],[-84.60734,45.82562]]],[[[-84.62912,45.88222],[-84.64747,45.85687],[-84.60317,45.85019],[-84.62912,45.88222]]],[[[-84.43381,45.92576],[-84.42792,45.92066],[-84.43295,45.92673],[-84.43381,45.92576]]],[[[-84.56795,45.95248],[-84.57496,45.97065],[-84.58269,45.96312],[-84.56795,45.95248]]],[[[-84.60878,45.96747],[-84.64162,45.9729],[-84.63157,45.95535],[-84.60878,45.96747]]],[[[-84.20195,45.97036],[-84.20116,45.96692],[-84.19924,45.96915],[-84.20195,45.97036]]],[[[-84.42204,45.9747],[-84.42499,45.97378],[-84.42222,45.9732],[-84.42204,45.9747]]],[[[-83.89713,46.01706],[-83.89998,46.01781],[-83.90093,46.01624],[-83.89713,46.01706]]],[[[-83.85256,46.05889],[-83.84781,46.05221],[-83.84674,46.05386],[-83.85256,46.05889]]],[[[-83.88132,46.05592],[-83.87788,46.05542],[-83.87871,46.05798],[-83.88132,46.05592]]],[[[-83.88406,46.06482],[-83.87954,46.07241],[-83.88524,46.06928],[-83.88406,46.06482]]],[[[-83.85934,46.06936],[-83.8648,46.08115],[-83.86932,46.0762],[-83.85934,46.06936]]],[[[-83.98911,46.08947],[-84.01263,46.08728],[-83.97345,46.06529],[-83.98911,46.08947]]],[[[-83.85423,46.07999],[-83.85102,46.08173],[-83.85625,46.08478],[-83.85423,46.07999]]],[[[-83.984,46.09055],[-83.9878,46.09129],[-83.98364,46.08865],[-83.984,46.09055]]],[[[-83.99113,46.10085],[-83.98768,46.09829],[-83.99042,46.10315],[-83.99113,46.10085]]],[[[-84.01965,46.10917],[-84.02322,46.10933],[-84.02036,46.10769],[-84.01965,46.10917]]],[[[-84.16612,46.21578],[-84.17152,46.2188],[-84.16605,46.21533],[-84.16612,46.21578]]],[[[-84.51406,46.44171],[-84.51574,46.44365],[-84.51693,46.44227],[-84.51406,46.44171]]],[[[-84.68133,46.49376],[-84.68383,46.49151],[-84.67906,46.49342],[-84.68133,46.49376]]],[[[-83.76937,45.93489],[-83.76855,45.93175],[-83.76688,45.93687],[-83.76937,45.93489]]],[[[-83.79041,46.00922],[-83.79196,46.00724],[-83.7897,46.00724],[-83.79041,46.00922]]],[[[-83.87811,45.98908],[-83.56184,45.91256],[-83.47322,45.98442],[-83.63498,46.10395],[-83.6888,46.03563],[-83.8061,45.98388],[-83.84508,46.02655],[-83.87811,45.98908]]],[[[-83.82285,46.02936],[-83.82547,46.02853],[-83.82392,46.0268],[-83.82285,46.02936]]],[[[-83.79362,46.03621],[-83.791,46.03538],[-83.79077,46.03843],[-83.79362,46.03621]]],[[[-83.73349,46.0381],[-83.73349,46.03588],[-83.73265,46.03827],[-83.73349,46.0381]]],[[[-83.82773,46.03967],[-83.82903,46.03753],[-83.82761,46.03546],[-83.82773,46.03967]]],[[[-83.72885,46.04074],[-83.72517,46.03744],[-83.72552,46.04058],[-83.72885,46.04074]]],[[[-83.83735,46.04536],[-83.83652,46.04297],[-83.83581,46.04561],[-83.83735,46.04536]]],[[[-83.72041,46.04404],[-83.72267,46.05081],[-83.72837,46.04445],[-83.72041,46.04404]]],[[[-83.73491,46.05361],[-83.77318,46.04734],[-83.74723,46.03478],[-83.73491,46.05361]]],[[[-83.7014,46.04891],[-83.70924,46.0532],[-83.71007,46.05089],[-83.7014,46.04891]]],[[[-83.82654,46.05839],[-83.82737,46.0551],[-83.82582,46.05823],[-83.82654,46.05839]]],[[[-83.69629,46.056],[-83.69023,46.05971],[-83.69391,46.06194],[-83.69629,46.056]]],[[[-83.79897,46.05773],[-83.79671,46.06037],[-83.79766,46.06103],[-83.79897,46.05773]]],[[[-83.79184,46.0626],[-83.79386,46.06177],[-83.79362,46.06103],[-83.79184,46.0626]]],[[[-83.70508,46.06425],[-83.69974,46.06697],[-83.70069,46.06837],[-83.70508,46.06425]]],[[[-83.77401,46.06433],[-83.7708,46.06911],[-83.77425,46.06647],[-83.77401,46.06433]]],[[[-83.84139,46.06779],[-83.85054,46.06582],[-83.8446,46.06342],[-83.84139,46.06779]]],[[[-83.81323,46.07455],[-83.81061,46.07406],[-83.80942,46.07802],[-83.81323,46.07455]]],[[[-83.78257,46.08033],[-83.78126,46.08502],[-83.78399,46.07999],[-83.78257,46.08033]]],[[[-83.7651,46.09219],[-83.76247,46.08632],[-83.76165,46.0889],[-83.7651,46.09219]]],[[[-83.79196,46.10703],[-83.8282,46.10027],[-83.77651,46.09203],[-83.79196,46.10703]]]]}},{"type":"Feature","properties":{"diocese_id":"diocese-of-northwest-texas","name":"Episcopal Diocese of Northwest Texas","state":"TX","province":"7","counties":["Andrews County, TX","Armstrong County, TX","Bailey County, TX","Baylor County, TX","Borden County, TX","Briscoe County, TX","Callahan County, TX","Carson County, TX","Castro County, TX","Childress County, TX","Cochran County, TX","Coke County, TX","Coleman County, TX","Collingsworth County, TX","Cottle County, TX","Crane County, TX","Crosby County, TX","Dallam County, TX","Dawson County, TX","Deaf Smith County, TX","Dickens County, TX","Donley County, TX","Ector County, TX","Fisher County, TX","Floyd County, TX","Foard County, TX","Gaines County, TX","Garza County, TX","Glasscock County, TX","Gray County, TX","Hale County, TX","Hall County, TX","Hansford County, TX","Hardeman County, TX","Hartley County, TX","Haskell County, TX","Hemphill County, TX","Hockley County, TX","Howard County, TX","Hutchinson County, TX","Irion County, TX","Jones County, TX","Kent County, TX","King County, TX","Knox County, TX","Lamb County, TX","Lipscomb County, TX","Loving County, TX","Lubbock County, TX","Lynn County, TX","Martin County, TX","Midland County, TX","Mitchell County, TX","Moore County, TX","Motley County, TX","Nolan County, TX","Ochiltree County, TX","Oldham County, TX","Parmer County, TX","Potter County, TX","Randall County, TX","Reagan County, TX","Roberts County, TX","Runnels County, TX","Scurry County, TX","Shackelford County, TX","Sherman County, TX","Sterling County, TX","Stonewall County, TX","Swisher County, TX","Taylor County, TX","Terry County, TX","Throckmorton County, TX","Tom Green County, TX","Upton County, TX","Ward County, TX","Wheeler County, TX","Wilbarger County, TX","Winkler County, TX","Yoakum County, TX"],"source":"Census 2024 county shapes, dissolved, simplified to ~0.08 degree for size","as_of":"2026-10-08","boundary_verified":false},"geometry":{"type":"Polygon","coordinates":[[[-102.39943,31.08626],[-100.11522,31.08799],[-100.11123,31.58027],[-99.70573,31.5769],[-99.51148,31.4244],[-99.20277,31.46723],[-99.09602,32.95704],[-98.95087,32.95692],[-98.95236,34.21258],[-99.18951,34.21431],[-99.3588,34.45586],[-99.69497,34.37833],[-100.00038,34.56051],[-100.00041,36.4997],[-103.04192,36.50044],[-103.06442,32.00052],[-103.98394,31.99411],[-103.50938,31.62593],[-103.45392,31.42567],[-102.82673,31.26688],[-102.6761,31.33008],[-102.39943,31.08626]]]}},{"type":"Feature","properties":{"diocese_id":"diocese-of-northwestern-pennsylvania","name":"Episcopal Diocese of Northwestern Pennsylvania","state":"PA","province":"3","counties":["Cameron County, PA","Clarion County, PA","Clearfield County, PA","Crawford County, PA","Elk County, PA","Erie County, PA","Forest County, PA","Jefferson County, PA","Lawrence County, PA","McKean County, PA","Mercer County, PA","Venango County, PA","Warren County, PA"],"source":"Census 2024 county shapes, dissolved, simplified to ~0.08 degree for size","as_of":"2026-10-08","boundary_verified":false},"geometry":{"type":"Polygon","coordinates":[[[-80.51941,41.97716],[-80.51902,40.85134],[-80.15853,40.8551],[-79.99978,41.17186],[-79.69498,41.17287],[-79.61835,40.97414],[-79.21521,41.05051],[-79.21531,40.91135],[-78.80517,40.90598],[-78.80173,40.72462],[-78.34867,40.72344],[-78.0781,40.95645],[-77.98919,41.47482],[-78.20364,41.6176],[-78.20638,41.99962],[-79.76137,41.99907],[-79.76195,42.26986],[-80.51941,41.97716]]]}},{"type":"Feature","properties":{"diocese_id":"diocese-of-ohio","name":"Episcopal Diocese of Ohio","state":"OH","province":"5","counties":["Allen County, OH","Ashland County, OH","Ashtabula County, OH","Auglaize County, OH","Carroll County, OH","Columbiana County, OH","Coshocton County, OH","Crawford County, OH","Cuyahoga County, OH","Defiance County, OH","Erie County, OH","Fulton County, OH","Geauga County, OH","Hancock County, OH","Hardin County, OH","Harrison County, OH","Henry County, OH","Holmes County, OH","Huron County, OH","Jefferson County, OH","Knox County, OH","Lake County, OH","Logan County, OH","Lorain County, OH","Lucas County, OH","Mahoning County, OH","Marion County, OH","Medina County, OH","Mercer County, OH","Morrow County, OH","Ottawa County, OH","Paulding County, OH","Portage County, OH","Putnam County, OH","Richland County, OH","Sandusky County, OH","Seneca County, OH","Stark County, OH","Summit County, OH","Trumbull County, OH","Tuscarawas County, OH","Union County, OH","Van Wert County, OH","Wayne County, OH","Williams County, OH","Wood County, OH","Wyandot County, OH"],"source":"Census 2024 county shapes, dissolved, simplified to ~0.08 degree for size","as_of":"2026-10-08"},"geometry":{"type":"MultiPolygon","coordinates":[[[[-83.24916,40.41873],[-82.18711,40.16688],[-80.70292,40.15726],[-80.5999,40.31767],[-80.66796,40.5825],[-80.51899,40.6388],[-80.51941,41.97716],[-81.28382,41.76205],[-81.73875,41.48855],[-82.48121,41.38134],[-82.68693,41.4914],[-83.00943,41.42848],[-82.71158,41.53632],[-82.95701,41.52032],[-83.48021,41.68208],[-83.4554,41.73284],[-84.80597,41.69612],[-84.8039,40.35276],[-84.00237,40.48311],[-84.01476,40.27346],[-83.17021,40.10707],[-83.24916,40.41873]]],[[[-83.44337,41.70445],[-83.42128,41.70338],[-83.42761,41.71175],[-83.44337,41.70445]]],[[[-83.44934,41.7105],[-83.46079,41.70126],[-83.44687,41.70699],[-83.44934,41.7105]]],[[[-82.7309,41.49386],[-82.74167,41.49666],[-82.74055,41.48945],[-82.7309,41.49386]]],[[[-82.83346,41.59187],[-82.83279,41.59042],[-82.83032,41.59123],[-82.83346,41.59187]]],[[[-82.6742,41.62386],[-82.73453,41.60113],[-82.67729,41.59621],[-82.6742,41.62386]]],[[[-82.86359,41.64689],[-82.86808,41.64496],[-82.86283,41.64554],[-82.86359,41.64689]]],[[[-82.81439,41.65423],[-82.84152,41.62904],[-82.79371,41.6648],[-82.81439,41.65423]]],[[[-82.82153,41.65932],[-82.81953,41.65791],[-82.81953,41.65854],[-82.82153,41.65932]]],[[[-82.787,41.67868],[-82.78551,41.67702],[-82.78387,41.6786],[-82.787,41.67868]]],[[[-82.84462,41.67845],[-82.85468,41.68218],[-82.85647,41.68174],[-82.84462,41.67845]]],[[[-82.80959,41.67092],[-82.81175,41.692],[-82.82621,41.6846],[-82.80959,41.67092]]],[[[-82.82972,41.69088],[-82.82278,41.69186],[-82.83038,41.69193],[-82.82972,41.69088]]],[[[-82.78985,41.69312],[-82.78396,41.69729],[-82.80057,41.69439],[-82.78985,41.69312]]],[[[-82.81349,41.72347],[-82.83512,41.70897],[-82.80932,41.70884],[-82.81349,41.72347]]],[[[-83.11083,41.73719],[-83.10334,41.73837],[-83.10209,41.7418],[-83.11083,41.73719]]]]}},{"type":"Feature","properties":{"diocese_id":"diocese-of-oklahoma","name":"Episcopal Diocese of Oklahoma","state":"OK","province":"7","counties":["Adair County, OK","Alfalfa County, OK","Atoka County, OK","Beaver County, OK","Beckham County, OK","Blaine County, OK","Bryan County, OK","Caddo County, OK","Canadian County, OK","Carter County, OK","Cherokee County, OK","Choctaw County, OK","Cimarron County, OK","Cleveland County, OK","Coal County, OK","Comanche County, OK","Cotton County, OK","Craig County, OK","Creek County, OK","Custer County, OK","Delaware County, OK","Dewey County, OK","Ellis County, OK","Garfield County, OK","Garvin County, OK","Grady County, OK","Grant County, OK","Greer County, OK","Harmon County, OK","Harper County, OK","Haskell County, OK","Hughes County, OK","Jackson County, OK","Jefferson County, OK","Johnston County, OK","Kay County, OK","Kingfisher County, OK","Kiowa County, OK","Latimer County, OK","Le Flore County, OK","Lincoln County, OK","Logan County, OK","Love County, OK","Major County, OK","Marshall County, OK","Mayes County, OK","McClain County, OK","McCurtain County, OK","McIntosh County, OK","Murray County, OK","Muskogee County, OK","Noble County, OK","Nowata County, OK","Okfuskee County, OK","Oklahoma County, OK","Okmulgee County, OK","Osage County, OK","Ottawa County, OK","Pawnee County, OK","Payne County, OK","Pittsburg County, OK","Pontotoc County, OK","Pottawatomie County, OK","Pushmataha County, OK","Roger Mills County, OK","Rogers County, OK","Seminole County, OK","Sequoyah County, OK","Stephens County, OK","Texas County, OK","Tillman County, OK","Tulsa County, OK","Wagoner County, OK","Washington County, OK","Washita County, OK","Woods County, OK","Woodward County, OK"],"source":"Census 2024 county shapes, dissolved, simplified to ~0.08 degree for size","as_of":"2026-10-08"},"geometry":{"type":"Polygon","coordinates":[[[-98.15435,34.12273],[-97.94573,33.98984],[-97.96778,33.88243],[-97.67177,33.99137],[-97.42649,33.8194],[-97.21092,33.91606],[-97.1261,33.71694],[-96.98134,33.95638],[-96.76159,33.82441],[-96.58793,33.89478],[-96.34831,33.68638],[-96.14807,33.8378],[-95.21763,33.96265],[-94.4915,33.62512],[-94.43066,35.39248],[-94.61796,36.99891],[-103.0022,37.0001],[-103.00243,36.5004],[-100.00041,36.4997],[-100.00038,34.56051],[-99.69497,34.37833],[-99.3588,34.45586],[-99.18951,34.21431],[-98.48633,34.0626],[-98.15435,34.12273]]]}},{"type":"Feature","properties":{"diocese_id":"diocese-of-olympia","name":"Episcopal Diocese of Olympia","state":"WA","province":"8","counties":["Clallam County, WA","Clark County, WA","Cowlitz County, WA","Grays Harbor County, WA","Island County, WA","Jefferson County, WA","King County, WA","Kitsap County, WA","Kittitas County, WA","Lewis County, WA","Mason County, WA","Pacific County, WA","Pierce County, WA","San Juan County, WA","Skagit County, WA","Skamania County, WA","Snohomish County, WA","Thurston County, WA","Wahkiakum County, WA","Whatcom County, WA"],"source":"Census 2024 county shapes, dissolved, simplified to ~0.08 degree for size","as_of":"2026-10-08"},"geometry":{"type":"MultiPolygon","coordinates":[[[[-122.7853,45.8581],[-122.76381,45.65714],[-122.2949,45.54354],[-121.52369,45.7249],[-121.61223,46.04409],[-121.52232,46.04401],[-121.52232,46.38822],[-121.38656,46.4106],[-121.45598,46.51673],[-121.35318,46.71195],[-121.52307,46.87278],[-121.37968,47.08749],[-121.02662,46.91131],[-120.63456,46.91213],[-120.51,46.73795],[-119.93367,46.78844],[-120.01191,47.22406],[-120.90835,47.42537],[-121.1337,47.64561],[-121.15323,48.04074],[-120.90743,48.16318],[-121.07148,48.31796],[-121.05653,48.47637],[-120.6861,48.5665],[-120.78531,48.60516],[-120.65586,48.72434],[-120.76851,48.95449],[-122.81723,48.95597],[-122.42527,48.59952],[-122.56029,48.58317],[-122.48965,48.4572],[-122.60696,48.52215],[-122.70292,48.49201],[-122.66827,48.48627],[-122.65775,48.47294],[-122.65615,48.40776],[-122.55038,48.44845],[-122.36759,48.29172],[-122.531,48.24982],[-122.51203,48.13393],[-122.35896,48.05485],[-122.47901,48.1757],[-122.38391,48.22749],[-122.21898,48.02028],[-122.43694,47.66172],[-122.32483,47.34852],[-122.54741,47.31773],[-122.52969,47.28331],[-122.58483,47.18745],[-122.6847,47.09704],[-122.83677,47.11908],[-122.87147,47.27686],[-122.82666,47.40581],[-122.77162,47.16711],[-122.68394,47.36516],[-122.54752,47.28534],[-122.57599,47.32642],[-122.49532,47.51102],[-122.69845,47.52669],[-122.6311,47.70734],[-122.47184,47.74982],[-122.52533,47.91234],[-122.61702,47.93899],[-122.57367,47.85758],[-123.11968,47.38553],[-122.87459,47.41387],[-123.15958,47.35439],[-122.86465,47.80467],[-122.78489,47.68733],[-122.61034,47.88734],[-122.75451,48.14434],[-122.88493,48.10511],[-122.82688,48.04614],[-122.83946,48.00177],[-122.88459,47.98975],[-123.10189,48.18495],[-123.98103,48.16476],[-124.73183,48.38116],[-124.67618,47.96703],[-124.4252,47.73843],[-124.17388,46.92724],[-124.12206,47.04165],[-124.01222,46.98518],[-123.8591,46.96758],[-123.8389,46.95395],[-124.13823,46.90553],[-124.09218,46.74162],[-123.82936,46.71336],[-123.96064,46.63636],[-123.9537,46.37884],[-124.06434,46.64126],[-124.07777,46.27232],[-123.1159,46.18527],[-122.7853,45.8581]]],[[[-123.86053,46.95606],[-123.86481,46.96514],[-123.88583,46.96414],[-123.86053,46.95606]]],[[[-124.49246,47.67208],[-124.48093,47.67456],[-124.48065,47.6798],[-124.49246,47.67208]]],[[[-124.50805,47.79746],[-124.50715,47.79917],[-124.5093,47.79885],[-124.50805,47.79746]]],[[[-124.6457,47.90738],[-124.65164,47.90528],[-124.64594,47.90419],[-124.6457,47.90738]]],[[[-124.749,48.15781],[-124.7548,48.15885],[-124.74547,48.15554],[-124.749,48.15781]]],[[[-124.75768,48.17409],[-124.76081,48.17707],[-124.76307,48.17628],[-124.75768,48.17409]]],[[[-124.59936,48.37683],[-124.59294,48.37793],[-124.60221,48.38693],[-124.59936,48.37683]]],[[[-124.73721,48.39561],[-124.7346,48.38914],[-124.73222,48.39088],[-124.73721,48.39561]]],[[[-123.17966,48.62205],[-123.13562,48.50024],[-122.96098,48.45121],[-122.96977,48.53611],[-123.17966,48.62205]]],[[[-123.0349,48.59163],[-123.02976,48.59213],[-123.02864,48.59296],[-123.0349,48.59163]]],[[[-123.02501,48.59407],[-123.023,48.59962],[-123.0262,48.59966],[-123.02501,48.59407]]],[[[-123.01831,48.60331],[-123.01449,48.60591],[-123.01637,48.60711],[-123.01831,48.60331]]],[[[-123.04781,48.61083],[-123.04993,48.62134],[-123.05416,48.61853],[-123.04781,48.61083]]],[[[-123.14803,48.63987],[-123.15183,48.63877],[-123.14732,48.63846],[-123.14803,48.63987]]],[[[-123.10515,48.63338],[-123.15671,48.64919],[-123.16393,48.64781],[-123.10515,48.63338]]],[[[-123.08688,48.64524],[-123.07696,48.64772],[-123.07839,48.64961],[-123.08688,48.64524]]],[[[-123.13828,48.6518],[-123.13139,48.64851],[-123.12355,48.64772],[-123.13828,48.6518]]],[[[-123.17252,48.68081],[-123.23782,48.6839],[-123.12749,48.65675],[-123.17252,48.68081]]],[[[-123.02121,48.68142],[-123.04018,48.7173],[-123.07119,48.69935],[-123.02121,48.68142]]],[[[-123.03424,48.73147],[-123.03692,48.73308],[-123.03998,48.73258],[-123.03424,48.73147]]],[[[-123.08401,48.97145],[-123.03539,49.00215],[-123.09055,49.00198],[-123.08401,48.97145]]],[[[-122.68166,47.18122],[-122.712,47.12768],[-122.6755,47.14196],[-122.68166,47.18122]]],[[[-122.63039,47.15354],[-122.63588,47.16396],[-122.63912,47.1463],[-122.63039,47.15354]]],[[[-122.64872,47.21565],[-122.72687,47.20442],[-122.64239,47.20085],[-122.64872,47.21565]]],[[[-122.58886,47.23714],[-122.67035,47.27357],[-122.60254,47.21751],[-122.58886,47.23714]]],[[[-122.82532,47.27051],[-122.84138,47.26432],[-122.83805,47.25528],[-122.82532,47.27051]]],[[[-122.93529,48.1213],[-122.92777,48.13277],[-122.94347,48.12291],[-122.93529,48.1213]]],[[[-122.84202,48.3169],[-122.84253,48.32131],[-122.84527,48.31732],[-122.84202,48.3169]]],[[[-122.69963,48.45777],[-122.69965,48.46973],[-122.71281,48.4673],[-122.69963,48.45777]]],[[[-122.69094,48.47278],[-122.70915,48.48407],[-122.71322,48.47622],[-122.69094,48.47278]]],[[[-122.88468,48.57315],[-122.8727,48.41801],[-122.7692,48.50962],[-122.84927,48.44719],[-122.88468,48.57315]]],[[[-122.79103,48.5801],[-122.81136,48.53319],[-122.77221,48.55245],[-122.79103,48.5801]]],[[[-122.96658,48.59467],[-122.94826,48.54689],[-122.9028,48.5785],[-122.96658,48.59467]]],[[[-122.66921,48.56936],[-122.72241,48.54061],[-122.68229,48.54531],[-122.66921,48.56936]]],[[[-122.81541,48.58994],[-122.81484,48.60003],[-122.82174,48.58924],[-122.81541,48.58994]]],[[[-122.65702,48.60989],[-122.69806,48.62308],[-122.69822,48.61686],[-122.65702,48.60989]]],[[[-123.00394,48.65839],[-122.8888,48.58839],[-122.91807,48.68955],[-122.74148,48.66035],[-122.89891,48.71465],[-123.00394,48.65839]]],[[[-122.61822,48.67072],[-122.71883,48.71682],[-122.60857,48.64045],[-122.61822,48.67072]]],[[[-122.77746,48.69679],[-122.77351,48.70206],[-122.77451,48.70302],[-122.77746,48.69679]]],[[[-122.76434,48.69566],[-122.76484,48.70743],[-122.76657,48.7078],[-122.76434,48.69566]]],[[[-122.60591,48.69973],[-122.64118,48.70885],[-122.65045,48.7123],[-122.6224,48.69395],[-122.60591,48.69973]]],[[[-122.83435,48.74352],[-122.84067,48.74952],[-122.84827,48.74712],[-122.83435,48.74352]]],[[[-122.88339,48.75212],[-122.88875,48.76564],[-122.91385,48.76974],[-122.91957,48.75494],[-122.88339,48.75212]]],[[[-122.94801,48.78106],[-122.96908,48.78858],[-122.97125,48.78487],[-122.94801,48.78106]]],[[[-122.47662,47.51108],[-122.50491,47.33068],[-122.37363,47.38872],[-122.47662,47.51108]]],[[[-122.49677,47.53175],[-122.47952,47.54186],[-122.50492,47.54653],[-122.49677,47.53175]]],[[[-122.50991,47.70772],[-122.57331,47.59458],[-122.48028,47.58327],[-122.50991,47.70772]]],[[[-122.30345,48.0056],[-122.32236,48.02104],[-122.33452,48.01892],[-122.30345,48.0056]]],[[[-122.58504,48.39517],[-122.76304,48.21534],[-122.60957,48.15186],[-122.54682,47.96722],[-122.3773,47.90594],[-122.37626,48.03446],[-122.54152,48.01774],[-122.60641,48.20826],[-122.73236,48.22614],[-122.50583,48.29768],[-122.58504,48.39517]]],[[[-122.5371,48.36179],[-122.53021,48.36574],[-122.53819,48.36291],[-122.5371,48.36179]]],[[[-122.5606,48.39861],[-122.57534,48.40097],[-122.57891,48.39576],[-122.5606,48.39861]]],[[[-122.58121,48.41342],[-122.57948,48.41179],[-122.57693,48.41487],[-122.58121,48.41342]]],[[[-122.55242,48.52489],[-122.54357,48.52327],[-122.54959,48.52835],[-122.55242,48.52489]]],[[[-122.5581,48.5371],[-122.555,48.5347],[-122.5544,48.5369],[-122.5581,48.5371]]],[[[-122.56863,48.53796],[-122.57017,48.53584],[-122.56679,48.53606],[-122.56863,48.53796]]],[[[-122.6426,48.58834],[-122.64926,48.52877],[-122.57297,48.52903],[-122.6426,48.58834]]],[[[-122.61289,48.58275],[-122.61337,48.57913],[-122.60933,48.58086],[-122.61289,48.58275]]],[[[-122.60612,48.60589],[-122.60172,48.61403],[-122.61448,48.61315],[-122.60612,48.60589]]],[[[-122.59287,48.65],[-122.57764,48.64762],[-122.58668,48.66047],[-122.59287,48.65]]]]}},{"type":"Feature","properties":{"diocese_id":"diocese-of-oregon","name":"Episcopal Diocese of Oregon","state":"OR","province":"8","counties":["Benton County, OR","Clackamas County, OR","Clatsop County, OR","Columbia County, OR","Coos County, OR","Curry County, OR","Douglas County, OR","Jackson County, OR","Josephine County, OR","Lane County, OR","Lincoln County, OR","Linn County, OR","Marion County, OR","Multnomah County, OR","Polk County, OR","Tillamook County, OR","Washington County, OR","Yamhill County, OR"],"source":"Census 2024 county shapes, dissolved, simplified to ~0.08 degree for size","as_of":"2026-10-08"},"geometry":{"type":"MultiPolygon","coordinates":[[[[-124.32143,42.06457],[-124.32389,42.06665],[-124.32376,42.06444],[-124.32143,42.06457]]],[[[-124.42504,42.31283],[-124.42688,42.31511],[-124.42693,42.31285],[-124.42504,42.31283]]],[[[-124.29127,42.04398],[-122.28975,42.0081],[-122.28258,43.06772],[-122.07626,43.06774],[-121.9742,43.26169],[-122.14953,43.52069],[-121.96492,43.62705],[-121.97511,43.85757],[-121.76926,44.10134],[-121.84938,44.48452],[-121.67908,45.29718],[-121.92203,45.64916],[-122.2949,45.54354],[-122.76381,45.65714],[-122.814,45.96098],[-123.1159,46.18527],[-124.00503,46.23833],[-123.95806,45.27801],[-124.15027,43.91085],[-124.56624,42.83639],[-124.40118,42.62719],[-124.43306,42.32398],[-124.41182,42.30739],[-124.41415,42.25216],[-124.36101,42.18075],[-124.35403,42.10354],[-124.29127,42.04398]]],[[[-124.47479,42.66638],[-124.47592,42.66845],[-124.47697,42.66615],[-124.47479,42.66638]]],[[[-123.65064,46.24407],[-123.64897,46.24846],[-123.66499,46.24269],[-123.65064,46.24407]]],[[[-124.02402,46.29083],[-124.03617,46.28152],[-124.00893,46.26557],[-124.02402,46.29083]]]]}},{"type":"Feature","properties":{"diocese_id":"diocese-of-pennsylvania","name":"Episcopal Diocese of Pennsylvania","state":"PA","province":"3","counties":["Bucks County, PA","Chester County, PA","Delaware County, PA","Montgomery County, PA","Philadelphia County, PA"],"source":"Census 2024 county shapes, dissolved, simplified to ~0.08 degree for size","as_of":"2026-10-08"},"geometry":{"type":"Polygon","coordinates":[[[-76.13667,39.72527],[-75.14375,39.885],[-74.7223,40.16061],[-75.1968,40.60858],[-75.943,40.10927],[-76.13667,39.72527]]]}},{"type":"Feature","properties":{"diocese_id":"diocese-of-pittsburgh","name":"Episcopal Diocese of Pittsburgh","state":"PA","province":"3","counties":["Allegheny County, PA","Armstrong County, PA","Beaver County, PA","Butler County, PA","Cambria County, PA","Fayette County, PA","Greene County, PA","Indiana County, PA","Somerset County, PA","Washington County, PA","Westmoreland County, PA"],"source":"Census 2024 county shapes, dissolved, simplified to ~0.08 degree for size","as_of":"2026-10-08"},"geometry":{"type":"Polygon","coordinates":[[[-80.51902,40.85134],[-80.51934,39.7214],[-78.80837,39.72293],[-78.7632,40.05674],[-78.34867,40.72344],[-78.80173,40.72462],[-78.80517,40.90598],[-79.21531,40.91135],[-79.21521,41.05051],[-79.60122,40.96928],[-79.69219,41.17193],[-79.99978,41.17186],[-80.15853,40.8551],[-80.51902,40.85134]]]}},{"type":"Feature","properties":{"diocese_id":"diocese-of-puerto-rico","name":"Episcopal Diocese of Puerto Rico","state":"PR","province":"2","counties":["Adjuntas Municipio, PR","Aguada Municipio, PR","Aguadilla Municipio, PR","Aguas Buenas Municipio, PR","Aibonito Municipio, PR","Arecibo Municipio, PR","Arroyo Municipio, PR","A\u00f1asco Municipio, PR","Barceloneta Municipio, PR","Barranquitas Municipio, PR","Bayam\u00f3n Municipio, PR","Cabo Rojo Municipio, PR","Caguas Municipio, PR","Camuy Municipio, PR","Can\u00f3vanas Municipio, PR","Carolina Municipio, PR","Cata\u00f1o Municipio, PR","Cayey Municipio, PR","Ceiba Municipio, PR","Ciales Municipio, PR","Cidra Municipio, PR","Coamo Municipio, PR","Comer\u00edo Municipio, PR","Corozal Municipio, PR","Culebra Municipio, PR","Dorado Municipio, PR","Fajardo Municipio, PR","Florida Municipio, PR","Guayama Municipio, PR","Guayanilla Municipio, PR","Guaynabo Municipio, PR","Gurabo Municipio, PR","Gu\u00e1nica Municipio, PR","Hatillo Municipio, PR","Hormigueros Municipio, PR","Humacao Municipio, PR","Isabela Municipio, PR","Jayuya Municipio, PR","Juana D\u00edaz Municipio, PR","Juncos Municipio, PR","Lajas Municipio, PR","Lares Municipio, PR","Las Mar\u00edas Municipio, PR","Las Piedras Municipio, PR","Lo\u00edza Municipio, PR","Luquillo Municipio, PR","Manat\u00ed Municipio, PR","Maricao Municipio, PR","Maunabo Municipio, PR","Mayag\u00fcez Municipio, PR","Moca Municipio, PR","Morovis Municipio, PR","Naguabo Municipio, PR","Naranjito Municipio, PR","Orocovis Municipio, PR","Patillas Municipio, PR","Pe\u00f1uelas Municipio, PR","Ponce Municipio, PR","Quebradillas Municipio, PR","Rinc\u00f3n Municipio, PR","R\u00edo Grande Municipio, PR","Sabana Grande Municipio, PR","Salinas Municipio, PR","San Germ\u00e1n Municipio, PR","San Juan Municipio, PR","San Lorenzo Municipio, PR","San Sebasti\u00e1n Municipio, PR","Santa Isabel Municipio, PR","Toa Alta Municipio, PR","Toa Baja Municipio, PR","Trujillo Alto Municipio, PR","Utuado Municipio, PR","Vega Alta Municipio, PR","Vega Baja Municipio, PR","Vieques Municipio, PR","Villalba Municipio, PR","Yabucoa Municipio, PR","Yauco Municipio, PR"],"source":"Census 2024 county shapes, dissolved, simplified to ~0.08 degree for size","as_of":"2026-10-08"},"geometry":{"type":"MultiPolygon","coordinates":[[[[-67.21274,17.95264],[-65.91637,17.97619],[-65.59035,18.22815],[-65.63625,18.28844],[-65.61519,18.38388],[-67.1378,18.50757],[-67.27122,18.36251],[-67.15332,18.20605],[-67.21274,17.95264]]],[[[-67.86103,18.12187],[-67.89727,18.05358],[-67.84427,18.08482],[-67.86103,18.12187]]],[[[-67.48731,18.38408],[-67.47356,18.38387],[-67.48193,18.39002],[-67.48731,18.38408]]],[[[-66.50958,17.89934],[-66.5261,17.89369],[-66.5299,17.88396],[-66.50958,17.89934]]],[[[-66.13453,18.47213],[-66.13729,18.46662],[-66.13556,18.46657],[-66.13453,18.47213]]],[[[-65.39998,18.16217],[-65.53284,18.08014],[-65.26771,18.134],[-65.39998,18.16217]]],[[[-65.60433,18.21086],[-65.59951,18.21328],[-65.60484,18.21366],[-65.60433,18.21086]]],[[[-65.57655,18.25015],[-65.57813,18.24625],[-65.57577,18.24915],[-65.57655,18.25015]]],[[[-65.5979,18.24774],[-65.58561,18.25647],[-65.60046,18.25486],[-65.5979,18.24774]]],[[[-65.32782,18.30879],[-65.33898,18.30925],[-65.32894,18.29535],[-65.32782,18.30879]]],[[[-65.27728,18.33243],[-65.2873,18.27825],[-65.24464,18.30449],[-65.27728,18.33243]]],[[[-65.22142,18.32155],[-65.23801,18.31931],[-65.22296,18.3105],[-65.22142,18.32155]]],[[[-65.25659,18.33317],[-65.25517,18.34209],[-65.26669,18.34163],[-65.25659,18.33317]]],[[[-65.56479,18.34791],[-65.56885,18.34424],[-65.56784,18.34389],[-65.56479,18.34791]]],[[[-65.57038,18.37848],[-65.57019,18.37616],[-65.56777,18.37804],[-65.57038,18.37848]]],[[[-65.59212,18.38501],[-65.58817,18.38988],[-65.59406,18.39071],[-65.59212,18.38501]]]]}},{"type":"Feature","properties":{"diocese_id":"diocese-of-rhode-island","name":"Episcopal Diocese of Rhode Island","state":"RI","province":"1","counties":["Bristol County, RI","Kent County, RI","Newport County, RI","Providence County, RI","Washington County, RI"],"source":"Census 2024 county shapes, dissolved, simplified to ~0.08 degree for size","as_of":"2026-10-08"},"geometry":{"type":"MultiPolygon","coordinates":[[[[-71.57769,41.23123],[-71.54705,41.15368],[-71.56255,41.22422],[-71.57769,41.23123]]],[[[-71.85192,41.32466],[-71.48087,41.36025],[-71.39056,41.78371],[-71.23844,41.66557],[-71.3814,42.0188],[-71.79924,42.00807],[-71.85192,41.32466]]],[[[-71.39628,41.5037],[-71.40363,41.50457],[-71.40448,41.49733],[-71.39628,41.5037]]],[[[-71.38448,41.55674],[-71.35431,41.47889],[-71.37019,41.57396],[-71.38448,41.55674]]],[[[-71.34591,41.52958],[-71.34313,41.53584],[-71.34498,41.53792],[-71.34591,41.52958]]],[[[-71.36479,41.60143],[-71.36732,41.60595],[-71.37336,41.59744],[-71.36479,41.60143]]],[[[-71.36001,41.64988],[-71.36071,41.66112],[-71.36704,41.6607],[-71.36001,41.64988]]],[[[-71.32757,41.45287],[-71.3243,41.45392],[-71.32635,41.45471],[-71.32757,41.45287]]],[[[-71.329,41.48713],[-71.32537,41.4876],[-71.32696,41.49312],[-71.329,41.48713]]],[[[-71.34313,41.49493],[-71.33978,41.49882],[-71.34127,41.50049],[-71.34313,41.49493]]],[[[-71.31652,41.47756],[-71.24043,41.47615],[-71.21802,41.62567],[-71.19398,41.4564],[-71.12057,41.49745],[-71.13289,41.6601],[-71.27186,41.62399],[-71.31652,41.47756]]],[[[-71.30081,41.58061],[-71.29856,41.58492],[-71.30151,41.58566],[-71.30081,41.58061]]],[[[-71.30405,41.61878],[-71.35073,41.63391],[-71.32556,41.62414],[-71.3261,41.57858],[-71.30405,41.61878]]],[[[-71.28535,41.63685],[-71.27817,41.64731],[-71.28802,41.64558],[-71.28535,41.63685]]]]}},{"type":"Feature","properties":{"diocese_id":"diocese-of-rochester","name":"Episcopal Diocese of Rochester","state":"NY","province":"2","counties":["Allegany County, NY","Livingston County, NY","Monroe County, NY","Ontario County, NY","Schuyler County, NY","Steuben County, NY","Wayne County, NY","Yates County, NY"],"source":"Census 2024 county shapes, dissolved, simplified to ~0.08 degree for size","as_of":"2026-10-08"},"geometry":{"type":"Polygon","coordinates":[[[-78.30884,42.52122],[-78.30813,41.99941],[-76.96579,42.00127],[-76.96476,42.28744],[-76.61921,42.25002],[-76.69666,42.54679],[-76.8956,42.54154],[-76.97789,42.77324],[-76.96393,43.01316],[-76.71381,43.02403],[-76.72249,43.34358],[-77.53955,43.23509],[-77.9956,43.36524],[-77.95588,42.66789],[-78.03826,42.52152],[-78.30884,42.52122]]]}},{"type":"Feature","properties":{"diocese_id":"diocese-of-san-diego","name":"Episcopal Diocese of San Diego","state":"CA","province":"8","counties":["Imperial County, CA","Riverside County, CA","San Bernardino County, CA","San Diego County, CA"],"source":"Census 2024 county shapes, dissolved, simplified to ~0.08 degree for size","as_of":"2026-10-08"},"geometry":{"type":"Polygon","coordinates":[[[-117.59078,33.40751],[-117.32836,33.12184],[-117.12367,32.53444],[-114.58178,32.73495],[-114.46766,32.96686],[-114.70649,33.08816],[-114.72528,33.40505],[-114.5246,33.55223],[-114.52868,33.94782],[-114.13828,34.30323],[-114.3867,34.45791],[-114.63349,35.00186],[-115.64802,35.80963],[-117.63428,35.79726],[-117.64637,34.28917],[-117.80245,33.96831],[-117.41331,33.6593],[-117.59078,33.40751]]]}},{"type":"Feature","properties":{"diocese_id":"diocese-of-san-joaquin","name":"Episcopal Diocese of San Joaquin","state":"CA","province":"8","counties":["Alpine County, CA","Calaveras County, CA","Fresno County, CA","Inyo County, CA","Kern County, CA","Kings County, CA","Madera County, CA","Mariposa County, CA","Merced County, CA","Mono County, CA","San Joaquin County, CA","Stanislaus County, CA","Tulare County, CA","Tuolumne County, CA"],"source":"Census 2024 county shapes, dissolved, simplified to ~0.08 degree for size","as_of":"2026-10-08","boundary_verified":false},"geometry":{"type":"Polygon","coordinates":[[[-120.19965,35.78922],[-120.19399,35.61439],[-119.55382,35.18012],[-119.47249,34.90138],[-118.8804,34.78865],[-117.63215,34.82227],[-117.63428,35.79726],[-115.64802,35.80963],[-119.90431,38.93332],[-120.07248,38.50987],[-120.49513,38.44962],[-120.89379,38.22128],[-121.47096,38.2599],[-121.58436,38.1183],[-121.40653,37.15884],[-121.23711,37.1572],[-121.22138,36.9103],[-120.59716,36.48824],[-120.66755,36.13806],[-120.19965,35.78922]]]}},{"type":"Feature","properties":{"diocese_id":"diocese-of-south-carolina","name":"Episcopal Diocese of South Carolina","state":"SC","province":"4","counties":["Allendale County, SC","Bamberg County, SC","Barnwell County, SC","Beaufort County, SC","Berkeley County, SC","Calhoun County, SC","Charleston County, SC","Chesterfield County, SC","Clarendon County, SC","Colleton County, SC","Darlington County, SC","Dillon County, SC","Dorchester County, SC","Florence County, SC","Georgetown County, SC","Hampton County, SC","Horry County, SC","Jasper County, SC","Kershaw County, SC","Lee County, SC","Marion County, SC","Marlboro County, SC","Orangeburg County, SC","Sumter County, SC","Williamsburg County, SC"],"source":"Census 2024 county shapes, dissolved, simplified to ~0.08 degree for size","as_of":"2026-10-08","boundary_verified":false},"geometry":{"type":"MultiPolygon","coordinates":[[[[-80.47688,32.46791],[-79.99224,32.611],[-79.53211,33.03519],[-79.36229,33.00909],[-78.95726,33.62083],[-78.54732,33.85648],[-79.6753,34.80474],[-80.56171,34.81748],[-80.40837,34.61476],[-80.87923,34.45778],[-80.76993,34.37711],[-80.86851,34.18171],[-80.61619,34.0996],[-80.60564,33.75748],[-81.0379,33.87087],[-81.05852,33.74705],[-80.9246,33.75695],[-81.77244,33.18095],[-81.49142,33.00808],[-81.41812,32.62835],[-81.18695,32.46357],[-81.11113,32.11201],[-80.88951,32.03759],[-80.66917,32.21678],[-80.75345,32.30682],[-80.4533,32.32191],[-80.47688,32.46791]]],[[[-80.18205,32.54722],[-80.17796,32.54968],[-80.18632,32.55302],[-80.18205,32.54722]]],[[[-79.55218,32.98879],[-79.54873,32.99298],[-79.55361,32.99039],[-79.55218,32.98879]]],[[[-79.50136,33.01755],[-79.50549,33.02054],[-79.50807,33.01959],[-79.50136,33.01755]]]]}},{"type":"Feature","properties":{"diocese_id":"diocese-of-south-dakota","name":"Episcopal Diocese of South Dakota","state":"SD","province":"6","counties":["Aurora County, SD","Beadle County, SD","Bennett County, SD","Bon Homme County, SD","Brookings County, SD","Brown County, SD","Brule County, SD","Buffalo County, SD","Butte County, SD","Campbell County, SD","Charles Mix County, SD","Clark County, SD","Clay County, SD","Codington County, SD","Corson County, SD","Custer County, SD","Davison County, SD","Day County, SD","Deuel County, SD","Dewey County, SD","Douglas County, SD","Edmunds County, SD","Fall River County, SD","Faulk County, SD","Grant County, SD","Gregory County, SD","Haakon County, SD","Hamlin County, SD","Hand County, SD","Hanson County, SD","Harding County, SD","Hughes County, SD","Hutchinson County, SD","Hyde County, SD","Jackson County, SD","Jerauld County, SD","Jones County, SD","Kingsbury County, SD","Lake County, SD","Lawrence County, SD","Lincoln County, SD","Lyman County, SD","Marshall County, SD","McCook County, SD","McPherson County, SD","Meade County, SD","Mellette County, SD","Miner County, SD","Minnehaha County, SD","Moody County, SD","Oglala Lakota County, SD","Pennington County, SD","Perkins County, SD","Potter County, SD","Roberts County, SD","Sanborn County, SD","Spink County, SD","Stanley County, SD","Sully County, SD","Todd County, SD","Tripp County, SD","Turner County, SD","Union County, SD","Walworth County, SD","Yankton County, SD","Ziebach County, SD"],"source":"Census 2024 county shapes, dissolved, simplified to ~0.08 degree for size","as_of":"2026-10-08"},"geometry":{"type":"Polygon","coordinates":[[[-104.05303,43.00059],[-98.49855,42.99856],[-98.01723,42.76241],[-97.30668,42.8676],[-96.69764,42.65914],[-96.62596,42.51358],[-96.54879,42.52055],[-96.50132,42.48275],[-96.44551,42.49063],[-96.63862,42.73492],[-96.43659,43.12084],[-96.60261,43.44965],[-96.45326,43.50039],[-96.45307,45.29812],[-96.85775,45.60596],[-96.56367,45.93524],[-104.04544,45.94531],[-104.05303,43.00059]]]}},{"type":"Feature","properties":{"diocese_id":"diocese-of-southeast-florida","name":"Episcopal Diocese of Southeast Florida","state":"FL","province":"4","counties":["Broward County, FL","Miami-Dade County, FL","Monroe County, FL","Palm Beach County, FL"],"source":"Census 2024 county shapes, dissolved, simplified to ~0.08 degree for size","as_of":"2026-10-08","boundary_verified":false},"geometry":{"type":"MultiPolygon","coordinates":[[[[-81.96309,24.52497],[-81.96427,24.5213],[-81.96307,24.52131],[-81.96309,24.52497]]],[[[-81.97086,24.52696],[-81.97854,24.52325],[-81.96818,24.5235],[-81.97086,24.52696]]],[[[-81.926,24.52651],[-81.92558,24.53286],[-81.92833,24.52659],[-81.926,24.52651]]],[[[-82.00645,24.52744],[-82.00449,24.5366],[-82.00931,24.53646],[-82.00645,24.52744]]],[[[-81.91963,24.54233],[-81.92256,24.5479],[-81.92489,24.53996],[-81.91963,24.54233]]],[[[-82.14518,24.55251],[-82.14602,24.54894],[-82.14411,24.55132],[-82.14518,24.55251]]],[[[-82.15903,24.54793],[-82.16452,24.56339],[-82.16566,24.55659],[-82.16522,24.5528],[-82.15903,24.54793]]],[[[-81.89309,24.56273],[-81.88823,24.55777],[-81.88386,24.56122],[-81.89309,24.56273]]],[[[-81.8128,24.56359],[-81.81459,24.56042],[-81.81226,24.56077],[-81.8128,24.56359]]],[[[-81.80922,24.56836],[-81.81231,24.56733],[-81.81204,24.56609],[-81.80922,24.56836]]],[[[-82.13025,24.54821],[-82.13002,24.59751],[-82.14541,24.5899],[-82.13025,24.54821]]],[[[-81.92423,24.6011],[-81.91947,24.60548],[-81.92308,24.60663],[-81.92423,24.6011]]],[[[-81.46889,24.60847],[-81.47917,24.61784],[-81.48282,24.61809],[-81.46889,24.60847]]],[[[-82.87366,24.62647],[-82.8633,24.62888],[-82.8752,24.62925],[-82.87366,24.62647]]],[[[-82.92362,24.6289],[-82.91672,24.63625],[-82.92611,24.62805],[-82.92362,24.6289]]],[[[-81.44172,24.63603],[-81.44431,24.63292],[-81.44087,24.63297],[-81.44172,24.63603]]],[[[-81.24299,24.67246],[-81.27769,24.66003],[-81.28178,24.65375],[-81.24299,24.67246]]],[[[-81.80342,24.56282],[-81.50594,24.65451],[-81.2969,24.65538],[-81.44351,24.81336],[-81.80342,24.56282]]],[[[-81.33038,24.74972],[-81.32935,24.72664],[-81.31277,24.72735],[-81.30325,24.71403],[-81.2974,24.71673],[-81.33038,24.74972]]],[[[-81.33089,24.74164],[-81.34206,24.73819],[-81.33291,24.7316],[-81.33089,24.74164]]],[[[-81.29896,24.74365],[-81.3061,24.75708],[-81.31426,24.75254],[-81.29896,24.74365]]],[[[-81.32759,24.76231],[-81.31927,24.76103],[-81.32513,24.76712],[-81.32759,24.76231]]],[[[-81.29395,24.77257],[-81.28638,24.77417],[-81.29323,24.78083],[-81.29395,24.77257]]],[[[-81.22798,24.78178],[-81.23005,24.77686],[-81.22613,24.77572],[-81.22798,24.78178]]],[[[-81.14099,25.15719],[-80.67098,25.17452],[-80.67371,25.1383],[-80.65223,25.19279],[-80.57956,25.21209],[-80.44268,25.19165],[-80.4333,25.10785],[-80.6577,24.89735],[-80.38535,25.12132],[-80.25302,25.33835],[-80.41666,25.19874],[-80.3054,25.61591],[-80.12101,25.8132],[-80.07995,26.97052],[-80.88564,26.95892],[-80.8731,25.80538],[-81.47023,25.80333],[-81.29033,25.68751],[-81.16797,25.46949],[-81.14099,25.15719]]],[[[-81.35562,25.69252],[-81.34124,25.71258],[-81.35599,25.70353],[-81.35562,25.69252]]],[[[-81.01692,24.73468],[-81.0773,24.68997],[-80.93142,24.77434],[-81.01692,24.73468]]],[[[-80.92835,24.76426],[-80.931,24.77013],[-80.93153,24.7634],[-80.92835,24.76426]]],[[[-80.90762,24.76862],[-80.91674,24.77056],[-80.92294,24.76569],[-80.90762,24.76862]]],[[[-80.79048,24.84295],[-80.83049,24.81239],[-80.84928,24.80351],[-80.79453,24.81205],[-80.79048,24.84295]]],[[[-80.78817,24.94046],[-80.78369,24.93719],[-80.78267,24.93933],[-80.78817,24.94046]]],[[[-80.8325,24.99251],[-80.8272,24.98889],[-80.83171,24.99461],[-80.8325,24.99251]]],[[[-80.73163,24.99554],[-80.72561,25.0],[-80.72369,25.00505],[-80.73163,24.99554]]],[[[-80.73553,25.00545],[-80.74011,25.00828],[-80.73692,25.00247],[-80.73553,25.00545]]],[[[-80.78965,25.02655],[-80.78714,25.02301],[-80.78523,25.02476],[-80.78965,25.02655]]],[[[-80.86539,25.03239],[-80.86089,25.03106],[-80.86219,25.0338],[-80.86539,25.03239]]],[[[-80.7496,25.02706],[-80.75369,25.03789],[-80.75451,25.03908],[-80.75829,25.0293],[-80.7496,25.02706]]],[[[-80.90178,25.05221],[-80.90405,25.04966],[-80.90158,25.05033],[-80.90178,25.05221]]],[[[-80.88481,25.0612],[-80.88536,25.0581],[-80.88358,25.05988],[-80.88481,25.0612]]],[[[-80.7282,25.07089],[-80.73678,25.06483],[-80.72799,25.06262],[-80.7282,25.07089]]],[[[-80.78975,25.06673],[-80.79244,25.07118],[-80.7923,25.06792],[-80.78975,25.06673]]],[[[-80.92953,25.08089],[-80.92735,25.07844],[-80.92517,25.08055],[-80.92953,25.08089]]],[[[-80.79005,25.09004],[-80.78567,25.09248],[-80.7924,25.09398],[-80.79005,25.09004]]],[[[-80.7252,25.09915],[-80.72464,25.09382],[-80.72323,25.09813],[-80.7252,25.09915]]],[[[-80.91107,25.10195],[-80.91202,25.11032],[-80.915,25.10862],[-80.91107,25.10195]]],[[[-80.94404,25.10766],[-80.93816,25.10718],[-80.93248,25.10923],[-80.94404,25.10766]]],[[[-80.85037,25.11072],[-80.85147,25.10774],[-80.84976,25.10847],[-80.85037,25.11072]]],[[[-80.87608,25.11088],[-80.88135,25.1184],[-80.8825,25.10834],[-80.87608,25.11088]]],[[[-80.83349,25.11768],[-80.8323,25.1217],[-80.83347,25.12141],[-80.83349,25.11768]]],[[[-80.7867,25.12442],[-80.78428,25.1273],[-80.79224,25.13171],[-80.7867,25.12442]]],[[[-80.90057,25.1349],[-80.90939,25.13344],[-80.9086,25.13254],[-80.90057,25.1349]]],[[[-80.75927,25.14386],[-80.76253,25.14527],[-80.76277,25.14365],[-80.75927,25.14386]]],[[[-80.69065,24.88422],[-80.73748,24.84874],[-80.70333,24.86835],[-80.69065,24.88422]]],[[[-80.70435,24.89853],[-80.69697,24.90808],[-80.70049,24.90807],[-80.70435,24.89853]]],[[[-80.67084,24.92021],[-80.66083,24.92403],[-80.66515,24.92816],[-80.67084,24.92021]]],[[[-80.62736,24.95981],[-80.6232,24.95862],[-80.62388,24.96367],[-80.62736,24.95981]]],[[[-80.65077,24.98216],[-80.65118,24.98886],[-80.65413,24.98164],[-80.65077,24.98216]]],[[[-80.67184,24.98871],[-80.66675,24.98724],[-80.67009,24.99017],[-80.67184,24.98871]]],[[[-80.65759,24.98778],[-80.66183,24.99527],[-80.66496,24.9881],[-80.65759,24.98778]]],[[[-80.62323,25.00159],[-80.62717,25.0004],[-80.62389,24.99878],[-80.62323,25.00159]]],[[[-80.61598,25.00353],[-80.61553,25.00778],[-80.62016,25.00135],[-80.61598,25.00353]]],[[[-80.63684,25.02813],[-80.63324,25.02425],[-80.63163,25.02546],[-80.63684,25.02813]]],[[[-80.68205,25.03072],[-80.68707,25.0272],[-80.68211,25.02531],[-80.68205,25.03072]]],[[[-80.67806,25.03526],[-80.67624,25.03099],[-80.67379,25.03355],[-80.67806,25.03526]]],[[[-80.64586,25.03627],[-80.64853,25.03236],[-80.64634,25.03316],[-80.64586,25.03627]]],[[[-80.66909,25.03577],[-80.66403,25.03364],[-80.66464,25.03715],[-80.66909,25.03577]]],[[[-80.64822,25.04915],[-80.6413,25.0516],[-80.64763,25.05205],[-80.64822,25.04915]]],[[[-80.70064,25.05509],[-80.69264,25.06009],[-80.69563,25.06208],[-80.70064,25.05509]]],[[[-80.60792,25.05692],[-80.61941,25.07151],[-80.61338,25.05616],[-80.60792,25.05692]]],[[[-80.67885,25.0988],[-80.6745,25.10411],[-80.68024,25.10075],[-80.67885,25.0988]]],[[[-80.70154,25.09576],[-80.69914,25.10734],[-80.70089,25.10807],[-80.70154,25.09576]]],[[[-80.64595,25.13962],[-80.65854,25.10538],[-80.64298,25.07273],[-80.63214,25.11859],[-80.64595,25.13962]]],[[[-80.6759,25.11451],[-80.68407,25.12295],[-80.68586,25.11289],[-80.6759,25.11451]]],[[[-80.70284,25.12133],[-80.69441,25.11994],[-80.69454,25.12225],[-80.70284,25.12133]]],[[[-80.70169,25.13335],[-80.71496,25.1408],[-80.69965,25.12572],[-80.70169,25.13335]]],[[[-80.71095,25.14581],[-80.71464,25.14656],[-80.71131,25.14441],[-80.71095,25.14581]]],[[[-80.58764,25.16164],[-80.59437,25.17022],[-80.6077,25.17492],[-80.58764,25.16164]]],[[[-80.61445,25.17578],[-80.62147,25.18367],[-80.62479,25.18281],[-80.61445,25.17578]]],[[[-80.45578,25.04835],[-80.45593,25.0526],[-80.46098,25.04958],[-80.45578,25.04835]]],[[[-80.58932,25.05823],[-80.58269,25.06117],[-80.58636,25.06255],[-80.58932,25.05823]]],[[[-80.55266,25.06294],[-80.55584,25.07221],[-80.55991,25.06327],[-80.55266,25.06294]]],[[[-80.49846,25.07591],[-80.49285,25.08],[-80.50289,25.0762],[-80.49846,25.07591]]],[[[-80.51114,25.08318],[-80.51783,25.083],[-80.51059,25.08191],[-80.51114,25.08318]]],[[[-80.47774,25.10354],[-80.4838,25.08514],[-80.46883,25.09203],[-80.47774,25.10354]]],[[[-80.48725,25.10505],[-80.49806,25.10268],[-80.4945,25.09784],[-80.48725,25.10505]]],[[[-80.56074,25.1074],[-80.56716,25.10826],[-80.5731,25.10395],[-80.56074,25.1074]]],[[[-80.48067,25.11603],[-80.47742,25.10789],[-80.47501,25.10978],[-80.48067,25.11603]]],[[[-80.57083,25.12925],[-80.56495,25.12787],[-80.56965,25.1315],[-80.57083,25.12925]]],[[[-80.50916,25.13139],[-80.50536,25.13782],[-80.50994,25.13997],[-80.50916,25.13139]]],[[[-80.56194,25.13957],[-80.56502,25.14968],[-80.57013,25.14946],[-80.56194,25.13957]]],[[[-80.51397,25.14871],[-80.50934,25.15519],[-80.5144,25.15035],[-80.51397,25.14871]]],[[[-80.57512,25.14839],[-80.57456,25.1599],[-80.57905,25.15995],[-80.57512,25.14839]]],[[[-80.55322,25.16141],[-80.55587,25.15818],[-80.55006,25.16185],[-80.55322,25.16141]]],[[[-80.53129,25.1856],[-80.53578,25.187],[-80.54546,25.1833],[-80.53129,25.1856]]],[[[-80.29367,25.32682],[-80.29678,25.32554],[-80.29371,25.32461],[-80.29367,25.32682]]],[[[-80.295,25.37671],[-80.29491,25.38545],[-80.30364,25.37851],[-80.295,25.37671]]],[[[-80.30183,25.40682],[-80.30196,25.403],[-80.29974,25.40538],[-80.30183,25.40682]]],[[[-80.17574,25.51771],[-80.25028,25.34479],[-80.20383,25.4145],[-80.17667,25.4859],[-80.17574,25.51771]]],[[[-80.17395,25.52538],[-80.17706,25.5217],[-80.17268,25.52209],[-80.17395,25.52538]]]]}},{"type":"Feature","properties":{"diocese_id":"diocese-of-southern-ohio","name":"Episcopal Diocese of Southern Ohio","state":"OH","province":"5","counties":["Adams County, OH","Athens County, OH","Belmont County, OH","Brown County, OH","Butler County, OH","Champaign County, OH","Clark County, OH","Clermont County, OH","Clinton County, OH","Darke County, OH","Delaware County, OH","Fairfield County, OH","Fayette County, OH","Franklin County, OH","Gallia County, OH","Greene County, OH","Guernsey County, OH","Hamilton County, OH","Highland County, OH","Hocking County, OH","Jackson County, OH","Lawrence County, OH","Licking County, OH","Madison County, OH","Meigs County, OH","Miami County, OH","Monroe County, OH","Montgomery County, OH","Morgan County, OH","Muskingum County, OH","Noble County, OH","Perry County, OH","Pickaway County, OH","Pike County, OH","Preble County, OH","Ross County, OH","Scioto County, OH","Shelby County, OH","Vinton County, OH","Warren County, OH","Washington County, OH"],"source":"Census 2024 county shapes, dissolved, simplified to ~0.08 degree for size","as_of":"2026-10-08"},"geometry":{"type":"Polygon","coordinates":[[[-83.71217,38.64118],[-83.52095,38.70305],[-83.29419,38.59659],[-82.88919,38.75608],[-82.579,38.40778],[-82.33034,38.4445],[-82.03775,39.02387],[-81.89854,38.87458],[-81.76266,38.92412],[-81.81386,39.07928],[-81.68363,39.27094],[-80.88036,39.62071],[-80.70292,40.15726],[-82.18711,40.16688],[-83.24859,40.44399],[-83.17021,40.10707],[-83.50371,40.11147],[-83.4945,40.22547],[-84.01476,40.27346],[-84.00237,40.48311],[-84.8039,40.35276],[-84.82016,39.10548],[-84.45534,39.12036],[-84.2129,38.80571],[-83.71217,38.64118]]]}},{"type":"Feature","properties":{"diocese_id":"diocese-of-southern-virginia","name":"Episcopal Diocese of Southern Virginia","state":"VA","province":"3","counties":["Accomack County, VA","Amelia County, VA","Appomattox County, VA","Brunswick County, VA","Buckingham County, VA","Charles City County, VA","Charlotte County, VA","Chesapeake city, VA","Chesterfield County, VA","Colonial Heights city, VA","Cumberland County, VA","Danville city, VA","Dinwiddie County, VA","Emporia city, VA","Franklin city, VA","Greensville County, VA","Halifax County, VA","Hampton city, VA","Hopewell city, VA","Isle of Wight County, VA","James City County, VA","Lunenburg County, VA","Mecklenburg County, VA","Newport News city, VA","Norfolk city, VA","Northampton County, VA","Nottoway County, VA","Petersburg city, VA","Pittsylvania County, VA","Poquoson city, VA","Portsmouth city, VA","Powhatan County, VA","Prince Edward County, VA","Prince George County, VA","Southampton County, VA","Suffolk city, VA","Surry County, VA","Sussex County, VA","Virginia Beach city, VA","Williamsburg city, VA","York County, VA"],"source":"Census 2024 county shapes, dissolved, simplified to ~0.08 degree for size","as_of":"2026-10-08","boundary_verified":false},"geometry":{"type":"MultiPolygon","coordinates":[[[[-79.71484,36.542],[-76.9159,36.55209],[-75.86765,36.55041],[-75.99625,36.92205],[-76.32567,36.96319],[-76.30163,36.8503],[-76.37052,36.83427],[-76.35453,36.92276],[-76.49156,36.8811],[-76.66256,37.04575],[-76.68658,37.19727],[-76.73728,37.14616],[-76.94708,37.22803],[-76.64987,37.22091],[-76.42525,36.96641],[-76.34067,37.01525],[-76.30427,37.00138],[-76.38663,37.22784],[-76.74198,37.46708],[-76.90447,37.37767],[-77.17732,37.4906],[-77.28646,37.35197],[-77.91329,37.69067],[-78.49134,37.79696],[-79.02169,37.42924],[-78.82421,37.20536],[-78.90401,37.02253],[-79.33952,37.13745],[-79.59407,37.04221],[-79.71484,36.542]]],[[[-76.30528,36.98514],[-76.30033,36.98313],[-76.29986,36.98692],[-76.30528,36.98514]]],[[[-76.31921,37.0033],[-76.31864,36.9992],[-76.31707,36.99907],[-76.31921,37.0033]]],[[[-75.9672,37.0846],[-75.96205,37.1075],[-75.98103,37.09714],[-75.9672,37.0846]]],[[[-76.02018,37.27407],[-75.97007,37.11719],[-75.83546,37.17454],[-75.52682,37.78871],[-75.24247,38.02703],[-75.7569,37.90155],[-75.67264,37.84696],[-75.73337,37.78593],[-75.8164,37.78934],[-75.79505,37.72674],[-76.02018,37.27407]]],[[[-75.85779,37.6834],[-75.86314,37.69083],[-75.86682,37.68067],[-75.85779,37.6834]]],[[[-75.85423,37.70474],[-75.85019,37.69995],[-75.84912,37.70418],[-75.85423,37.70474]]],[[[-75.89416,37.80566],[-75.89642,37.80209],[-75.89178,37.79618],[-75.89416,37.80566]]],[[[-75.7405,37.80124],[-75.73313,37.80284],[-75.74151,37.80998],[-75.7405,37.80124]]],[[[-75.97354,37.83354],[-75.99905,37.8186],[-75.98828,37.80744],[-75.97354,37.83354]]],[[[-76.0023,37.86197],[-76.0042,37.87051],[-76.0081,37.87281],[-76.0023,37.86197]]],[[[-75.90105,37.89912],[-75.90058,37.89377],[-75.89867,37.89555],[-75.90105,37.89912]]],[[[-75.9939,37.95349],[-76.04653,37.95359],[-76.02843,37.9205],[-75.9939,37.95349]]]]}},{"type":"Feature","properties":{"diocese_id":"diocese-of-southwest-florida","name":"Episcopal Diocese of Southwest Florida","state":"FL","province":"4","counties":["Charlotte County, FL","Collier County, FL","DeSoto County, FL","Glades County, FL","Hardee County, FL","Highlands County, FL","Hillsborough County, FL","Lee County, FL","Manatee County, FL","Pinellas County, FL","Polk County, FL","Sarasota County, FL"],"source":"Census 2024 county shapes, dissolved, simplified to ~0.08 degree for size","as_of":"2026-10-08","boundary_verified":false},"geometry":{"type":"MultiPolygon","coordinates":[[[[-82.64135,27.52551],[-82.74575,27.53883],[-82.28253,26.81599],[-82.26194,26.71709],[-82.14626,26.78289],[-82.1831,26.93577],[-82.0538,26.9398],[-82.08209,26.6536],[-82.18381,26.6878],[-82.10567,26.48393],[-81.99812,26.53272],[-81.88251,26.40265],[-81.6848,25.8472],[-80.8731,25.80538],[-80.87971,26.25931],[-81.26824,26.25307],[-81.27177,26.51707],[-81.56376,26.51333],[-81.56575,26.7696],[-80.94532,26.7691],[-80.88564,26.95892],[-80.87852,27.16883],[-81.2051,27.4897],[-81.14577,27.71017],[-81.45881,28.04007],[-81.34642,28.0847],[-81.79089,28.36184],[-82.05461,28.31408],[-82.10585,28.17165],[-82.79785,28.17234],[-82.85112,27.87421],[-82.73698,27.61264],[-82.58763,27.81901],[-82.68674,28.0302],[-82.53389,27.83292],[-82.46189,27.9386],[-82.40261,27.8826],[-82.38585,27.81965],[-82.64135,27.52551]]],[[[-82.76064,27.58556],[-82.76332,27.58215],[-82.7561,27.57608],[-82.76064,27.58556]]],[[[-82.5727,27.63694],[-82.57361,27.63127],[-82.56918,27.63053],[-82.5727,27.63694]]],[[[-82.69506,27.66158],[-82.68555,27.66474],[-82.69391,27.66874],[-82.69506,27.66158]]],[[[-82.43858,27.8396],[-82.43222,27.82229],[-82.43122,27.83861],[-82.43858,27.8396]]],[[[-82.41988,27.84363],[-82.4146,27.84836],[-82.4214,27.8446],[-82.41988,27.84363]]],[[[-82.43742,27.86433],[-82.42445,27.88403],[-82.43545,27.8842],[-82.43742,27.86433]]],[[[-82.8324,28.10672],[-82.83224,28.12906],[-82.8422,28.1254],[-82.84274,28.11123],[-82.8324,28.10672]]],[[[-82.84303,28.17173],[-82.8466,28.16531],[-82.84265,28.16385],[-82.84303,28.17173]]],[[[-82.15974,26.48198],[-82.21994,26.60707],[-82.18072,26.47626],[-82.12667,26.43628],[-82.01391,26.45206],[-82.15974,26.48198]]],[[[-82.2342,26.67675],[-82.26248,26.6776],[-82.22313,26.61254],[-82.2342,26.67675]]]]}},{"type":"Feature","properties":{"diocese_id":"diocese-of-southwestern-virginia","name":"Episcopal Diocese of Southwestern Virginia","state":"VA","province":"3","counties":["Alleghany County, VA","Amherst County, VA","Augusta County, VA","Bath County, VA","Bedford County, VA","Bland County, VA","Botetourt County, VA","Bristol city, VA","Buchanan County, VA","Buena Vista city, VA","Campbell County, VA","Carroll County, VA","Covington city, VA","Craig County, VA","Dickenson County, VA","Floyd County, VA","Franklin County, VA","Galax city, VA","Giles County, VA","Grayson County, VA","Henry County, VA","Highland County, VA","Lee County, VA","Lexington city, VA","Lynchburg city, VA","Martinsville city, VA","Montgomery County, VA","Nelson County, VA","Norton city, VA","Patrick County, VA","Pulaski County, VA","Radford city, VA","Roanoke County, VA","Roanoke city, VA","Rockbridge County, VA","Russell County, VA","Salem city, VA","Scott County, VA","Smyth County, VA","Staunton city, VA","Tazewell County, VA","Washington County, VA","Waynesboro city, VA","Wise County, VA","Wythe County, VA"],"source":"Census 2024 county shapes, dissolved, simplified to ~0.08 degree for size","as_of":"2026-10-08"},"geometry":{"type":"Polygon","coordinates":[[[-83.67539,36.60078],[-79.71484,36.542],[-79.59407,37.04221],[-79.33952,37.13745],[-78.90401,37.02253],[-78.82421,37.20536],[-79.02169,37.42924],[-78.64078,37.6861],[-78.83887,38.04737],[-78.7494,38.20665],[-79.64907,38.59152],[-80.25741,37.75608],[-80.30933,37.50288],[-81.67821,37.20148],[-81.9285,37.36064],[-81.96801,37.53804],[-83.13639,36.74309],[-83.67539,36.60078]]]}},{"type":"Feature","properties":{"diocese_id":"diocese-of-spokane","name":"Episcopal Diocese of Spokane","state":"WA","province":"8","counties":["Adams County, WA","Asotin County, WA","Benton County, WA","Chelan County, WA","Columbia County, WA","Douglas County, WA","Ferry County, WA","Franklin County, WA","Garfield County, WA","Grant County, WA","Lincoln County, WA","Okanogan County, WA","Pend Oreille County, WA","Spokane County, WA","Stevens County, WA","Walla Walla County, WA","Whitman County, WA","Yakima County, WA"],"source":"Census 2024 county shapes, dissolved, simplified to ~0.08 degree for size","as_of":"2026-10-08"},"geometry":{"type":"Polygon","coordinates":[[[-118.98713,45.99985],[-116.91599,45.99541],[-117.06275,46.35362],[-117.03235,48.99919],[-120.88564,48.97521],[-120.65586,48.72434],[-120.78831,48.62512],[-120.70356,48.5264],[-121.05653,48.47637],[-121.07148,48.31796],[-120.90743,48.16318],[-121.15323,48.04074],[-121.1201,47.61159],[-120.90835,47.42537],[-120.01191,47.22406],[-119.92744,46.79845],[-120.51,46.73795],[-120.63456,46.91213],[-121.02662,46.91131],[-121.37968,47.08749],[-121.52307,46.87278],[-121.35318,46.71195],[-121.39376,46.39004],[-121.52232,46.38822],[-121.52232,46.04401],[-119.86583,46.04086],[-119.86827,45.83594],[-118.98713,45.99985]]]}},{"type":"Feature","properties":{"diocese_id":"diocese-of-springfield","name":"Episcopal Diocese of Springfield","state":"IL","province":"5","counties":["Adams County, IL","Alexander County, IL","Bond County, IL","Brown County, IL","Calhoun County, IL","Carroll County, IL","Cass County, IL","Champaign County, IL","Christian County, IL","Clark County, IL","Clay County, IL","Clinton County, IL","Coles County, IL","Crawford County, IL","Cumberland County, IL","De Witt County, IL","Douglas County, IL","Edgar County, IL","Edwards County, IL","Effingham County, IL","Fayette County, IL","Franklin County, IL","Gallatin County, IL","Greene County, IL","Hamilton County, IL","Hardin County, IL","Jackson County, IL","Jasper County, IL","Jefferson County, IL","Jersey County, IL","Johnson County, IL","Lawrence County, IL","Logan County, IL","Macon County, IL","Macoupin County, IL","Madison County, IL","Marion County, IL","Mason County, IL","Massac County, IL","McLean County, IL","Menard County, IL","Monroe County, IL","Montgomery County, IL","Morgan County, IL","Moultrie County, IL","Perry County, IL","Piatt County, IL","Pike County, IL","Pope County, IL","Pulaski County, IL","Randolph County, IL","Richland County, IL","Saline County, IL","Sangamon County, IL","Scott County, IL","Shelby County, IL","St. Clair County, IL","Tazewell County, IL","Union County, IL","Vermilion County, IL","Wabash County, IL","Washington County, IL","Wayne County, IL","White County, IL","Williamson County, IL"],"source":"Census 2024 county shapes, dissolved, simplified to ~0.08 degree for size","as_of":"2026-10-08","boundary_verified":false},"geometry":{"type":"MultiPolygon","coordinates":[[[[-90.35956,38.22452],[-89.51201,37.68552],[-89.42105,37.38767],[-89.51834,37.2855],[-89.27863,36.98867],[-89.30773,37.06965],[-89.13268,36.9822],[-88.97471,37.22971],[-88.46059,37.0743],[-88.47022,37.39625],[-88.06784,37.48587],[-88.16019,37.65759],[-87.91143,38.16174],[-87.98762,38.25738],[-87.83898,38.28233],[-87.49652,38.73934],[-87.65874,39.136],[-87.53165,39.34806],[-87.52637,40.49124],[-88.45996,40.39885],[-88.58427,40.75761],[-88.9869,40.7523],[-89.04437,40.62743],[-89.2694,40.59432],[-89.33009,40.74826],[-89.55343,40.74764],[-90.5157,39.98435],[-90.91197,40.19309],[-91.50504,40.19993],[-91.36775,39.72903],[-90.72996,39.25589],[-90.62848,38.89162],[-90.44008,38.96736],[-90.11333,38.84931],[-90.35956,38.22452]]],[[[-89.68849,42.19911],[-90.31733,42.19365],[-90.1629,42.11672],[-90.15184,41.92892],[-89.68537,41.93034],[-89.68849,42.19911]]]]}},{"type":"Feature","properties":{"diocese_id":"diocese-of-tennessee","name":"Episcopal Diocese of Tennessee","state":"TN","province":"4","counties":["Bedford County, TN","Cannon County, TN","Cheatham County, TN","Clay County, TN","Coffee County, TN","Davidson County, TN","DeKalb County, TN","Dickson County, TN","Fentress County, TN","Franklin County, TN","Giles County, TN","Grundy County, TN","Hickman County, TN","Houston County, TN","Humphreys County, TN","Jackson County, TN","Lawrence County, TN","Lewis County, TN","Lincoln County, TN","Macon County, TN","Marshall County, TN","Maury County, TN","Montgomery County, TN","Moore County, TN","Overton County, TN","Perry County, TN","Pickett County, TN","Putnam County, TN","Robertson County, TN","Rutherford County, TN","Smith County, TN","Stewart County, TN","Sumner County, TN","Trousdale County, TN","Van Buren County, TN","Warren County, TN","Wayne County, TN","White County, TN","Williamson County, TN","Wilson County, TN"],"source":"Census 2024 county shapes, dissolved, simplified to ~0.08 degree for size","as_of":"2026-10-08","boundary_verified":false},"geometry":{"type":"Polygon","coordinates":[[[-87.98492,35.00588],[-85.87302,34.98843],[-85.87229,35.22368],[-85.50653,35.35748],[-85.60733,35.53165],[-85.26539,35.72124],[-85.24636,36.1007],[-84.91548,36.15102],[-84.65908,36.39523],[-84.7854,36.60337],[-88.07053,36.67812],[-87.91565,36.16075],[-88.02263,35.9695],[-87.92584,35.93043],[-88.03479,35.71726],[-87.98492,35.00588]]]}},{"type":"Feature","properties":{"diocese_id":"diocese-of-texas","name":"Episcopal Diocese of Texas","state":"TX","province":"7","counties":["Anderson County, TX","Angelina County, TX","Archer County, TX","Austin County, TX","Bastrop County, TX","Bell County, TX","Bosque County, TX","Brazoria County, TX","Brazos County, TX","Brown County, TX","Burleson County, TX","Burnet County, TX","Chambers County, TX","Cherokee County, TX","Clay County, TX","Colorado County, TX","Comanche County, TX","Cooke County, TX","Coryell County, TX","Eastland County, TX","Erath County, TX","Falls County, TX","Fayette County, TX","Fort Bend County, TX","Freestone County, TX","Galveston County, TX","Gregg County, TX","Grimes County, TX","Hamilton County, TX","Hardin County, TX","Harris County, TX","Harrison County, TX","Hill County, TX","Hood County, TX","Houston County, TX","Jack County, TX","Jasper County, TX","Jefferson County, TX","Johnson County, TX","Lampasas County, TX","Lee County, TX","Leon County, TX","Liberty County, TX","Limestone County, TX","Madison County, TX","Marion County, TX","Matagorda County, TX","McLennan County, TX","Milam County, TX","Mills County, TX","Montague County, TX","Montgomery County, TX","Nacogdoches County, TX","Newton County, TX","Orange County, TX","Palo Pinto County, TX","Panola County, TX","Parker County, TX","Polk County, TX","Robertson County, TX","Rusk County, TX","Sabine County, TX","San Augustine County, TX","San Jacinto County, TX","Shelby County, TX","Smith County, TX","Somervell County, TX","Stephens County, TX","Tarrant County, TX","Travis County, TX","Trinity County, TX","Tyler County, TX","Walker County, TX","Waller County, TX","Washington County, TX","Wharton County, TX","Wichita County, TX","Williamson County, TX","Wise County, TX","Young County, TX"],"source":"Census 2024 county shapes, dissolved, simplified to ~0.08 degree for size","as_of":"2026-10-08","boundary_verified":false},"geometry":{"type":"MultiPolygon","coordinates":[[[[-98.32037,30.47788],[-97.14326,29.62809],[-96.865,29.63271],[-96.56055,29.33544],[-96.65847,29.26388],[-96.30918,28.96329],[-96.37833,28.39078],[-95.12384,29.07064],[-95.15697,29.19505],[-94.86437,29.37051],[-95.0165,29.70687],[-94.94268,29.69778],[-94.90104,29.65759],[-94.72625,29.79511],[-94.68937,29.69326],[-94.77899,29.53016],[-94.4707,29.55658],[-94.67665,29.47348],[-94.77869,29.36148],[-93.83773,29.67902],[-93.92799,29.80964],[-93.6994,30.05925],[-93.74025,30.53957],[-93.50829,31.03235],[-93.83492,31.58621],[-93.82344,31.7751],[-94.04183,31.9924],[-94.04289,32.88109],[-94.70588,32.87918],[-94.70179,32.65221],[-95.00869,32.51681],[-95.59454,32.68703],[-95.42851,32.08447],[-96.71911,31.81489],[-97.08704,32.26682],[-97.03101,32.98969],[-97.39846,32.99173],[-97.38309,33.43045],[-96.94386,33.41641],[-96.94461,33.94922],[-97.1261,33.71694],[-97.21092,33.91606],[-97.42649,33.8194],[-97.67177,33.99137],[-97.87145,33.849],[-98.10946,34.15411],[-98.48204,34.06227],[-98.95236,34.21258],[-98.95087,32.95692],[-99.09602,32.95704],[-99.20277,31.46723],[-98.58727,31.32546],[-98.32037,30.47788]]],[[[-94.87437,29.28993],[-95.12226,29.08855],[-94.72617,29.33252],[-94.87437,29.28993]]],[[[-94.90919,29.27396],[-94.91382,29.26992],[-94.90919,29.26982],[-94.90919,29.27396]]],[[[-94.92868,29.28703],[-94.92193,29.28199],[-94.91966,29.28682],[-94.92868,29.28703]]],[[[-94.91683,29.56764],[-94.91956,29.58831],[-94.92859,29.58356],[-94.91683,29.56764]]],[[[-94.94475,29.61301],[-94.95319,29.67746],[-94.97743,29.6852],[-94.94475,29.61301]]],[[[-94.97518,29.68789],[-94.98564,29.69852],[-94.99241,29.6978],[-94.97518,29.68789]]],[[[-94.81052,29.35213],[-94.82196,29.31324],[-94.78179,29.32402],[-94.81052,29.35213]]],[[[-94.82425,29.34892],[-94.82097,29.35267],[-94.82523,29.3538],[-94.82425,29.34892]]],[[[-94.7183,29.72885],[-94.71385,29.73145],[-94.71651,29.73352],[-94.7183,29.72885]]]]}},{"type":"Feature","properties":{"diocese_id":"diocese-of-the-central-gulf-coast","name":"Episcopal Diocese of the Central Gulf Coast","state":"AL, FL","province":"4","counties":["Baldwin County, AL","Barbour County, AL","Bay County, FL","Butler County, AL","Calhoun County, FL","Clarke County, AL","Coffee County, AL","Conecuh County, AL","Covington County, AL","Crenshaw County, AL","Dale County, AL","Escambia County, AL","Escambia County, FL","Franklin County, FL","Geneva County, AL","Gulf County, FL","Henry County, AL","Holmes County, FL","Houston County, AL","Jackson County, FL","Mobile County, AL","Monroe County, AL","Okaloosa County, FL","Pike County, AL","Santa Rosa County, FL","Walton County, FL","Washington County, AL","Washington County, FL"],"source":"Census 2024 county shapes, dissolved, simplified to ~0.08 degree for size","as_of":"2026-10-08","boundary_verified":false},"geometry":{"type":"MultiPolygon","coordinates":[[[[-88.11774,30.27912],[-88.3273,30.22988],[-88.07485,30.24912],[-88.11774,30.27912]]],[[[-88.22073,30.32211],[-88.22542,30.31989],[-88.21958,30.32141],[-88.22073,30.32211]]],[[[-88.25947,30.36678],[-88.25621,30.32512],[-88.25329,30.3348],[-88.25947,30.36678]]],[[[-88.02622,30.51661],[-88.05338,30.50699],[-88.02433,30.49077],[-88.02622,30.51661]]],[[[-85.99994,30.27078],[-85.38473,29.92095],[-85.35151,29.66667],[-84.33917,29.90667],[-84.54445,30.01103],[-85.02544,29.9714],[-85.15402,30.09204],[-84.85792,30.69841],[-85.10752,31.18645],[-85.05603,32.06305],[-85.41024,32.14665],[-85.65767,31.88028],[-85.91175,32.05475],[-86.00342,31.96729],[-86.40628,32.05073],[-86.40501,31.96377],[-86.90894,31.96167],[-86.9069,31.83063],[-87.62011,31.82712],[-87.66777,31.99135],[-88.07349,31.99018],[-88.18082,31.81834],[-88.08829,31.6993],[-88.46443,31.69795],[-88.39502,30.36942],[-88.33802,30.40475],[-88.13827,30.31326],[-88.01141,30.68513],[-87.74717,30.28777],[-88.02768,30.22365],[-86.65709,30.39684],[-85.99994,30.27078]]],[[[-85.11427,29.68866],[-85.12045,29.63002],[-85.07431,29.67398],[-85.11427,29.68866]]],[[[-84.69341,29.76886],[-85.09717,29.62624],[-85.04507,29.58699],[-84.95645,29.614],[-84.77695,29.69219],[-84.69262,29.76304],[-84.69341,29.76886]]],[[[-84.57248,29.82846],[-84.67468,29.78623],[-84.62374,29.7885],[-84.57941,29.80785],[-84.57248,29.82846]]]]}},{"type":"Feature","properties":{"diocese_id":"diocese-of-the-great-lakes","name":"Episcopal Diocese of the Great Lakes","state":"MI","province":"5","counties":["Alcona County, MI","Allegan County, MI","Alpena County, MI","Antrim County, MI","Arenac County, MI","Barry County, MI","Bay County, MI","Benzie County, MI","Berrien County, MI","Branch County, MI","Calhoun County, MI","Cass County, MI","Charlevoix County, MI","Cheboygan County, MI","Clare County, MI","Crawford County, MI","Eaton County, MI","Emmet County, MI","Genesee County, MI","Gladwin County, MI","Grand Traverse County, MI","Gratiot County, MI","Huron County, MI","Ionia County, MI","Iosco County, MI","Isabella County, MI","Kalamazoo County, MI","Kalkaska County, MI","Kent County, MI","Lake County, MI","Lapeer County, MI","Leelanau County, MI","Manistee County, MI","Mason County, MI","Mecosta County, MI","Midland County, MI","Missaukee County, MI","Montcalm County, MI","Montmorency County, MI","Muskegon County, MI","Newaygo County, MI","Oceana County, MI","Ogemaw County, MI","Osceola County, MI","Oscoda County, MI","Otsego County, MI","Ottawa County, MI","Presque Isle County, MI","Roscommon County, MI","Saginaw County, MI","Sanilac County, MI","Shiawassee County, MI","St. Clair County, MI","St. Joseph County, MI","Tuscola County, MI","Van Buren County, MI","Wexford County, MI"],"source":"Census 2024 county shapes, dissolved, simplified to ~0.08 degree for size","as_of":"2026-10-08","boundary_verified":false},"geometry":{"type":"MultiPolygon","coordinates":[[[[-86.82483,41.76024],[-84.82513,41.75999],[-84.82649,42.07247],[-84.70956,42.07037],[-84.60276,42.76988],[-84.83709,42.77048],[-84.83689,43.11885],[-84.36776,43.11794],[-84.36366,42.77578],[-82.73901,42.89754],[-82.67906,42.52221],[-82.51878,42.61389],[-82.41347,42.97689],[-82.61498,43.77925],[-82.79321,44.02325],[-83.40463,43.91529],[-83.32506,43.884],[-83.4905,43.70259],[-83.68521,43.58444],[-83.91294,43.67757],[-83.8755,43.96195],[-83.57987,44.04944],[-83.53771,44.24817],[-83.33371,44.33658],[-83.27029,44.70878],[-83.46384,45.00314],[-83.26242,45.0254],[-83.31532,45.05257],[-83.41256,45.23922],[-83.38163,45.26977],[-83.48993,45.35847],[-84.72886,45.78815],[-85.0141,45.75955],[-84.94376,45.71029],[-85.11548,45.53941],[-84.91454,45.39562],[-85.37159,45.27083],[-85.52719,44.7475],[-85.47494,44.99172],[-85.59544,44.76711],[-85.65236,44.84909],[-85.54075,45.21091],[-85.8074,44.94981],[-86.06674,44.90568],[-86.08956,44.74198],[-86.255,44.69194],[-86.26871,44.34532],[-86.5147,44.05812],[-86.4302,43.82758],[-86.5385,43.6175],[-86.25465,43.08341],[-86.20703,42.70159],[-86.35595,42.25422],[-86.82483,41.76024]]],[[[-85.58185,44.86024],[-85.57465,44.8722],[-85.58375,44.86145],[-85.58185,44.86024]]],[[[-86.09354,45.00784],[-86.14164,45.04025],[-86.15433,45.00273],[-86.09354,45.00784]]],[[[-85.56586,45.0995],[-85.56806,45.09945],[-85.56606,45.09911],[-85.56586,45.0995]]],[[[-85.9768,45.13836],[-86.05865,45.10078],[-85.96088,45.06051],[-85.9768,45.13836]]],[[[-85.83872,45.37716],[-85.83197,45.42048],[-85.88471,45.44481],[-85.83872,45.37716]]],[[[-85.77157,45.46057],[-85.78265,45.4916],[-85.79296,45.48198],[-85.77157,45.46057]]],[[[-85.61266,45.63028],[-85.49173,45.60753],[-85.50127,45.75442],[-85.56799,45.75858],[-85.61266,45.63028]]],[[[-85.83478,45.69637],[-85.84071,45.70739],[-85.84341,45.69291],[-85.83478,45.69637]]],[[[-85.64489,45.7427],[-85.69758,45.69765],[-85.67509,45.69724],[-85.64489,45.7427]]],[[[-85.6931,45.77089],[-85.68819,45.77506],[-85.69626,45.77439],[-85.6931,45.77089]]],[[[-85.61197,45.8143],[-85.61112,45.80738],[-85.60431,45.81182],[-85.61197,45.8143]]],[[[-85.5906,45.83367],[-85.58376,45.83949],[-85.59449,45.83768],[-85.5906,45.83367]]],[[[-85.03403,45.76098],[-85.027,45.76611],[-85.03905,45.76432],[-85.03403,45.76098]]],[[[-85.05517,45.7644],[-85.06908,45.76671],[-85.07494,45.76458],[-85.05517,45.7644]]],[[[-85.37796,45.81407],[-85.35702,45.77978],[-85.36308,45.81791],[-85.37796,45.81407]]],[[[-85.49249,45.81934],[-85.50575,45.77809],[-85.45547,45.77783],[-85.49249,45.81934]]],[[[-85.29905,45.81753],[-85.30154,45.81544],[-85.29976,45.8151],[-85.29905,45.81753]]],[[[-83.81809,43.6659],[-83.83131,43.67009],[-83.83037,43.66419],[-83.81809,43.6659]]],[[[-83.46596,43.76],[-83.47705,43.76154],[-83.48121,43.75823],[-83.46596,43.76]]],[[[-83.43299,43.81942],[-83.44527,43.82391],[-83.45036,43.8154],[-83.43299,43.81942]]],[[[-83.4446,43.83437],[-83.46069,43.81636],[-83.45893,43.81005],[-83.4446,43.83437]]],[[[-83.42115,43.82698],[-83.42826,43.84053],[-83.43382,43.83553],[-83.42115,43.82698]]],[[[-83.43809,43.83949],[-83.45072,43.85551],[-83.44042,43.83939],[-83.43809,43.83949]]],[[[-83.41463,43.87648],[-83.42389,43.88168],[-83.43178,43.88178],[-83.42555,43.87709],[-83.41463,43.87648]]],[[[-83.47027,44.00151],[-83.46324,44.00203],[-83.47102,44.00255],[-83.47027,44.00151]]],[[[-83.44146,44.02781],[-83.42742,44.03085],[-83.44122,44.03805],[-83.44146,44.02781]]],[[[-83.41512,44.98594],[-83.41759,44.99193],[-83.42254,44.98916],[-83.41512,44.98594]]],[[[-83.20495,45.04075],[-83.19267,45.03591],[-83.21207,45.05231],[-83.20495,45.04075]]],[[[-83.22296,45.0507],[-83.21832,45.04153],[-83.21808,45.04953],[-83.22296,45.0507]]],[[[-83.22975,45.05696],[-83.23385,45.05498],[-83.22871,45.05636],[-83.22975,45.05696]]],[[[-83.28895,45.07039],[-83.29929,45.06504],[-83.2917,45.06034],[-83.28895,45.07039]]],[[[-83.33211,45.18859],[-83.32989,45.19774],[-83.33634,45.1916],[-83.33211,45.18859]]]]}},{"type":"Feature","properties":{"diocese_id":"diocese-of-the-rio-grande","name":"Episcopal Diocese of the Rio Grande","state":"NM, TX","province":"7","counties":["Bernalillo County, NM","Brewster County, TX","Catron County, NM","Chaves County, NM","Cibola County, NM","Colfax County, NM","Culberson County, TX","Curry County, NM","De Baca County, NM","Do\u00f1a Ana County, NM","Eddy County, NM","El Paso County, TX","Grant County, NM","Guadalupe County, NM","Harding County, NM","Hidalgo County, NM","Hudspeth County, TX","Jeff Davis County, TX","Lea County, NM","Lincoln County, NM","Los Alamos County, NM","Luna County, NM","McKinley County, NM","Mora County, NM","Otero County, NM","Pecos County, TX","Presidio County, TX","Quay County, NM","Reeves County, TX","Rio Arriba County, NM","Roosevelt County, NM","San Juan County, NM","San Miguel County, NM","Sandoval County, NM","Santa Fe County, NM","Sierra County, NM","Socorro County, NM","Taos County, NM","Terrell County, TX","Torrance County, NM","Union County, NM","Valencia County, NM"],"source":"Census 2024 county shapes, dissolved, simplified to ~0.08 degree for size","as_of":"2026-10-08"},"geometry":{"type":"Polygon","coordinates":[[[-106.5317,31.7839],[-105.40046,30.85262],[-104.92293,30.60385],[-104.50902,29.63328],[-103.28346,28.97695],[-102.86847,29.22288],[-102.674,29.74457],[-102.38832,29.76127],[-102.31539,29.87992],[-101.76092,29.78186],[-101.64624,30.56076],[-101.87948,30.92212],[-102.40615,31.08787],[-102.6761,31.33008],[-102.82673,31.26688],[-103.46231,31.42987],[-103.50938,31.62593],[-103.98394,31.99411],[-103.06442,32.00052],[-103.0022,37.0001],[-109.04522,36.99908],[-109.05004,31.3325],[-108.20857,31.33339],[-108.20839,31.7836],[-106.5317,31.7839]]]}},{"type":"Feature","properties":{"diocese_id":"diocese-of-the-susquehanna","name":"Episcopal Diocese of the Susquehanna","state":"PA","province":"3","counties":["Adams County, PA","Bedford County, PA","Berks County, PA","Blair County, PA","Bradford County, PA","Carbon County, PA","Centre County, PA","Clinton County, PA","Columbia County, PA","Cumberland County, PA","Dauphin County, PA","Franklin County, PA","Fulton County, PA","Huntingdon County, PA","Juniata County, PA","Lackawanna County, PA","Lancaster County, PA","Lebanon County, PA","Lehigh County, PA","Luzerne County, PA","Lycoming County, PA","Mifflin County, PA","Monroe County, PA","Montour County, PA","Northampton County, PA","Northumberland County, PA","Perry County, PA","Pike County, PA","Potter County, PA","Schuylkill County, PA","Snyder County, PA","Sullivan County, PA","Susquehanna County, PA","Tioga County, PA","Union County, PA","Wayne County, PA","Wyoming County, PA","York County, PA"],"source":"Census 2024 county shapes, dissolved, simplified to ~0.08 degree for size","as_of":"2026-10-08"},"geometry":{"type":"Polygon","coordinates":[[[-78.80837,39.72293],[-76.10179,39.72427],[-75.943,40.10927],[-75.1968,40.60858],[-75.05103,40.86566],[-75.13057,40.99109],[-74.68977,41.36156],[-74.73669,41.42923],[-74.98334,41.48089],[-75.07217,41.81373],[-75.35958,41.99945],[-78.20638,41.99962],[-78.20364,41.6176],[-77.98919,41.47482],[-78.05571,41.00486],[-78.53982,40.50629],[-78.80837,39.72293]]]}},{"type":"Feature","properties":{"diocese_id":"diocese-of-the-virgin-islands","name":"Episcopal Diocese of the Virgin Islands","state":"VI","province":"2","counties":["St. Croix Island, VI","St. John Island, VI","St. Thomas Island, VI"],"source":"Census 2024 county shapes, dissolved, simplified to ~0.08 degree for size","as_of":"2026-10-08"},"geometry":{"type":"MultiPolygon","coordinates":[[[[-64.99822,18.30534],[-65.00286,18.30462],[-65.00202,18.30378],[-64.99822,18.30534]]],[[[-64.90907,18.30985],[-64.90759,18.30887],[-64.90744,18.31056],[-64.90907,18.30985]]],[[[-64.9884,18.31686],[-64.99041,18.31688],[-64.98976,18.31561],[-64.9884,18.31686]]],[[[-64.9459,18.32925],[-64.9576,18.30634],[-64.94026,18.31814],[-64.9459,18.32925]]],[[[-64.93051,18.32653],[-64.93767,18.33571],[-64.93285,18.32309],[-64.93051,18.32653]]],[[[-65.07556,18.34672],[-65.08469,18.33514],[-65.07497,18.34657],[-65.07556,18.34672]]],[[[-65.03411,18.35363],[-64.92741,18.34028],[-64.878,18.30281],[-64.88243,18.31654],[-64.83184,18.32477],[-64.93726,18.3815],[-65.03411,18.35363]]],[[[-65.05881,18.3509],[-65.05659,18.35021],[-65.05775,18.35165],[-65.05881,18.3509]]],[[[-65.04479,18.35644],[-65.04665,18.36102],[-65.04815,18.3603],[-65.04479,18.35644]]],[[[-65.05201,18.3593],[-65.05096,18.36316],[-65.05599,18.36313],[-65.05201,18.3593]]],[[[-65.06148,18.37818],[-65.05993,18.38178],[-65.06423,18.37998],[-65.06148,18.37818]]],[[[-64.96566,18.3775],[-64.97584,18.38573],[-64.96657,18.37642],[-64.96566,18.3775]]],[[[-64.97094,18.3916],[-64.97272,18.40018],[-64.97464,18.40106],[-64.97094,18.3916]]],[[[-64.89934,18.39266],[-64.917,18.40427],[-64.90766,18.38757],[-64.89934,18.39266]]],[[[-64.90971,18.41536],[-64.90805,18.41386],[-64.90804,18.41575],[-64.90971,18.41536]]],[[[-64.88941,18.27515],[-64.88591,18.27654],[-64.8892,18.27618],[-64.88941,18.27515]]],[[[-64.89099,18.27691],[-64.896,18.27804],[-64.89592,18.27466],[-64.89099,18.27691]]],[[[-64.81765,18.29649],[-64.81463,18.29497],[-64.81422,18.29587],[-64.81765,18.29649]]],[[[-64.82174,18.29805],[-64.82897,18.30122],[-64.82916,18.29797],[-64.82174,18.29805]]],[[[-64.8655,18.30559],[-64.86829,18.30904],[-64.8692,18.30849],[-64.8655,18.30559]]],[[[-64.82303,18.31131],[-64.83228,18.31448],[-64.83208,18.30496],[-64.82303,18.31131]]],[[[-64.86409,18.31429],[-64.86544,18.31296],[-64.86374,18.31367],[-64.86409,18.31429]]],[[[-64.86856,18.31461],[-64.86741,18.31597],[-64.8688,18.3157],[-64.86856,18.31461]]],[[[-64.80791,18.32878],[-64.80688,18.33127],[-64.80838,18.33153],[-64.80791,18.32878]]],[[[-64.85134,18.36112],[-64.87498,18.36027],[-64.84814,18.35763],[-64.85134,18.36112]]],[[[-64.82643,18.35939],[-64.83651,18.35904],[-64.83934,18.35761],[-64.82643,18.35939]]],[[[-64.82454,18.36067],[-64.81658,18.35807],[-64.8153,18.35917],[-64.82454,18.36067]]],[[[-64.8012,18.3654],[-64.81297,18.36157],[-64.79835,18.36356],[-64.8012,18.3654]]],[[[-64.80557,18.36612],[-64.8,18.36966],[-64.8065,18.36705],[-64.80557,18.36612]]],[[[-64.90455,18.40632],[-64.90671,18.41232],[-64.91026,18.41131],[-64.90455,18.40632]]],[[[-64.76195,17.68246],[-64.76046,17.68505],[-64.76289,17.6845],[-64.76195,17.68246]]],[[[-64.87236,17.77104],[-64.76677,17.69005],[-64.56559,17.75521],[-64.70859,17.74683],[-64.74902,17.78344],[-64.87236,17.77104]]],[[[-64.70362,17.75062],[-64.70194,17.74891],[-64.70163,17.7503],[-64.70362,17.75062]]],[[[-64.66726,17.76533],[-64.66414,17.76784],[-64.66485,17.76858],[-64.66726,17.76533]]],[[[-64.61423,17.78846],[-64.62745,17.78718],[-64.61214,17.78722],[-64.61423,17.78846]]],[[[-64.69002,18.3161],[-64.68684,18.31632],[-64.6903,18.31676],[-64.69002,18.3161]]],[[[-64.65182,18.32613],[-64.64896,18.32601],[-64.64956,18.32864],[-64.65182,18.32613]]],[[[-64.74455,18.35751],[-64.70312,18.2982],[-64.71543,18.3461],[-64.66088,18.34293],[-64.74884,18.3729],[-64.74455,18.35751]]],[[[-64.79423,18.35277],[-64.79276,18.35431],[-64.79427,18.35361],[-64.79423,18.35277]]],[[[-64.78899,18.35643],[-64.78979,18.3542],[-64.78859,18.35416],[-64.78899,18.35643]]],[[[-64.79715,18.35679],[-64.79633,18.35497],[-64.79583,18.35614],[-64.79715,18.35679]]],[[[-64.757,18.3558],[-64.75579,18.35729],[-64.75741,18.35727],[-64.757,18.3558]]],[[[-64.79367,18.37056],[-64.79478,18.36878],[-64.79306,18.36961],[-64.79367,18.37056]]],[[[-64.75857,18.36918],[-64.75552,18.37097],[-64.75907,18.36978],[-64.75857,18.36918]]]]}},{"type":"Feature","properties":{"diocese_id":"diocese-of-upper-south-carolina","name":"Episcopal Diocese of Upper South Carolina","state":"SC","province":"4","counties":["Abbeville County, SC","Aiken County, SC","Anderson County, SC","Cherokee County, SC","Chester County, SC","Edgefield County, SC","Fairfield County, SC","Greenville County, SC","Greenwood County, SC","Lancaster County, SC","Laurens County, SC","Lexington County, SC","McCormick County, SC","Newberry County, SC","Oconee County, SC","Pickens County, SC","Richland County, SC","Saluda County, SC","Spartanburg County, SC","Union County, SC","York County, SC"],"source":"Census 2024 county shapes, dissolved, simplified to ~0.08 degree for size","as_of":"2026-10-08","boundary_verified":false},"geometry":{"type":"Polygon","coordinates":[[[-82.55684,33.94535],[-81.75708,33.19812],[-80.9246,33.75695],[-81.05852,33.74705],[-81.0379,33.87087],[-80.61866,33.74359],[-80.61619,34.0996],[-80.86851,34.18171],[-80.76993,34.37711],[-80.87923,34.45778],[-80.54891,34.49326],[-80.43177,34.66002],[-80.56171,34.81748],[-80.79754,34.81979],[-80.78204,34.93578],[-80.93495,35.10741],[-81.04149,35.0447],[-81.04363,35.14988],[-82.39293,35.2154],[-83.10956,35.0012],[-83.34262,34.68299],[-82.8874,34.48096],[-82.55684,33.94535]]]}},{"type":"Feature","properties":{"diocese_id":"diocese-of-utah","name":"Episcopal Diocese of Utah","state":"UT","province":"8","counties":["Beaver County, UT","Box Elder County, UT","Cache County, UT","Carbon County, UT","Daggett County, UT","Davis County, UT","Duchesne County, UT","Emery County, UT","Garfield County, UT","Grand County, UT","Iron County, UT","Juab County, UT","Kane County, UT","Millard County, UT","Morgan County, UT","Piute County, UT","Rich County, UT","Salt Lake County, UT","San Juan County, UT","Sanpete County, UT","Sevier County, UT","Summit County, UT","Tooele County, UT","Uintah County, UT","Utah County, UT","Wasatch County, UT","Washington County, UT","Wayne County, UT","Weber County, UT"],"source":"Census 2024 county shapes, dissolved, simplified to ~0.08 degree for size","as_of":"2026-10-08","boundary_verified":false},"geometry":{"type":"Polygon","coordinates":[[[-114.0506,37.0004],[-109.04522,36.99908],[-109.05008,41.00066],[-111.04672,40.99796],[-111.04671,42.0017],[-114.04148,41.99387],[-114.0506,37.0004]]]}},{"type":"Feature","properties":{"diocese_id":"diocese-of-vermont","name":"Episcopal Diocese of Vermont","state":"VT","province":"1","counties":["Addison County, VT","Bennington County, VT","Caledonia County, VT","Chittenden County, VT","Essex County, VT","Franklin County, VT","Grand Isle County, VT","Lamoille County, VT","Orange County, VT","Orleans County, VT","Rutland County, VT","Washington County, VT","Windham County, VT","Windsor County, VT"],"source":"Census 2024 county shapes, dissolved, simplified to ~0.08 degree for size","as_of":"2026-10-08"},"geometry":{"type":"Polygon","coordinates":[[[-72.55725,42.85302],[-72.38015,43.57362],[-72.03184,44.07854],[-72.06543,44.27723],[-71.57676,44.50262],[-71.63188,44.75246],[-71.46456,45.01364],[-73.34312,45.01084],[-73.39023,44.61835],[-73.29361,44.44056],[-73.43123,43.58828],[-73.24159,43.53497],[-73.27642,42.74602],[-72.45852,42.72685],[-72.55725,42.85302]]]}},{"type":"Feature","properties":{"diocese_id":"diocese-of-virginia","name":"Episcopal Diocese of Virginia","state":"VA","province":"3","counties":["Albemarle County, VA","Alexandria city, VA","Arlington County, VA","Caroline County, VA","Charlottesville city, VA","Clarke County, VA","Culpeper County, VA","Essex County, VA","Fairfax County, VA","Fairfax city, VA","Falls Church city, VA","Fauquier County, VA","Fluvanna County, VA","Frederick County, VA","Fredericksburg city, VA","Gloucester County, VA","Goochland County, VA","Greene County, VA","Hanover County, VA","Harrisonburg city, VA","Henrico County, VA","King George County, VA","King William County, VA","King and Queen County, VA","Lancaster County, VA","Loudoun County, VA","Louisa County, VA","Madison County, VA","Manassas Park city, VA","Manassas city, VA","Mathews County, VA","Middlesex County, VA","New Kent County, VA","Northumberland County, VA","Orange County, VA","Page County, VA","Prince William County, VA","Rappahannock County, VA","Richmond County, VA","Richmond city, VA","Rockingham County, VA","Shenandoah County, VA","Spotsylvania County, VA","Stafford County, VA","Warren County, VA","Westmoreland County, VA","Winchester city, VA"],"source":"Census 2024 county shapes, dissolved, simplified to ~0.08 degree for size","as_of":"2026-10-08","boundary_verified":false},"geometry":{"type":"MultiPolygon","coordinates":[[[[-78.1637,37.74937],[-77.28646,37.35197],[-77.17732,37.4906],[-76.90447,37.37767],[-76.74198,37.46708],[-76.5063,37.24339],[-76.35455,37.27233],[-76.41289,37.41808],[-76.24775,37.37882],[-76.29887,37.56117],[-76.54925,37.62141],[-76.92742,37.98179],[-76.92854,38.06861],[-76.51019,37.64232],[-76.28008,37.61514],[-76.23696,37.8905],[-76.61206,38.14866],[-76.96231,38.21408],[-77.04152,38.40019],[-77.31729,38.38358],[-77.23593,38.66007],[-77.04325,38.71901],[-77.0673,38.89921],[-77.51993,39.12092],[-77.45768,39.22502],[-77.5666,39.30612],[-77.73005,39.31567],[-77.82816,39.13233],[-78.34709,39.46601],[-78.4037,39.16745],[-78.86928,38.76299],[-78.99817,38.84735],[-79.22431,38.47766],[-78.7494,38.20665],[-78.83887,38.04737],[-78.68391,37.73466],[-78.1637,37.74937]]],[[[-76.42074,37.5976],[-76.41629,37.59358],[-76.41951,37.59867],[-76.42074,37.5976]]]]}},{"type":"Feature","properties":{"diocese_id":"diocese-of-washington","name":"Episcopal Diocese of Washington","state":"DC, MD","province":"3","counties":["Charles County, MD","District of Columbia, DC","Montgomery County, MD","Prince George's County, MD","St. Mary's County, MD"],"source":"Census 2024 county shapes, dissolved, simplified to ~0.08 degree for size","as_of":"2026-10-08"},"geometry":{"type":"MultiPolygon","coordinates":[[[[-76.74503,38.20724],[-76.74461,38.21303],[-76.74729,38.21562],[-76.74503,38.20724]]],[[[-76.79312,38.23517],[-76.79407,38.23919],[-76.79653,38.23648],[-76.79312,38.23517]]],[[[-76.80999,38.25039],[-76.81087,38.25293],[-76.81219,38.25231],[-76.80999,38.25039]]],[[[-76.67266,38.49816],[-76.74765,39.03342],[-77.1688,39.3535],[-77.51063,39.17848],[-77.0317,38.85051],[-77.25017,38.38278],[-77.01637,38.44557],[-76.92394,38.28972],[-76.82711,38.34738],[-76.32216,38.0379],[-76.37502,38.29942],[-76.67266,38.49816]]]]}},{"type":"Feature","properties":{"diocese_id":"diocese-of-west-missouri","name":"Episcopal Diocese of West Missouri","state":"MO","province":"7","counties":["Andrew County, MO","Atchison County, MO","Barry County, MO","Barton County, MO","Bates County, MO","Benton County, MO","Buchanan County, MO","Caldwell County, MO","Camden County, MO","Carroll County, MO","Cass County, MO","Cedar County, MO","Christian County, MO","Clay County, MO","Clinton County, MO","Dade County, MO","Dallas County, MO","Daviess County, MO","DeKalb County, MO","Douglas County, MO","Gentry County, MO","Greene County, MO","Grundy County, MO","Harrison County, MO","Henry County, MO","Hickory County, MO","Holt County, MO","Jasper County, MO","Johnson County, MO","Laclede County, MO","Lafayette County, MO","Lawrence County, MO","Livingston County, MO","McDonald County, MO","Mercer County, MO","Miller County, MO","Morgan County, MO","Newton County, MO","Nodaway County, MO","Ozark County, MO","Pettis County, MO","Platte County, MO","Polk County, MO","Pulaski County, MO","Ray County, MO","Saline County, MO","St. Clair County, MO","Stone County, MO","Taney County, MO","Vernon County, MO","Webster County, MO","Worth County, MO","Wright County, MO"],"source":"Census 2024 county shapes, dissolved, simplified to ~0.08 degree for size","as_of":"2026-10-08","boundary_verified":false},"geometry":{"type":"Polygon","coordinates":[[[-94.61792,36.49941],[-92.12039,36.49886],[-92.08871,37.05625],[-92.25136,37.05965],[-92.24946,37.60454],[-92.02926,37.60254],[-92.02116,38.01064],[-92.18537,38.01514],[-92.19448,38.33554],[-93.05997,38.69308],[-93.04824,38.9726],[-92.84883,39.22938],[-93.27675,39.45986],[-93.37439,40.58033],[-95.76565,40.58521],[-95.41359,40.03842],[-94.87868,39.82652],[-95.11356,39.55394],[-94.83168,39.21594],[-94.59776,39.10976],[-94.28987,39.23711],[-94.10482,39.14351],[-94.11879,38.83321],[-94.60803,38.84721],[-94.61792,36.49941]]]}},{"type":"Feature","properties":{"diocese_id":"diocese-of-west-tennessee","name":"Episcopal Diocese of West Tennessee","state":"TN","province":"4","counties":["Benton County, TN","Carroll County, TN","Chester County, TN","Crockett County, TN","Decatur County, TN","Dyer County, TN","Fayette County, TN","Gibson County, TN","Hardeman County, TN","Hardin County, TN","Haywood County, TN","Henderson County, TN","Henry County, TN","Lake County, TN","Lauderdale County, TN","Madison County, TN","McNairy County, TN","Obion County, TN","Shelby County, TN","Tipton County, TN","Weakley County, TN"],"source":"Census 2024 county shapes, dissolved, simplified to ~0.08 degree for size","as_of":"2026-10-08","boundary_verified":false},"geometry":{"type":"Polygon","coordinates":[[[-90.31045,35.0027],[-87.98492,35.00588],[-88.03479,35.71726],[-87.92584,35.93043],[-88.02263,35.9695],[-87.91565,36.16075],[-88.05329,36.49713],[-89.53923,36.49793],[-89.51318,36.3599],[-89.62026,36.32301],[-89.53475,36.25258],[-89.70533,36.2399],[-89.59221,36.15012],[-89.73306,36.00081],[-89.64359,35.88974],[-89.95834,35.72656],[-89.85118,35.65743],[-89.90464,35.51935],[-90.0345,35.55263],[-90.00332,35.42963],[-90.10772,35.47693],[-90.17927,35.38519],[-90.08067,35.38566],[-90.16879,35.27909],[-90.06518,35.1394],[-90.31045,35.0027]]]}},{"type":"Feature","properties":{"diocese_id":"diocese-of-west-texas","name":"Episcopal Diocese of West Texas","state":"TX","province":"7","counties":["Aransas County, TX","Atascosa County, TX","Bandera County, TX","Bee County, TX","Bexar County, TX","Blanco County, TX","Brooks County, TX","Caldwell County, TX","Calhoun County, TX","Cameron County, TX","Comal County, TX","Concho County, TX","Crockett County, TX","DeWitt County, TX","Dimmit County, TX","Duval County, TX","Edwards County, TX","Frio County, TX","Gillespie County, TX","Goliad County, TX","Gonzales County, TX","Guadalupe County, TX","Hays County, TX","Hidalgo County, TX","Jackson County, TX","Jim Hogg County, TX","Jim Wells County, TX","Karnes County, TX","Kendall County, TX","Kenedy County, TX","Kerr County, TX","Kimble County, TX","Kinney County, TX","Kleberg County, TX","La Salle County, TX","Lavaca County, TX","Live Oak County, TX","Llano County, TX","Mason County, TX","Maverick County, TX","McCulloch County, TX","McMullen County, TX","Medina County, TX","Menard County, TX","Nueces County, TX","Real County, TX","Refugio County, TX","San Patricio County, TX","San Saba County, TX","Schleicher County, TX","Starr County, TX","Sutton County, TX","Uvalde County, TX","Val Verde County, TX","Victoria County, TX","Webb County, TX","Willacy County, TX","Wilson County, TX","Zapata County, TX","Zavala County, TX"],"source":"Census 2024 county shapes, dissolved, simplified to ~0.08 degree for size","as_of":"2026-10-08"},"geometry":{"type":"MultiPolygon","coordinates":[[[[-99.44609,27.02334],[-99.082,26.39651],[-98.19657,26.05414],[-97.66273,26.03808],[-97.40525,25.83773],[-97.14937,25.95336],[-97.31254,26.12034],[-97.46814,26.7102],[-97.42259,27.26205],[-97.54291,27.22921],[-97.64734,27.27636],[-97.72774,27.26163],[-97.74011,27.27325],[-97.7088,27.38564],[-97.61302,27.28524],[-97.405,27.32998],[-97.24354,27.68923],[-97.51662,27.87142],[-97.26357,27.88081],[-97.22085,27.85026],[-97.22489,27.82668],[-97.20104,27.82128],[-97.07964,27.97554],[-97.07489,27.97487],[-97.08202,27.96311],[-97.07384,27.96076],[-97.08059,27.93195],[-97.07508,27.91935],[-97.02496,28.11331],[-97.22283,28.07735],[-97.01673,28.20333],[-97.02538,28.14963],[-97.00963,28.13469],[-96.97968,28.12536],[-96.96851,28.21996],[-96.91801,28.26937],[-96.96738,28.12325],[-96.78523,28.22954],[-96.82314,28.4703],[-96.62467,28.30354],[-96.41635,28.41387],[-96.88006,28.13107],[-97.03575,27.94043],[-97.04608,27.83954],[-96.37833,28.39078],[-96.30918,28.96329],[-96.65847,29.26388],[-96.56055,29.33544],[-96.865,29.63271],[-97.14326,29.62809],[-98.17298,30.35631],[-98.12556,30.42619],[-98.35104,30.4861],[-98.4556,31.1109],[-98.7284,31.42906],[-99.51148,31.4244],[-99.70573,31.5769],[-100.11123,31.58027],[-100.11522,31.08799],[-102.3888,31.08716],[-101.88344,30.92565],[-101.65423,30.62298],[-101.76092,29.78186],[-101.40307,29.77144],[-101.2549,29.52034],[-100.68053,29.10701],[-100.2914,28.2754],[-99.51222,27.56809],[-99.44609,27.02334]]],[[[-97.19287,26.29],[-97.27188,26.55994],[-97.32591,26.5608],[-97.25714,26.50029],[-97.16932,26.07771],[-97.15371,26.06758],[-97.19287,26.29]]],[[[-97.25727,26.42161],[-97.25109,26.42416],[-97.25596,26.42704],[-97.25727,26.42161]]],[[[-97.30902,26.60404],[-97.36099,27.22324],[-97.05683,27.84199],[-97.36182,27.35906],[-97.39839,26.86789],[-97.30902,26.60404]]],[[[-97.42311,26.74072],[-97.41265,26.75186],[-97.42346,26.75218],[-97.42311,26.74072]]],[[[-97.4035,27.29126],[-97.40053,27.3109],[-97.40564,27.29021],[-97.4035,27.29126]]],[[[-97.40659,27.31565],[-97.39958,27.32452],[-97.40065,27.32547],[-97.40659,27.31565]]],[[[-97.30509,27.49151],[-97.31352,27.49045],[-97.3197,27.4778],[-97.30509,27.49151]]],[[[-97.31543,27.49519],[-97.31245,27.50711],[-97.31745,27.49382],[-97.31543,27.49519]]],[[[-97.24647,27.68248],[-97.21554,27.68283],[-97.22276,27.68592],[-97.24647,27.68248]]],[[[-97.16486,27.76294],[-97.17353,27.75874],[-97.1727,27.75295],[-97.16486,27.76294]]],[[[-97.2073,27.80734],[-97.20409,27.81385],[-97.22049,27.80921],[-97.2073,27.80734]]],[[[-97.18781,27.8128],[-97.17854,27.81837],[-97.19292,27.81533],[-97.18781,27.8128]]],[[[-97.23856,27.83601],[-97.23388,27.82891],[-97.23,27.83004],[-97.23856,27.83601]]],[[[-97.239,27.8398],[-97.25221,27.87122],[-97.26828,27.87274],[-97.239,27.8398]]],[[[-97.14766,27.8161],[-97.15633,27.82167],[-97.16404,27.81806],[-97.14766,27.8161]]],[[[-97.13873,27.85578],[-97.14336,27.84948],[-97.13742,27.84937],[-97.13873,27.85578]]],[[[-97.06121,27.91008],[-97.1299,27.83949],[-97.06097,27.84632],[-97.06121,27.91008]]],[[[-97.14538,27.87659],[-97.14467,27.88089],[-97.15049,27.8749],[-97.14538,27.87659]]],[[[-97.11829,27.89066],[-97.11021,27.89066],[-97.13172,27.89602],[-97.11829,27.89066]]],[[[-97.10898,27.89202],[-97.10292,27.90336],[-97.11172,27.89307],[-97.10898,27.89202]]],[[[-97.1297,27.89749],[-97.12886,27.90505],[-97.13255,27.89885],[-97.1297,27.89749]]],[[[-97.12502,27.91292],[-97.12265,27.91008],[-97.12301,27.9126],[-97.12502,27.91292]]]]}},{"type":"Feature","properties":{"diocese_id":"diocese-of-west-virginia","name":"Episcopal Diocese of West Virginia","state":"WV","province":"3","counties":["Barbour County, WV","Berkeley County, WV","Boone County, WV","Braxton County, WV","Brooke County, WV","Cabell County, WV","Calhoun County, WV","Clay County, WV","Doddridge County, WV","Fayette County, WV","Gilmer County, WV","Grant County, WV","Greenbrier County, WV","Hampshire County, WV","Hancock County, WV","Hardy County, WV","Harrison County, WV","Jackson County, WV","Jefferson County, WV","Kanawha County, WV","Lewis County, WV","Lincoln County, WV","Logan County, WV","Marion County, WV","Marshall County, WV","Mason County, WV","McDowell County, WV","Mercer County, WV","Mineral County, WV","Mingo County, WV","Monongalia County, WV","Monroe County, WV","Morgan County, WV","Nicholas County, WV","Ohio County, WV","Pendleton County, WV","Pleasants County, WV","Pocahontas County, WV","Preston County, WV","Putnam County, WV","Raleigh County, WV","Randolph County, WV","Ritchie County, WV","Roane County, WV","Summers County, WV","Taylor County, WV","Tucker County, WV","Tyler County, WV","Upshur County, WV","Wayne County, WV","Webster County, WV","Wetzel County, WV","Wirt County, WV","Wood County, WV","Wyoming County, WV"],"source":"Census 2024 county shapes, dissolved, simplified to ~0.08 degree for size","as_of":"2026-10-08"},"geometry":{"type":"Polygon","coordinates":[[[-82.5022,37.93305],[-81.67821,37.20148],[-80.46482,37.42614],[-80.29979,37.50827],[-80.29614,37.69178],[-79.64907,38.59152],[-79.28297,38.4181],[-78.99817,38.84735],[-78.86928,38.76299],[-78.4037,39.16745],[-78.34709,39.46601],[-77.82816,39.13233],[-77.76599,39.49572],[-78.17136,39.69561],[-78.47117,39.5161],[-78.76584,39.64849],[-79.48687,39.20596],[-79.47666,39.72108],[-80.51934,39.7214],[-80.51899,40.6388],[-80.62717,40.61994],[-80.5999,40.31767],[-80.88036,39.62071],[-81.68363,39.27094],[-81.81386,39.07928],[-81.76266,38.92412],[-81.89854,38.87458],[-82.03775,39.02387],[-82.22157,38.78719],[-82.17727,38.60378],[-82.33034,38.4445],[-82.59628,38.41768],[-82.64474,38.16549],[-82.5022,37.93305]]]}},{"type":"Feature","properties":{"diocese_id":"diocese-of-western-kansas","name":"Episcopal Diocese of Western Kansas","state":"KS","province":"7","counties":["Barber County, KS","Barton County, KS","Cheyenne County, KS","Clark County, KS","Cloud County, KS","Comanche County, KS","Decatur County, KS","Edwards County, KS","Ellis County, KS","Ellsworth County, KS","Finney County, KS","Ford County, KS","Gove County, KS","Graham County, KS","Grant County, KS","Gray County, KS","Greeley County, KS","Hamilton County, KS","Harper County, KS","Haskell County, KS","Hodgeman County, KS","Jewell County, KS","Kearny County, KS","Kingman County, KS","Kiowa County, KS","Lane County, KS","Lincoln County, KS","Logan County, KS","McPherson County, KS","Meade County, KS","Mitchell County, KS","Morton County, KS","Ness County, KS","Norton County, KS","Osborne County, KS","Ottawa County, KS","Pawnee County, KS","Phillips County, KS","Pratt County, KS","Rawlins County, KS","Reno County, KS","Republic County, KS","Rice County, KS","Rooks County, KS","Rush County, KS","Russell County, KS","Saline County, KS","Scott County, KS","Seward County, KS","Sheridan County, KS","Sherman County, KS","Smith County, KS","Stafford County, KS","Stanton County, KS","Stevens County, KS","Thomas County, KS","Trego County, KS","Wallace County, KS","Wichita County, KS"],"source":"Census 2024 county shapes, dissolved, simplified to ~0.08 degree for size","as_of":"2026-10-08"},"geometry":{"type":"Polygon","coordinates":[[[-102.05174,40.00308],[-102.04209,36.99302],[-97.80231,36.99871],[-97.70184,38.17381],[-97.37175,38.17367],[-97.3692,40.00206],[-102.05174,40.00308]]]}},{"type":"Feature","properties":{"diocese_id":"diocese-of-western-louisiana","name":"Episcopal Diocese of Western Louisiana","state":"LA","province":"7","counties":["Acadia Parish, LA","Allen Parish, LA","Avoyelles Parish, LA","Beauregard Parish, LA","Bienville Parish, LA","Bossier Parish, LA","Caddo Parish, LA","Calcasieu Parish, LA","Caldwell Parish, LA","Cameron Parish, LA","Catahoula Parish, LA","Claiborne Parish, LA","Concordia Parish, LA","De Soto Parish, LA","East Carroll Parish, LA","Evangeline Parish, LA","Franklin Parish, LA","Grant Parish, LA","Iberia Parish, LA","Jackson Parish, LA","Jefferson Davis Parish, LA","Lafayette Parish, LA","Lincoln Parish, LA","Madison Parish, LA","Morehouse Parish, LA","Natchitoches Parish, LA","Ouachita Parish, LA","Rapides Parish, LA","Red River Parish, LA","Richland Parish, LA","Sabine Parish, LA","St. Landry Parish, LA","St. Martin Parish, LA","Tensas Parish, LA","Union Parish, LA","Vermilion Parish, LA","Vernon Parish, LA","Webster Parish, LA","West Carroll Parish, LA","Winn Parish, LA"],"source":"Census 2024 county shapes, dissolved, simplified to ~0.08 degree for size","as_of":"2026-10-08"},"geometry":{"type":"MultiPolygon","coordinates":[[[[-93.90073,29.83697],[-93.83797,29.69062],[-93.21344,29.77562],[-92.32346,29.5315],[-92.0089,29.61294],[-92.20331,29.7534],[-91.88912,29.83602],[-91.85503,29.73882],[-91.47195,29.9563],[-91.38649,29.78368],[-91.10001,29.6994],[-91.22355,30.04079],[-91.4639,30.10268],[-91.75621,30.49813],[-91.82307,30.85635],[-91.7238,31.04425],[-91.56123,31.04622],[-91.65403,31.25575],[-91.51561,31.27821],[-91.57627,31.4105],[-91.47246,31.37133],[-91.52254,31.52208],[-91.40391,31.58977],[-91.51546,31.63037],[-91.26341,31.75447],[-91.34571,31.84286],[-91.25561,31.81266],[-91.00501,32.14285],[-91.16417,32.19689],[-90.99516,32.19212],[-90.87563,32.37243],[-91.11601,32.48314],[-90.9872,32.49566],[-91.0804,32.55644],[-91.01429,32.64048],[-91.15132,32.61592],[-91.09426,32.98437],[-91.17024,32.89939],[-91.16609,33.00429],[-94.04296,33.01922],[-94.04183,31.9924],[-93.82344,31.7751],[-93.83492,31.58621],[-93.50829,31.03235],[-93.74025,30.53957],[-93.6994,30.05925],[-93.90073,29.83697]],[[-92.08028,31.32924],[-92.38444,31.62044],[-92.31252,31.92766],[-92.00562,31.92738],[-92.08028,31.32924]]],[[[-92.01783,29.59096],[-91.82158,29.47393],[-91.70813,29.56884],[-91.90315,29.63735],[-92.01783,29.59096]]]]}},{"type":"Feature","properties":{"diocese_id":"diocese-of-western-massachusetts","name":"Episcopal Diocese of Western Massachusetts","state":"MA","province":"1","counties":["Berkshire County, MA","Franklin County, MA","Hampden County, MA","Hampshire County, MA","Worcester County, MA"],"source":"Census 2024 county shapes, dissolved, simplified to ~0.08 degree for size","as_of":"2026-10-08"},"geometry":{"type":"Polygon","coordinates":[[[-72.20357,42.71959],[-73.26496,42.74594],[-73.49688,42.04968],[-71.49826,42.01722],[-71.47803,42.16587],[-71.60222,42.2181],[-71.4868,42.33019],[-71.62583,42.34972],[-71.53878,42.54303],[-72.20357,42.71959]]]}},{"type":"Feature","properties":{"diocese_id":"diocese-of-western-new-york","name":"Episcopal Diocese of Western New York","state":"NY","province":"2","counties":["Cattaraugus County, NY","Chautauqua County, NY","Erie County, NY","Genesee County, NY","Niagara County, NY","Orleans County, NY","Wyoming County, NY"],"source":"Census 2024 county shapes, dissolved, simplified to ~0.08 degree for size","as_of":"2026-10-08"},"geometry":{"type":"Polygon","coordinates":[[[-78.03826,42.52152],[-77.9956,43.36524],[-79.07047,43.26245],[-78.85345,42.78396],[-79.76195,42.26986],[-79.76137,41.99907],[-78.30813,41.99941],[-78.30884,42.52122],[-78.03826,42.52152]]]}},{"type":"Feature","properties":{"diocese_id":"diocese-of-western-north-carolina","name":"Episcopal Diocese of Western North Carolina","state":"NC","province":"4","counties":["Alexander County, NC","Alleghany County, NC","Ashe County, NC","Avery County, NC","Buncombe County, NC","Burke County, NC","Caldwell County, NC","Catawba County, NC","Cherokee County, NC","Clay County, NC","Cleveland County, NC","Graham County, NC","Haywood County, NC","Henderson County, NC","Jackson County, NC","Macon County, NC","Madison County, NC","McDowell County, NC","Mitchell County, NC","Polk County, NC","Rutherford County, NC","Swain County, NC","Transylvania County, NC","Watauga County, NC","Wilkes County, NC","Yancey County, NC"],"source":"Census 2024 county shapes, dissolved, simplified to ~0.08 degree for size","as_of":"2026-10-08","boundary_verified":false},"geometry":{"type":"Polygon","coordinates":[[[-83.61999,34.98667],[-82.39293,35.2154],[-81.32804,35.16341],[-81.5376,35.56423],[-80.95362,35.55362],[-81.10951,35.77659],[-81.02883,36.04565],[-80.88159,36.05572],[-80.90166,36.56175],[-81.67754,36.58812],[-81.70744,36.33517],[-81.90814,36.30201],[-82.03314,36.12042],[-82.35516,36.11561],[-82.55787,35.9539],[-82.63716,36.0658],[-82.98397,35.77801],[-83.88007,35.51875],[-84.05261,35.26998],[-84.29024,35.22557],[-84.32187,34.98841],[-83.61999,34.98667]]]}},{"type":"Feature","properties":{"diocese_id":"diocese-of-wisconsin","name":"Episcopal Diocese of Wisconsin","state":"WI","province":"5","counties":["Adams County, WI","Ashland County, WI","Barron County, WI","Bayfield County, WI","Brown County, WI","Buffalo County, WI","Burnett County, WI","Calumet County, WI","Chippewa County, WI","Clark County, WI","Columbia County, WI","Crawford County, WI","Dane County, WI","Dodge County, WI","Door County, WI","Douglas County, WI","Dunn County, WI","Eau Claire County, WI","Florence County, WI","Fond du Lac County, WI","Forest County, WI","Grant County, WI","Green County, WI","Green Lake County, WI","Iowa County, WI","Iron County, WI","Jackson County, WI","Jefferson County, WI","Juneau County, WI","Kenosha County, WI","Kewaunee County, WI","La Crosse County, WI","Lafayette County, WI","Langlade County, WI","Lincoln County, WI","Manitowoc County, WI","Marathon County, WI","Marinette County, WI","Marquette County, WI","Menominee County, WI","Milwaukee County, WI","Monroe County, WI","Oconto County, WI","Oneida County, WI","Outagamie County, WI","Ozaukee County, WI","Pepin County, WI","Pierce County, WI","Polk County, WI","Portage County, WI","Price County, WI","Racine County, WI","Richland County, WI","Rock County, WI","Rusk County, WI","Sauk County, WI","Sawyer County, WI","Shawano County, WI","Sheboygan County, WI","St. Croix County, WI","Taylor County, WI","Trempealeau County, WI","Vernon County, WI","Vilas County, WI","Walworth County, WI","Washburn County, WI","Washington County, WI","Waukesha County, WI","Waupaca County, WI","Waushara County, WI","Winnebago County, WI","Wood County, WI"],"source":"Census 2024 county shapes, dissolved, simplified to ~0.08 degree for size","as_of":"2026-10-08"},"geometry":{"type":"MultiPolygon","coordinates":[[[[-90.43717,42.50715],[-87.80209,42.49258],[-87.75791,42.78214],[-87.91179,43.25041],[-87.70269,43.6876],[-87.73626,43.88102],[-87.5129,44.19281],[-87.46809,44.55192],[-86.97246,45.28412],[-87.06744,45.29582],[-87.16977,45.15286],[-87.23768,45.16817],[-87.38426,44.83124],[-87.61006,44.83838],[-88.00243,44.53866],[-88.04955,44.5656],[-87.83926,44.93276],[-87.58739,45.08708],[-87.73651,45.17339],[-87.65735,45.36875],[-87.88805,45.3547],[-87.78223,45.68305],[-88.12946,45.80929],[-88.10291,45.92187],[-90.12049,46.33685],[-90.21659,46.50176],[-90.75343,46.70383],[-90.94449,46.58766],[-90.75103,46.88796],[-90.85587,46.96223],[-91.79013,46.69467],[-92.11659,46.74864],[-92.29219,46.66604],[-92.29403,46.07438],[-92.86919,45.71757],[-92.88375,45.57548],[-92.6466,45.44163],[-92.80799,44.75147],[-91.36664,43.93746],[-91.21477,43.36587],[-91.05792,43.25537],[-91.17946,43.06743],[-91.06468,42.75091],[-90.43717,42.50715]]],[[[-90.80688,46.72926],[-90.77366,46.723],[-90.78442,46.72937],[-90.80688,46.72926]]],[[[-91.03728,46.94557],[-91.03558,46.94132],[-91.03422,46.94525],[-91.03728,46.94557]]],[[[-90.79078,46.97043],[-90.79755,46.9795],[-90.80522,46.97006],[-90.79078,46.97043]]],[[[-90.93196,46.96312],[-90.9821,46.98586],[-90.98032,46.97158],[-90.93196,46.96312]]],[[[-90.85968,46.97639],[-90.87585,46.9921],[-90.87907,46.98889],[-90.85968,46.97639]]],[[[-90.74015,47.00996],[-90.77493,47.02452],[-90.7708,47.00505],[-90.74015,47.00996]]],[[[-90.61645,46.87447],[-90.78789,46.75277],[-90.56887,46.84725],[-90.61645,46.87447]]],[[[-90.72051,46.86568],[-90.75785,46.85041],[-90.7599,46.8309],[-90.72051,46.86568]]],[[[-90.47556,46.87509],[-90.49701,46.88602],[-90.51429,46.87427],[-90.47556,46.87509]]],[[[-90.68967,46.87897],[-90.67791,46.89586],[-90.70263,46.88396],[-90.68967,46.87897]]],[[[-90.5288,46.9685],[-90.65075,46.91422],[-90.50863,46.95769],[-90.5288,46.9685]]],[[[-90.71207,46.95529],[-90.7367,46.91344],[-90.68899,46.91746],[-90.71207,46.95529]]],[[[-90.64081,46.96566],[-90.65492,46.97693],[-90.67844,46.95643],[-90.64081,46.96566]]],[[[-90.66921,46.99894],[-90.70209,47.00489],[-90.71203,46.98526],[-90.66921,46.99894]]],[[[-90.61745,46.98943],[-90.60933,47.00805],[-90.62721,47.00261],[-90.61745,46.98943]]],[[[-90.55893,46.99677],[-90.5622,47.03993],[-90.57551,47.03386],[-90.55893,46.99677]]],[[[-90.64452,47.02527],[-90.64083,47.04005],[-90.65143,47.03269],[-90.64452,47.02527]]],[[[-90.64866,47.05313],[-90.68868,47.04322],[-90.69281,47.02337],[-90.64866,47.05313]]],[[[-90.39325,47.06885],[-90.45745,47.01278],[-90.46524,46.99759],[-90.39325,47.06885]]],[[[-90.58473,47.06259],[-90.58831,47.07502],[-90.58943,47.05895],[-90.58473,47.06259]]],[[[-90.73004,47.06561],[-90.72399,47.07794],[-90.73086,47.08001],[-90.73004,47.06561]]],[[[-87.9905,44.60403],[-87.98132,44.59695],[-87.98927,44.60464],[-87.9905,44.60403]]],[[[-88.00059,44.61075],[-87.99154,44.60491],[-88.00554,44.61647],[-88.00059,44.61075]]],[[[-87.49283,45.05573],[-87.49715,45.06114],[-87.50507,45.0598],[-87.49283,45.05573]]],[[[-87.26365,45.15708],[-87.2687,45.15918],[-87.26829,45.15707],[-87.26365,45.15708]]],[[[-87.20712,45.17999],[-87.21206,45.17699],[-87.20724,45.17764],[-87.20712,45.17999]]],[[[-87.33507,45.21125],[-87.37697,45.17817],[-87.33263,45.16092],[-87.33507,45.21125]]],[[[-86.95091,45.30216],[-86.9476,45.31232],[-86.96051,45.31106],[-86.95091,45.30216]]],[[[-86.93739,45.42097],[-86.89989,45.29518],[-86.83785,45.39372],[-86.93739,45.42097]]],[[[-86.82956,45.40592],[-86.81006,45.42262],[-86.82866,45.42854],[-86.82956,45.40592]]]]}},{"type":"Feature","properties":{"diocese_id":"diocese-of-wyoming","name":"Episcopal Diocese of Wyoming","state":"WY","province":"6","counties":["Albany County, WY","Big Horn County, WY","Campbell County, WY","Carbon County, WY","Converse County, WY","Crook County, WY","Fremont County, WY","Goshen County, WY","Hot Springs County, WY","Johnson County, WY","Laramie County, WY","Lincoln County, WY","Natrona County, WY","Niobrara County, WY","Park County, WY","Platte County, WY","Sheridan County, WY","Sublette County, WY","Sweetwater County, WY","Teton County, WY","Uinta County, WY","Washakie County, WY","Weston County, WY"],"source":"Census 2024 county shapes, dissolved, simplified to ~0.08 degree for size","as_of":"2026-10-08"},"geometry":{"type":"Polygon","coordinates":[[[-111.05456,45.00095],[-111.04672,40.99796],[-104.05325,41.00141],[-104.05788,44.99761],[-111.05456,45.00095]]]}}]}